Name,Type,Pu,Unit,UUID,Values,0,1,2,3,4,5,6,7,8,9,10,11,12,13,14,15,16,17,18,19,20,21,22,23,24,25,26,27,28,29,30,31,32,33,34,35,36,37,38,39,40,41,42,43,44,45,46,47,48,49,50,51,52,53,54,55,56,57,58,59,60,61,62,63,64,65,66,67,68,69,70,71,72,73,74,75,76,77,78,79,80,81,82,83,84,85,86,87,88,89,90,91,92,93,94,95,96,97,98,99,100,101,102,103,104,105,106,107,108,109,110,111,112,113,114,115,116,117,118,119,120,121,122,123,124,125,126,127,128,129,130,131,132,133,134,135,136,137,138,139,140,141,142,143,144,145,146,147,148,149,150,151,152,153,154,155,156,157,158,159,160,161,162,163,164,165,166,167,168,169,170,171,172,173,174,175,176,177,178,179,180,181,182,183,184,185,186,187,188,189,190,191,192,193,194,195,196,197,198,199,200,201,202,203,204,205,206,207,208,209,210,211,212,213,214,215,216,217,218,219,220,221,222,223,224,225,226,227,228,229,230,231,232,233,234,235,236,237,238,239,240,241,242,243,244,245,246,247,248,249,250,251,252,253,254,255,256,257,258,259,260,261,262,263,264,265,266,267,268,269,270,271,272,273,274,275,276,277,278,279
V1A_rms,1,False,kV,_2f314e3b-57eb-5d60-831d-99c69a1c0d81,,7.30892,7.30892,7.30892,7.30892,7.30892,7.30892,7.30892,7.30892,7.30892,7.30892,7.30892,7.30892,7.30892,7.30892,7.30892,7.30892,7.30892,7.30892,7.30892,7.30892,7.30892,7.30892,7.30892,7.30892,7.30892,7.30892,7.30892,7.30892,7.30892,7.30892,7.30892,7.30892,7.30892,7.30892,7.30892,7.305133,7.305133,7.304126,7.304124,7.304123,7.304123,7.304123,7.304123,7.304123,7.304123,7.304123,7.304123,7.304123,7.304123,7.304123,7.304123,7.304123,7.304123,7.304123,7.304123,7.304123,7.304123,7.304123,7.304123,7.304123,7.304123,7.304123,7.304123,7.304123,7.304123,7.304123,7.304123,7.304123,7.304123,7.304123,7.304123,7.304123,7.304123,7.304123,7.304123,7.304123,7.304123,7.304123,7.304123,7.304123,7.304123,7.304123,7.304123,7.304123,7.304123,7.304123,7.304123,7.304123,7.304123,7.304123,7.304123,7.304123,7.304123,7.304123,7.304123,7.304123,7.304123,7.304123,7.304123,7.304123,7.304123,7.304123,7.304123,7.304123,7.304123,7.304123,7.304123,7.304123,7.304123,7.304123,7.304123,7.304123,7.304123,7.304123,7.304123,7.304123,7.304123,7.304123,7.304123,7.304123,7.304123,7.304123,7.304123,7.304123,7.304123,7.304123,7.304123,7.304123,7.304123,7.304123,7.304123,7.304123,7.304123,7.304123,7.304123,7.304123,7.304123,7.304123,7.304123,7.304123,7.304123,7.304123,7.304123,7.304123,7.304123,7.304123,7.304123,7.304123,7.304123,7.304123,7.304123,7.304123,7.304123,7.304123,7.304123,7.304123,7.304123,7.304123,7.304123,7.304123,7.304123,7.304123,7.304123,7.304123,7.304123,7.304123,7.304123,7.304123,7.304123,7.304123,7.304123,7.304123,7.304123,7.304123,7.304123,7.304123,7.304123,7.304123,7.304123,7.304123,7.304123,7.304123,7.304123,7.304123,7.304123,7.304123,7.304123,7.304123,7.304123,7.304123,7.304123,7.304123,7.304123,7.304123,7.304123,7.304123,7.304123,7.304123,7.304123,7.304123,7.304123,7.304123,7.304123,7.304123,7.304123,7.304123,7.304123,7.304123,7.304123,7.304123,7.304123,7.304123,7.304123,7.304123,7.304123,7.304123,7.304123,7.304123,7.304123,7.304123,7.304123,7.304123,7.304123,7.304123,7.304123,7.304123,7.304123,7.304123,7.304123,7.304123,7.304123,7.304123,7.304123,7.304123,7.304123,7.304123,7.304123,7.304123,7.304123,7.304123,7.308898,7.308917,7.30892,7.30892,7.30892,7.30892,7.30892,7.30892,7.30892,7.30892,7.30892,7.30892,7.30892,7.30892,7.30892,7.30892,7.30892,7.30892,7.30892,7.30892,7.30892,7.30892,7.30892,7.30892,7.30892,7.30892,7.30892,7.30892,7.30892,7.30892,7.30892,7.30892,7.30892,7.30892,7.30892,7.30892,7.30892,7.30892,7.30892,7.30892
V2A_rms,1,False,kV,_38c82309-1d7f-5e7c-b41e-09c7d6d37071,,7.271801,7.271801,7.271801,7.271801,7.271801,7.271801,7.271801,7.271801,7.271801,7.271801,7.271801,7.271801,7.271801,7.271801,7.271801,7.271801,7.271801,7.271801,7.271801,7.271801,7.271801,7.271801,7.271801,7.271801,7.271801,7.271801,7.271801,7.271801,7.271801,7.271801,7.271801,7.271801,7.271801,7.271801,7.271801,6.757586,6.757586,6.670377,6.670202,6.670169,6.670167,6.670166,6.670165,6.670164,6.670163,6.670163,6.670161,6.670161,6.67016,6.670159,6.670159,6.670159,6.670158,6.670158,6.670158,6.670158,6.670157,6.670157,6.670157,6.670157,6.670157,6.670157,6.670157,6.670156,6.670156,6.670156,6.670156,6.670156,6.670156,6.670156,6.670156,6.670156,6.670156,6.670156,6.670156,6.670156,6.670156,6.670156,6.670156,6.670156,6.670156,6.670156,6.670156,6.670156,6.670156,6.670156,6.670156,6.670156,6.670156,6.670156,6.670156,6.670156,6.670156,6.670156,6.670156,6.670156,6.670156,6.670156,6.670156,6.670156,6.670156,6.670156,6.670156,6.670156,6.670156,6.670155,6.670156,6.670156,6.670155,6.670155,6.670156,6.670155,6.670155,6.670155,6.670155,6.670155,6.670155,6.670155,6.670155,6.670155,6.670155,6.670155,6.670155,6.670155,6.670155,6.670155,6.670155,6.670155,6.670155,6.670155,6.670155,6.670155,6.670155,6.670155,6.670155,6.670155,6.670155,6.670155,6.670155,6.670155,6.670155,6.670155,6.670155,6.670155,6.670155,6.670155,6.670155,6.670155,6.670155,6.670155,6.670155,6.670155,6.670155,6.670155,6.670155,6.670155,6.670155,6.670155,6.670155,6.670155,6.670155,6.670155,6.670155,6.670155,6.670155,6.670155,6.670155,6.670155,6.670155,6.670155,6.670155,6.670155,6.670155,6.670155,6.670155,6.670155,6.670155,6.670155,6.670155,6.670155,6.670155,6.670155,6.670155,6.670155,6.670155,6.670155,6.670155,6.670155,6.670155,6.670155,6.670155,6.670155,6.670155,6.670155,6.670155,6.670155,6.670155,6.670155,6.670155,6.670155,6.670155,6.670155,6.670155,6.670155,6.670155,6.670155,6.670155,6.670155,6.670155,6.670155,6.670155,6.670155,6.670155,6.670155,6.670155,6.670155,6.670155,6.670155,6.670155,6.670155,6.670155,6.670155,6.670155,6.670155,6.670155,6.670155,6.670155,6.670155,6.670155,6.670155,6.670155,6.670155,6.670155,6.670155,6.670155,6.670155,6.670155,6.670155,6.670155,6.670155,7.269803,7.271606,7.271861,7.271861,7.271836,7.271832,7.27183,7.271828,7.271824,7.271822,7.271821,7.271817,7.271816,7.271813,7.271811,7.271811,7.27181,7.271809,7.271808,7.271808,7.271807,7.271807,7.271807,7.271805,7.271803,7.271803,7.271803,7.271803,7.271803,7.271803,7.271803,7.271803,7.271802,7.271802,7.271802,7.271802,7.271802,7.271802,7.271802,7.271802
V3A_rms,1,False,kV,_8cfa0329-80eb-5ce6-abcb-2de22c2d216c,,7.126481,7.126481,7.126481,7.126481,7.126481,7.126481,7.126481,7.126481,7.126481,7.126481,7.126481,7.126481,7.126481,7.126481,7.126481,7.126481,7.126481,7.126481,7.126481,7.126481,7.126481,7.126481,7.126481,7.126481,7.126481,7.126481,7.126481,7.126481,7.126481,7.126481,7.126481,7.126481,7.126481,7.126481,7.126481,4.183661,4.183661,3.51355,3.512683,3.512515,3.512505,3.512498,3.512492,3.512486,3.512481,3.512477,3.512469,3.512466,3.512463,3.512458,3.512454,3.512454,3.512452,3.51245,3.512449,3.512447,3.512446,3.512446,3.512445,3.512444,3.512444,3.512442,3.512442,3.512442,3.512442,3.512442,3.512441,3.51244,3.51244,3.512439,3.512439,3.512439,3.512438,3.512438,3.512438,3.512438,3.512437,3.512437,3.512437,3.512437,3.512436,3.512435,3.512435,3.512435,3.512435,3.512435,3.512434,3.512434,3.512434,3.512434,3.512434,3.512434,3.512434,3.512434,3.512434,3.512434,3.512434,3.512434,3.512434,3.512434,3.512434,3.512434,3.512434,3.512434,3.512434,3.512434,3.512434,3.512433,3.512433,3.512433,3.512433,3.512433,3.512433,3.512433,3.512433,3.512433,3.512433,3.512433,3.512433,3.512433,3.512433,3.512433,3.512433,3.512433,3.512433,3.512433,3.512433,3.512433,3.512433,3.512433,3.512433,3.512433,3.512433,3.512433,3.512433,3.512433,3.512433,3.512433,3.512433,3.512433,3.512433,3.512433,3.512433,3.512433,3.512433,3.512433,3.512433,3.512433,3.512433,3.512433,3.512433,3.512433,3.512433,3.512433,3.512432,3.512432,3.512432,3.512432,3.512432,3.512432,3.512432,3.512432,3.512432,3.512432,3.512432,3.512432,3.512432,3.512432,3.512432,3.512432,3.512432,3.512432,3.512432,3.512432,3.512432,3.512432,3.512432,3.512432,3.512432,3.512432,3.512432,3.512432,3.512432,3.512432,3.512432,3.512432,3.512432,3.512432,3.512432,3.512432,3.512432,3.512432,3.512432,3.512432,3.512432,3.512432,3.512432,3.512432,3.512432,3.512432,3.512432,3.512432,3.512432,3.512432,3.512432,3.512432,3.512432,3.512432,3.512432,3.512432,3.512432,3.512432,3.512432,3.512432,3.512432,3.512432,3.512432,3.512432,3.512432,3.512432,3.512432,3.512432,3.512432,3.512432,3.512432,3.512432,3.512432,3.512432,3.512432,3.512432,3.512432,3.512432,3.512432,3.512432,3.512432,3.512432,3.512432,3.512432,3.512432,3.512432,7.115471,7.124959,7.126452,7.126452,7.126698,7.126672,7.126657,7.126644,7.126619,7.126608,7.126598,7.126572,7.126565,7.126552,7.126541,7.126536,7.126532,7.126524,7.126517,7.126517,7.126514,7.126512,7.12651,7.126502,7.126492,7.126492,7.126489,7.126489,7.126489,7.126488,7.126487,7.126487,7.126486,7.126486,7.126486,7.126486,7.126485,7.126485,7.126485,7.126485
V4A_rms,1,False,kV,_e9f0016a-b8b8-5c13-bdac-c25cc7e3ae32,,7.052989,7.052989,7.052989,7.052989,7.052989,7.052989,7.052989,7.052989,7.052989,7.052989,7.052989,7.052989,7.052989,7.052989,7.052989,7.052989,7.052989,7.052989,7.052989,7.052989,7.052989,7.052989,7.052989,7.052989,7.052989,7.052989,7.052989,7.052989,7.052989,7.052989,7.052989,7.052989,7.052989,7.052989,7.052989,4.138227,4.138227,3.466754,3.464999,3.464652,3.464628,3.464612,3.464598,3.464585,3.464574,3.464564,3.464546,3.464539,3.464532,3.46452,3.464511,3.464511,3.464507,3.464503,3.4645,3.464497,3.464494,3.464494,3.464492,3.464489,3.464489,3.464486,3.464486,3.464484,3.464484,3.464484,3.464482,3.464481,3.46448,3.464479,3.464478,3.464478,3.464477,3.464477,3.464476,3.464475,3.464474,3.464474,3.464473,3.464473,3.464472,3.46447,3.464469,3.464469,3.464469,3.464469,3.464469,3.464468,3.464468,3.464468,3.464468,3.464468,3.464468,3.464468,3.464468,3.464468,3.464468,3.464468,3.464468,3.464467,3.464467,3.464467,3.464467,3.464467,3.464467,3.464467,3.464467,3.464467,3.464467,3.464467,3.464467,3.464466,3.464466,3.464466,3.464466,3.464466,3.464466,3.464466,3.464466,3.464466,3.464466,3.464466,3.464466,3.464466,3.464466,3.464466,3.464466,3.464466,3.464466,3.464466,3.464466,3.464466,3.464466,3.464466,3.464466,3.464466,3.464466,3.464466,3.464466,3.464466,3.464466,3.464466,3.464466,3.464466,3.464466,3.464466,3.464466,3.464466,3.464465,3.464465,3.464465,3.464465,3.464465,3.464465,3.464465,3.464465,3.464465,3.464465,3.464465,3.464465,3.464465,3.464465,3.464465,3.464465,3.464465,3.464465,3.464465,3.464465,3.464465,3.464465,3.464465,3.464465,3.464465,3.464465,3.464465,3.464465,3.464465,3.464465,3.464465,3.464465,3.464465,3.464465,3.464465,3.464465,3.464465,3.464465,3.464465,3.464465,3.464465,3.464465,3.464465,3.464465,3.464465,3.464465,3.464465,3.464465,3.464465,3.464465,3.464465,3.464465,3.464465,3.464465,3.464465,3.464465,3.464465,3.464465,3.464465,3.464465,3.464465,3.464465,3.464465,3.464465,3.464465,3.464465,3.464465,3.464465,3.464465,3.464465,3.464465,3.464465,3.464465,3.464465,3.464465,3.464465,3.464465,3.464465,3.464465,3.464465,3.464465,3.464465,3.464465,3.464465,3.464465,3.464465,3.464465,3.464465,3.464465,3.464465,3.464465,3.464465,7.037819,7.050882,7.052994,7.052994,7.053339,7.053295,7.05327,7.053247,7.053207,7.053189,7.053173,7.053131,7.053119,7.053098,7.053081,7.053073,7.053066,7.053054,7.053044,7.053044,7.05304,7.053036,7.053032,7.05302,7.053005,7.053004,7.053,7.053,7.052999,7.052999,7.052998,7.052997,7.052996,7.052996,7.052996,7.052995,7.052995,7.052994,7.052994,7.052994
V5A_rms,1,False,kV,_ebb6bf0b-3921-514a-aeb3-529a2dc7d0a5,,6.989571,6.989571,6.989571,6.989571,6.989571,6.989571,6.989571,6.989571,6.989571,6.989571,6.989571,6.989571,6.989571,6.989571,6.989571,6.989571,6.989571,6.989571,6.989571,6.989571,6.989571,6.989571,6.989571,6.989571,6.989571,6.989571,6.989571,6.989571,6.989571,6.989571,6.989571,6.989571,6.989571,6.989571,6.989571,4.099205,4.099205,3.4266,3.424088,3.423584,3.423547,3.423521,3.423499,3.42348,3.423462,3.423446,3.423419,3.423408,3.423398,3.42338,3.423366,3.423366,3.42336,3.423354,3.423349,3.423345,3.423341,3.423341,3.423337,3.423333,3.423333,3.423328,3.423328,3.423325,3.423325,3.423325,3.423323,3.423321,3.423319,3.423317,3.423316,3.423316,3.423315,3.423315,3.423313,3.423312,3.423311,3.42331,3.423309,3.423309,3.423307,3.423304,3.423304,3.423304,3.423304,3.423303,3.423303,3.423303,3.423303,3.423303,3.423302,3.423302,3.423302,3.423302,3.423302,3.423302,3.423302,3.423301,3.423301,3.423301,3.423301,3.423301,3.423301,3.423301,3.423301,3.423301,3.423301,3.423301,3.423301,3.423301,3.423301,3.4233,3.4233,3.4233,3.4233,3.4233,3.4233,3.4233,3.4233,3.4233,3.4233,3.4233,3.4233,3.4233,3.4233,3.4233,3.4233,3.4233,3.4233,3.4233,3.4233,3.4233,3.4233,3.4233,3.4233,3.4233,3.4233,3.4233,3.4233,3.4233,3.4233,3.4233,3.4233,3.4233,3.4233,3.4233,3.4233,3.4233,3.4233,3.4233,3.4233,3.4233,3.4233,3.4233,3.423299,3.423299,3.423299,3.423299,3.423299,3.423299,3.423299,3.423299,3.423299,3.423299,3.423299,3.423299,3.423299,3.423299,3.423299,3.423299,3.423299,3.423299,3.423299,3.423299,3.423299,3.423299,3.423299,3.423299,3.423299,3.423299,3.423299,3.423299,3.423299,3.423299,3.423299,3.423299,3.423299,3.423299,3.423299,3.423299,3.423299,3.423299,3.423299,3.423299,3.423299,3.423299,3.423299,3.423299,3.423299,3.423299,3.423299,3.423299,3.423299,3.423299,3.423299,3.423299,3.423299,3.423299,3.423299,3.423299,3.423299,3.423299,3.423299,3.423299,3.423299,3.423299,3.423299,3.423299,3.423299,3.423299,3.423299,3.423299,3.423299,3.423299,3.423299,3.423299,3.423299,3.423299,3.423299,3.423299,3.423299,3.423299,3.423299,3.423299,3.423299,3.423299,3.423299,3.423299,3.423299,3.423299,6.970822,6.986967,6.989614,6.989614,6.990044,6.98998,6.989946,6.989914,6.989859,6.989834,6.989812,6.989755,6.989739,6.989712,6.989689,6.989678,6.989669,6.989653,6.98964,6.98964,6.989634,6.989629,6.989624,6.989608,6.989588,6.989587,6.989583,6.989583,6.989582,6.98958,6.98958,6.989578,6.989577,6.989577,6.989577,6.989576,6.989576,6.989575,6.989575,6.989575
V6A_rms,1,False,kV,_2248cb01-e4ac-573f-a813-5d675310820f,,6.869753,6.869753,6.869753,6.869753,6.869753,6.869753,6.869753,6.869753,6.869753,6.869753,6.869753,6.869753,6.869753,6.869753,6.869753,6.869753,6.869753,6.869753,6.869753,6.869753,6.869753,6.869753,6.869753,6.869753,6.869753,6.869753,6.869753,6.869753,6.869753,6.869753,6.869753,6.869753,6.869753,6.869753,6.869753,4.024072,4.024072,3.350755,3.347126,3.346369,3.346307,3.346262,3.346223,3.346189,3.346158,3.346131,3.346085,3.346066,3.346049,3.346019,3.345995,3.345995,3.345985,3.345976,3.345968,3.345961,3.345954,3.345954,3.345948,3.345943,3.345943,3.345933,3.345933,3.345929,3.345929,3.345929,3.345926,3.345922,3.34592,3.345917,3.345914,3.345914,3.345912,3.345912,3.34591,3.345909,3.345907,3.345906,3.345904,3.345904,3.345901,3.345897,3.345896,3.345896,3.345896,3.345895,3.345895,3.345895,3.345894,3.345894,3.345894,3.345894,3.345893,3.345893,3.345893,3.345893,3.345893,3.345893,3.345893,3.345893,3.345892,3.345892,3.345892,3.345892,3.345892,3.345892,3.345892,3.345892,3.345892,3.345892,3.345892,3.345892,3.345892,3.345892,3.345892,3.345892,3.345892,3.345892,3.345892,3.345892,3.345892,3.345892,3.345892,3.345892,3.345892,3.345892,3.345892,3.345892,3.345892,3.345892,3.345892,3.345892,3.345892,3.345892,3.345892,3.345892,3.345892,3.345892,3.345892,3.345892,3.345892,3.345892,3.345892,3.345892,3.345892,3.345892,3.345892,3.345892,3.345892,3.345892,3.345892,3.345892,3.345892,3.345892,3.345892,3.345892,3.345892,3.345892,3.345892,3.345892,3.345892,3.345892,3.345892,3.345892,3.345892,3.345892,3.345892,3.345892,3.345892,3.345892,3.345892,3.345892,3.345892,3.345892,3.345892,3.345892,3.345892,3.345892,3.345892,3.345892,3.345892,3.345892,3.345892,3.345892,3.345892,3.345892,3.345892,3.345892,3.345892,3.345892,3.345892,3.345892,3.345892,3.345892,3.345892,3.345892,3.345892,3.345892,3.345892,3.345892,3.345892,3.345892,3.345892,3.345892,3.345892,3.345892,3.345892,3.345892,3.345892,3.345892,3.345892,3.345892,3.345892,3.345892,3.345892,3.345892,3.345892,3.345892,3.345892,3.345892,3.345892,3.345892,3.345892,3.345892,3.345892,3.345892,3.345892,3.345892,3.345892,3.345892,3.345892,3.345892,3.345892,3.345892,3.345892,3.345892,3.345892,3.345892,3.345892,3.345892,6.845267,6.866427,6.869901,6.869901,6.87045,6.870349,6.870297,6.870249,6.870166,6.870129,6.870096,6.870012,6.869989,6.869949,6.869915,6.869901,6.869888,6.869864,6.869845,6.869845,6.869837,6.869829,6.869822,6.8698,6.869772,6.86977,6.869764,6.869764,6.869763,6.869761,6.86976,6.869759,6.869757,6.869757,6.869756,6.869756,6.869755,6.869755,6.869754,6.869754
V7A_rms,1,False,kV,_f6849451-1b54-5b7c-bc67-4c766345b423,,6.864884,6.864884,6.864884,6.864884,6.864884,6.864884,6.864884,6.864884,6.864884,6.864884,6.864884,6.864884,6.864884,6.864884,6.864884,6.864884,6.864884,6.864884,6.864884,6.864884,6.864884,6.864884,6.864884,6.864884,6.864884,6.864884,6.864884,6.864884,6.864884,6.864884,6.864884,6.864884,6.864884,6.864884,6.864884,4.020819,4.020819,3.347638,3.343994,3.343237,3.343174,3.343128,3.343088,3.343054,3.343023,3.342995,3.342949,3.342929,3.342911,3.342882,3.342858,3.342858,3.342847,3.342838,3.34283,3.342822,3.342815,3.342815,3.342809,3.342804,3.342804,3.342794,3.342794,3.34279,3.34279,3.34279,3.342787,3.342783,3.34278,3.342778,3.342775,3.342775,3.342773,3.342773,3.342771,3.342769,3.342767,3.342766,3.342765,3.342765,3.342762,3.342757,3.342757,3.342756,3.342756,3.342756,3.342756,3.342755,3.342755,3.342755,3.342754,3.342754,3.342754,3.342754,3.342754,3.342753,3.342753,3.342753,3.342753,3.342753,3.342753,3.342753,3.342753,3.342753,3.342752,3.342752,3.342752,3.342752,3.342752,3.342752,3.342752,3.342752,3.342752,3.342752,3.342752,3.342752,3.342752,3.342752,3.342752,3.342752,3.342752,3.342752,3.342752,3.342752,3.342752,3.342752,3.342752,3.342752,3.342752,3.342752,3.342752,3.342752,3.342752,3.342752,3.342752,3.342752,3.342752,3.342752,3.342752,3.342752,3.342752,3.342752,3.342752,3.342752,3.342752,3.342752,3.342752,3.342752,3.342752,3.342752,3.342752,3.342752,3.342752,3.342752,3.342752,3.342752,3.342752,3.342752,3.342752,3.342752,3.342752,3.342752,3.342752,3.342752,3.342752,3.342752,3.342752,3.342752,3.342752,3.342752,3.342752,3.342752,3.342752,3.342752,3.342752,3.342752,3.342752,3.342752,3.342752,3.342752,3.342752,3.342752,3.342752,3.342752,3.342752,3.342752,3.342752,3.342752,3.342752,3.342752,3.342752,3.342752,3.342752,3.342752,3.342752,3.342752,3.342752,3.342752,3.342752,3.342752,3.342752,3.342752,3.342752,3.342752,3.342752,3.342752,3.342752,3.342752,3.342752,3.342752,3.342752,3.342752,3.342752,3.342752,3.342752,3.342752,3.342752,3.342752,3.342752,3.342752,3.342752,3.342752,3.342752,3.342752,3.342752,3.342752,3.342752,3.342752,3.342752,3.342752,3.342752,3.342752,3.342752,3.342752,3.342752,3.342752,3.342752,3.342752,3.342752,3.342752,6.84037,6.86156,6.865037,6.865037,6.865586,6.865485,6.865432,6.865384,6.8653,6.865263,6.86523,6.865146,6.865122,6.865082,6.865048,6.865033,6.86502,6.864996,6.864977,6.864977,6.864968,6.864961,6.864954,6.864931,6.864903,6.864901,6.864895,6.864895,6.864894,6.864892,6.864891,6.86489,6.864888,6.864888,6.864887,6.864887,6.864886,6.864886,6.864885,6.864885
V8A_rms,1,False,kV,_7ee8d88c-1a83-5ce2-8056-333aa196ba71,,7.267357,7.267357,7.267357,7.267357,7.267357,7.267357,7.267357,7.267357,7.267357,7.267357,7.267357,7.267357,7.267357,7.267357,7.267357,7.267357,7.267357,7.267357,7.267357,7.267357,7.267357,7.267357,7.267357,7.267357,7.267357,7.267357,7.267357,7.267357,7.267357,7.267357,7.267357,7.267357,7.267357,7.267357,7.267357,6.753346,6.753346,6.666064,6.665879,6.665844,6.665843,6.665842,6.665841,6.66584,6.665839,6.665838,6.665837,6.665836,6.665836,6.665835,6.665834,6.665834,6.665834,6.665834,6.665833,6.665833,6.665833,6.665833,6.665833,6.665833,6.665833,6.665833,6.665833,6.665832,6.665832,6.665832,6.665832,6.665832,6.665832,6.665832,6.665832,6.665832,6.665832,6.665832,6.665832,6.665832,6.665832,6.665832,6.665832,6.665832,6.665831,6.665831,6.665831,6.665831,6.665831,6.665831,6.665831,6.665831,6.665831,6.665831,6.665831,6.665831,6.665831,6.665831,6.665831,6.665831,6.665831,6.665831,6.665831,6.665831,6.665831,6.665831,6.665831,6.665831,6.665831,6.665831,6.665831,6.665831,6.665831,6.665831,6.665831,6.665831,6.665831,6.665831,6.665831,6.665831,6.665831,6.665831,6.665831,6.665831,6.665831,6.665831,6.665831,6.665831,6.665831,6.665831,6.665831,6.665831,6.665831,6.665831,6.665831,6.665831,6.665831,6.665831,6.665831,6.665831,6.665831,6.665831,6.665831,6.665831,6.665831,6.665831,6.665831,6.665831,6.665831,6.665831,6.665831,6.665831,6.665831,6.665831,6.665831,6.665831,6.665831,6.665831,6.665831,6.665831,6.665831,6.665831,6.665831,6.665831,6.665831,6.665831,6.665831,6.665831,6.665831,6.665831,6.665831,6.665831,6.665831,6.665831,6.665831,6.665831,6.665831,6.665831,6.665831,6.665831,6.665831,6.665831,6.665831,6.665831,6.665831,6.665831,6.665831,6.665831,6.665831,6.665831,6.665831,6.665831,6.665831,6.665831,6.665831,6.665831,6.665831,6.665831,6.665831,6.665831,6.665831,6.665831,6.665831,6.665831,6.665831,6.665831,6.665831,6.665831,6.665831,6.665831,6.665831,6.665831,6.665831,6.665831,6.665831,6.665831,6.665831,6.665831,6.665831,6.665831,6.665831,6.665831,6.665831,6.665831,6.665831,6.665831,6.66583,6.66583,6.665831,6.665831,6.665831,6.665831,6.665831,6.665831,6.665831,6.665831,6.665831,6.665831,6.665831,6.66583,6.66583,6.66583,6.665831,6.665831,7.265473,7.267078,7.267347,7.267347,7.267393,7.267389,7.267387,7.267385,7.267381,7.267379,7.267377,7.267373,7.267372,7.26737,7.267368,7.267367,7.267366,7.267365,7.267364,7.267364,7.267364,7.267363,7.267363,7.267362,7.26736,7.26736,7.267359,7.267359,7.267359,7.267359,7.267359,7.267359,7.267359,7.267359,7.267359,7.267359,7.267359,7.267358,7.267358,7.267358
V9A_rms,1,False,kV,_26a560cd-5d87-5dd7-b588-cb2d8efa50ce,,7.107415,7.107415,7.107415,7.107415,7.107415,7.107415,7.107415,7.107415,7.107415,7.107415,7.107415,7.107415,7.107415,7.107415,7.107415,7.107415,7.107415,7.107415,7.107415,7.107415,7.107415,7.107415,7.107415,7.107415,7.107415,7.107415,7.107415,7.107415,7.107415,7.107415,7.107415,7.107415,7.107415,7.107415,7.107415,2.51518,2.51518,0.555936,0.555785,0.555756,0.555754,0.555753,0.555752,0.555751,0.55575,0.555749,0.555748,0.555747,0.555747,0.555746,0.555745,0.555745,0.555745,0.555744,0.555744,0.555744,0.555744,0.555744,0.555744,0.555743,0.555743,0.555743,0.555743,0.555743,0.555743,0.555743,0.555743,0.555743,0.555743,0.555742,0.555742,0.555742,0.555742,0.555742,0.555742,0.555742,0.555742,0.555742,0.555742,0.555742,0.555742,0.555742,0.555742,0.555742,0.555742,0.555742,0.555742,0.555742,0.555742,0.555742,0.555742,0.555742,0.555742,0.555742,0.555741,0.555741,0.555741,0.555741,0.555741,0.555741,0.555741,0.555741,0.555741,0.555741,0.555741,0.555741,0.555741,0.555741,0.555741,0.555741,0.555741,0.555741,0.555741,0.555741,0.555741,0.555741,0.555741,0.555741,0.555741,0.555741,0.555741,0.555741,0.555741,0.555741,0.555741,0.555741,0.555741,0.555741,0.555741,0.555741,0.555741,0.555741,0.555741,0.555741,0.555741,0.555741,0.555741,0.555741,0.555741,0.555741,0.555741,0.555741,0.555741,0.555741,0.555741,0.555741,0.555741,0.555741,0.555741,0.555741,0.555741,0.555741,0.555741,0.555741,0.555741,0.555741,0.555741,0.555741,0.555741,0.555741,0.555741,0.555741,0.555741,0.555741,0.555741,0.555741,0.555741,0.555741,0.555741,0.555741,0.555741,0.555741,0.555741,0.555741,0.555741,0.555741,0.555741,0.555741,0.555741,0.555741,0.555741,0.555741,0.555741,0.555741,0.555741,0.555741,0.555741,0.555741,0.555741,0.555741,0.555741,0.555741,0.555741,0.555741,0.555741,0.555741,0.555741,0.555741,0.555741,0.555741,0.555741,0.555741,0.555741,0.555741,0.555741,0.555741,0.555741,0.555741,0.555741,0.555741,0.555741,0.555741,0.555741,0.555741,0.555741,0.555741,0.555741,0.555741,0.555741,0.555741,0.555741,0.555741,0.555741,0.555741,0.555741,0.555741,0.555741,0.555741,0.555741,0.555741,0.555741,0.555741,0.555741,0.555741,0.555741,0.555741,0.555741,0.555741,0.555741,0.555741,7.096641,7.105883,7.107364,7.107364,7.107631,7.107607,7.107592,7.107578,7.107553,7.107543,7.107533,7.107507,7.107499,7.107486,7.107475,7.107471,7.107466,7.107459,7.107452,7.107452,7.107449,7.107447,7.107444,7.107437,7.107427,7.107426,7.107424,7.107424,7.107423,7.107422,7.107422,7.107421,7.107421,7.107421,7.10742,7.10742,7.10742,7.10742,7.107419,7.107419
V10A_rms,1,False,kV,_ce4d9ad0-927b-5126-b1e2-b0e9090aae41,,6.852427,6.852427,6.852427,6.852427,6.852427,6.852427,6.852427,6.852427,6.852427,6.852427,6.852427,6.852427,6.852427,6.852427,6.852427,6.852427,6.852427,6.852427,6.852427,6.852427,6.852427,6.852427,6.852427,6.852427,6.852427,6.852427,6.852427,6.852427,6.852427,6.852427,6.852427,6.852427,6.852427,6.852427,6.852427,4.013617,4.013617,3.339848,3.336017,3.335218,3.335152,3.335104,3.335062,3.335026,3.334993,3.334964,3.334916,3.334895,3.334877,3.334845,3.33482,3.33482,3.33481,3.3348,3.334791,3.334784,3.334776,3.334776,3.33477,3.334764,3.334764,3.334754,3.334754,3.33475,3.33475,3.33475,3.334747,3.334743,3.33474,3.334737,3.334735,3.334735,3.334733,3.334733,3.33473,3.334728,3.334727,3.334725,3.334724,3.334724,3.33472,3.334716,3.334716,3.334715,3.334715,3.334715,3.334714,3.334714,3.334714,3.334713,3.334713,3.334713,3.334713,3.334713,3.334712,3.334712,3.334712,3.334712,3.334712,3.334712,3.334712,3.334712,3.334712,3.334711,3.334711,3.334711,3.334711,3.334711,3.334711,3.334711,3.334711,3.334711,3.334711,3.334711,3.334711,3.334711,3.334711,3.334711,3.334711,3.334711,3.334711,3.334711,3.334711,3.334711,3.334711,3.334711,3.334711,3.334711,3.334711,3.334711,3.334711,3.334711,3.334711,3.334711,3.334711,3.334711,3.334711,3.334711,3.334711,3.334711,3.334711,3.334711,3.334711,3.334711,3.334711,3.334711,3.334711,3.334711,3.334711,3.334711,3.334711,3.334711,3.334711,3.334711,3.334711,3.334711,3.334711,3.334711,3.334711,3.334711,3.334711,3.334711,3.334711,3.334711,3.334711,3.334711,3.334711,3.334711,3.334711,3.334711,3.334711,3.334711,3.334711,3.334711,3.334711,3.334711,3.334711,3.334711,3.334711,3.334711,3.334711,3.334711,3.334711,3.334711,3.334711,3.334711,3.334711,3.334711,3.334711,3.334711,3.334711,3.334711,3.334711,3.334711,3.334711,3.334711,3.334711,3.334711,3.334711,3.334711,3.334711,3.334711,3.334711,3.334711,3.334711,3.334711,3.334711,3.334711,3.334711,3.334711,3.334711,3.334711,3.334711,3.334711,3.334711,3.334711,3.334711,3.334711,3.334711,3.334711,3.334711,3.334711,3.334711,3.334711,3.334711,3.334711,3.334711,3.334711,3.334711,3.334711,3.334711,3.334711,3.334711,3.334711,3.334711,3.334711,3.334711,3.334711,3.334711,3.334712,6.826922,6.848968,6.852591,6.852591,6.853161,6.853054,6.852998,6.852948,6.852859,6.852821,6.852786,6.852698,6.852674,6.852631,6.852596,6.852581,6.852567,6.852542,6.852522,6.852522,6.852513,6.852505,6.852498,6.852475,6.852446,6.852444,6.852437,6.852437,6.852436,6.852434,6.852433,6.852432,6.85243,6.85243,6.852429,6.852429,6.852428,6.852427,6.852427,6.852427
P1_n,2,True,pu,_2f314e3b-57eb-5d60-831d-99c69a1c0d81,,0.069403,0.069403,0.069403,0.069403,0.069403,0.069403,0.069403,0.069403,0.069403,0.069403,0.069403,0.069403,0.069403,0.069403,0.069403,0.069403,0.069403,0.069403,0.069403,0.069403,0.069403,0.069403,0.069403,0.069403,0.069403,0.069403,0.069403,0.069403,0.069403,0.069403,0.069403,0.069403,0.069403,0.069403,0.641124,0.640124,0.220489,0.22113,0.644489,0.642263,0.644301,0.220637,0.642442,0.644145,0.220679,0.642578,0.643994,0.22107,0.643935,0.642762,0.642805,0.643845,0.22076,0.643809,0.643794,0.220774,0.642887,0.643766,0.643753,0.642912,0.221008,0.642934,0.643721,0.642944,0.220793,0.221,0.220998,0.643694,0.2208,0.642977,0.642984,0.220989,0.642991,0.220988,0.220986,0.643654,0.220811,0.220813,0.643638,0.22098,0.643033,0.220824,0.64306,0.643064,0.220968,0.220827,0.643588,0.220829,0.643076,0.643579,0.220831,0.220832,0.64309,0.220961,0.643565,0.220835,0.643098,0.643101,0.220958,0.220957,0.643553,0.64311,0.643113,0.643543,0.220953,0.643126,0.643531,0.643132,0.643136,0.643521,0.220847,0.220946,0.220945,0.22085,0.643154,0.643503,0.220852,0.643159,0.220942,0.220853,0.220941,0.643493,0.220854,0.643169,0.220939,0.643488,0.220856,0.643174,0.220938,0.643483,0.643482,0.220857,0.64318,0.220937,0.643478,0.220858,0.643184,0.220935,0.643469,0.643192,0.220933,0.643465,0.220862,0.220863,0.220931,0.643456,0.220864,0.643206,0.64321,0.643443,0.220868,0.643218,0.220926,0.643223,0.220922,0.220872,0.643236,0.220921,0.643421,0.643421,0.22092,0.643242,0.22092,0.220875,0.220919,0.220919,0.643413,0.220876,0.643248,0.220918,0.643409,0.220877,0.643251,0.220917,0.643407,0.643254,0.643255,0.220916,0.643256,0.220916,0.643402,0.220879,0.643258,0.220916,0.6434,0.220879,0.643399,0.220915,0.643399,0.22088,0.643262,0.220915,0.643397,0.22088,0.643264,0.220914,0.643395,0.220881,0.643266,0.220914,0.643393,0.220882,0.643274,0.643276,0.220911,0.643383,0.220884,0.220884,0.22091,0.643381,0.643381,0.64328,0.22091,0.643379,0.643379,0.220885,0.643281,0.643282,0.220909,0.220909,0.643376,0.220886,0.643284,0.220909,0.220909,0.643374,0.220886,0.643286,0.220908,0.643373,0.643372,0.643287,0.643371,0.643289,0.220907,0.220887,0.64329,0.220907,0.220907,0.082126,0.074317,0.068367,0.065482,0.070453,0.07272,0.070183,0.072108,0.071937,0.068789,0.069964,0.06993,0.067686,0.07099,0.067935,0.069052,0.068129,0.069717,0.070502,0.068367,0.06967,0.070385,0.070351,0.07032,0.068581,0.068745,0.070042,0.068807,0.069558,0.069984,0.069255,0.069548,0.069938,0.068881,0.069539,0.069907,0.069273,0.069274,0.068925,0.069526,0.069283
P2_n,2,True,pu,_38c82309-1d7f-5e7c-b41e-09c7d6d37071,,-0.01,-0.01,-0.01,-0.01,-0.01,-0.01,-0.01,-0.01,-0.01,-0.01,-0.01,-0.01,-0.01,-0.01,-0.01,-0.01,-0.01,-0.01,-0.01,-0.01,-0.01,-0.01,-0.01,-0.01,-0.01,-0.01,-0.01,-0.01,-0.01,-0.01,-0.01,-0.01,-0.01,-0.01,-0.01,-0.01,-0.01,-0.01,-0.01,-0.01,-0.01,-0.01,-0.01,-0.01,-0.01,-0.01,-0.01,-0.01,-0.01,-0.01,-0.01,-0.01,-0.01,-0.01,-0.01,-0.01,-0.01,-0.01,-0.01,-0.01,-0.01,-0.01,-0.01,-0.01,-0.01,-0.01,-0.01,-0.01,-0.01,-0.01,-0.01,-0.01,-0.01,-0.01,-0.01,-0.01,-0.01,-0.01,-0.01,-0.01,-0.01,-0.01,-0.01,-0.01,-0.01,-0.01,-0.01,-0.01,-0.01,-0.01,-0.01,-0.01,-0.01,-0.01,-0.01,-0.01,-0.01,-0.01,-0.01,-0.01,-0.01,-0.01,-0.01,-0.01,-0.01,-0.01,-0.01,-0.01,-0.01,-0.01,-0.01,-0.01,-0.01,-0.01,-0.01,-0.01,-0.01,-0.01,-0.01,-0.01,-0.01,-0.01,-0.01,-0.01,-0.01,-0.01,-0.01,-0.01,-0.01,-0.01,-0.01,-0.01,-0.01,-0.01,-0.01,-0.01,-0.01,-0.01,-0.01,-0.01,-0.01,-0.01,-0.01,-0.01,-0.01,-0.01,-0.01,-0.01,-0.01,-0.01,-0.01,-0.01,-0.01,-0.01,-0.01,-0.01,-0.01,-0.01,-0.01,-0.01,-0.01,-0.01,-0.01,-0.01,-0.01,-0.01,-0.01,-0.01,-0.01,-0.01,-0.01,-0.01,-0.01,-0.01,-0.01,-0.01,-0.01,-0.01,-0.01,-0.01,-0.01,-0.01,-0.01,-0.01,-0.01,-0.01,-0.01,-0.01,-0.01,-0.01,-0.01,-0.01,-0.01,-0.01,-0.01,-0.01,-0.01,-0.01,-0.01,-0.01,-0.01,-0.01,-0.01,-0.01,-0.01,-0.01,-0.01,-0.01,-0.01,-0.01,-0.01,-0.01,-0.01,-0.01,-0.01,-0.01,-0.01,-0.01,-0.01,-0.01,-0.01,-0.01,-0.01,-0.01,-0.01,-0.01,-0.01,-0.01,-0.01,-0.01,-0.01,-0.01,-0.01,-0.01,-0.01,-0.01,-0.01,-0.01,-0.01,-0.01,-0.01,-0.01,-0.01,-0.01,-0.01,-0.01,-0.01,-0.01,-0.01,-0.01,-0.01,-0.01,-0.01,-0.01,-0.01,-0.01,-0.01,-0.01,-0.01,-0.01,-0.01,-0.01,-0.01,-0.01,-0.01,-0.01,-0.01,-0.01,-0.01,-0.01,-0.01,-0.01,-0.01,-0.01,-0.01,-0.01,-0.01,-0.01,-0.01,-0.01
P3_n,2,True,pu,_8cfa0329-80eb-5ce6-abcb-2de22c2d216c,,-0.009,-0.009,-0.009,-0.009,-0.009,-0.009,-0.009,-0.009,-0.009,-0.009,-0.009,-0.009,-0.009,-0.009,-0.009,-0.009,-0.009,-0.009,-0.009,-0.009,-0.009,-0.009,-0.009,-0.009,-0.009,-0.009,-0.009,-0.009,-0.009,-0.009,-0.009,-0.009,-0.009,-0.009,-0.009,-0.009,-0.009,-0.009,-0.009,-0.009,-0.009,-0.009,-0.009,-0.009,-0.009,-0.009,-0.009,-0.009,-0.009,-0.009,-0.009,-0.009,-0.009,-0.009,-0.009,-0.009,-0.009,-0.009,-0.009,-0.009,-0.009,-0.009,-0.009,-0.009,-0.009,-0.009,-0.009,-0.009,-0.009,-0.009,-0.009,-0.009,-0.009,-0.009,-0.009,-0.009,-0.009,-0.009,-0.009,-0.009,-0.009,-0.009,-0.009,-0.009,-0.009,-0.009,-0.009,-0.009,-0.009,-0.009,-0.009,-0.009,-0.009,-0.009,-0.009,-0.009,-0.009,-0.009,-0.009,-0.009,-0.009,-0.009,-0.009,-0.009,-0.009,-0.009,-0.009,-0.009,-0.009,-0.009,-0.009,-0.009,-0.009,-0.009,-0.009,-0.009,-0.009,-0.009,-0.009,-0.009,-0.009,-0.009,-0.009,-0.009,-0.009,-0.009,-0.009,-0.009,-0.009,-0.009,-0.009,-0.009,-0.009,-0.009,-0.009,-0.009,-0.009,-0.009,-0.009,-0.009,-0.009,-0.009,-0.009,-0.009,-0.009,-0.009,-0.009,-0.009,-0.009,-0.009,-0.009,-0.009,-0.009,-0.009,-0.009,-0.009,-0.009,-0.009,-0.009,-0.009,-0.009,-0.009,-0.009,-0.009,-0.009,-0.009,-0.009,-0.009,-0.009,-0.009,-0.009,-0.009,-0.009,-0.009,-0.009,-0.009,-0.009,-0.009,-0.009,-0.009,-0.009,-0.009,-0.009,-0.009,-0.009,-0.009,-0.009,-0.009,-0.009,-0.009,-0.009,-0.009,-0.009,-0.009,-0.009,-0.009,-0.009,-0.009,-0.009,-0.009,-0.009,-0.009,-0.009,-0.009,-0.009,-0.009,-0.009,-0.009,-0.009,-0.009,-0.009,-0.009,-0.009,-0.009,-0.009,-0.009,-0.009,-0.009,-0.009,-0.009,-0.009,-0.009,-0.009,-0.009,-0.009,-0.009,-0.009,-0.009,-0.009,-0.009,-0.009,-0.009,-0.009,-0.009,-0.009,-0.009,-0.009,-0.009,-0.009,-0.009,-0.009,-0.009,-0.009,-0.009,-0.009,-0.009,-0.009,-0.009,-0.009,-0.009,-0.009,-0.009,-0.009,-0.009,-0.009,-0.009,-0.009,-0.009,-0.009,-0.009,-0.009,-0.009,-0.009,-0.009,-0.009,-0.009,-0.009,-0.009,-0.009,-0.009,-0.009,-0.009,-0.009,-0.009,-0.009,-0.009,-0.009,-0.009,-0.009,-0.009
P4_n,2,True,pu,_e9f0016a-b8b8-5c13-bdac-c25cc7e3ae32,,-0.006,-0.006,-0.006,-0.006,-0.006,-0.006,-0.006,-0.006,-0.006,-0.006,-0.006,-0.006,-0.006,-0.006,-0.006,-0.006,-0.006,-0.006,-0.006,-0.006,-0.006,-0.006,-0.006,-0.006,-0.006,-0.006,-0.006,-0.006,-0.006,-0.006,-0.006,-0.006,-0.006,-0.006,-0.006,-0.006,-0.006,-0.006,-0.006,-0.006,-0.006,-0.006,-0.006,-0.006,-0.006,-0.006,-0.006,-0.006,-0.006,-0.006,-0.006,-0.006,-0.006,-0.006,-0.006,-0.006,-0.006,-0.006,-0.006,-0.006,-0.006,-0.006,-0.006,-0.006,-0.006,-0.006,-0.006,-0.006,-0.006,-0.006,-0.006,-0.006,-0.006,-0.006,-0.006,-0.006,-0.006,-0.006,-0.006,-0.006,-0.006,-0.006,-0.006,-0.006,-0.006,-0.006,-0.006,-0.006,-0.006,-0.006,-0.006,-0.006,-0.006,-0.006,-0.006,-0.006,-0.006,-0.006,-0.006,-0.006,-0.006,-0.006,-0.006,-0.006,-0.006,-0.006,-0.006,-0.006,-0.006,-0.006,-0.006,-0.006,-0.006,-0.006,-0.006,-0.006,-0.006,-0.006,-0.006,-0.006,-0.006,-0.006,-0.006,-0.006,-0.006,-0.006,-0.006,-0.006,-0.006,-0.006,-0.006,-0.006,-0.006,-0.006,-0.006,-0.006,-0.006,-0.006,-0.006,-0.006,-0.006,-0.006,-0.006,-0.006,-0.006,-0.006,-0.006,-0.006,-0.006,-0.006,-0.006,-0.006,-0.006,-0.006,-0.006,-0.006,-0.006,-0.006,-0.006,-0.006,-0.006,-0.006,-0.006,-0.006,-0.006,-0.006,-0.006,-0.006,-0.006,-0.006,-0.006,-0.006,-0.006,-0.006,-0.006,-0.006,-0.006,-0.006,-0.006,-0.006,-0.006,-0.006,-0.006,-0.006,-0.006,-0.006,-0.006,-0.006,-0.006,-0.006,-0.006,-0.006,-0.006,-0.006,-0.006,-0.006,-0.006,-0.006,-0.006,-0.006,-0.006,-0.006,-0.006,-0.006,-0.006,-0.006,-0.006,-0.006,-0.006,-0.006,-0.006,-0.006,-0.006,-0.006,-0.006,-0.006,-0.006,-0.006,-0.006,-0.006,-0.006,-0.006,-0.006,-0.006,-0.006,-0.006,-0.006,-0.006,-0.006,-0.006,-0.006,-0.006,-0.006,-0.006,-0.006,-0.006,-0.006,-0.006,-0.006,-0.006,-0.006,-0.006,-0.006,-0.006,-0.006,-0.006,-0.006,-0.006,-0.006,-0.006,-0.006,-0.006,-0.006,-0.006,-0.006,-0.006,-0.006,-0.006,-0.006,-0.006,-0.006,-0.006,-0.006,-0.006,-0.006,-0.006,-0.006,-0.006,-0.006,-0.006,-0.006,-0.006,-0.006,-0.006,-0.006,-0.006,-0.006,-0.006,-0.006,-0.006
P5_n,2,True,pu,_ebb6bf0b-3921-514a-aeb3-529a2dc7d0a5,,-0.006,-0.006,-0.006,-0.006,-0.006,-0.006,-0.006,-0.006,-0.006,-0.006,-0.006,-0.006,-0.006,-0.006,-0.006,-0.006,-0.006,-0.006,-0.006,-0.006,-0.006,-0.006,-0.006,-0.006,-0.006,-0.006,-0.006,-0.006,-0.006,-0.006,-0.006,-0.006,-0.006,-0.006,-0.006,-0.006,-0.006,-0.006,-0.006,-0.006,-0.006,-0.006,-0.006,-0.006,-0.006,-0.006,-0.006,-0.006,-0.006,-0.006,-0.006,-0.006,-0.006,-0.006,-0.006,-0.006,-0.006,-0.006,-0.006,-0.006,-0.006,-0.006,-0.006,-0.006,-0.006,-0.006,-0.006,-0.006,-0.006,-0.006,-0.006,-0.006,-0.006,-0.006,-0.006,-0.006,-0.006,-0.006,-0.006,-0.006,-0.006,-0.006,-0.006,-0.006,-0.006,-0.006,-0.006,-0.006,-0.006,-0.006,-0.006,-0.006,-0.006,-0.006,-0.006,-0.006,-0.006,-0.006,-0.006,-0.006,-0.006,-0.006,-0.006,-0.006,-0.006,-0.006,-0.006,-0.006,-0.006,-0.006,-0.006,-0.006,-0.006,-0.006,-0.006,-0.006,-0.006,-0.006,-0.006,-0.006,-0.006,-0.006,-0.006,-0.006,-0.006,-0.006,-0.006,-0.006,-0.006,-0.006,-0.006,-0.006,-0.006,-0.006,-0.006,-0.006,-0.006,-0.006,-0.006,-0.006,-0.006,-0.006,-0.006,-0.006,-0.006,-0.006,-0.006,-0.006,-0.006,-0.006,-0.006,-0.006,-0.006,-0.006,-0.006,-0.006,-0.006,-0.006,-0.006,-0.006,-0.006,-0.006,-0.006,-0.006,-0.006,-0.006,-0.006,-0.006,-0.006,-0.006,-0.006,-0.006,-0.006,-0.006,-0.006,-0.006,-0.006,-0.006,-0.006,-0.006,-0.006,-0.006,-0.006,-0.006,-0.006,-0.006,-0.006,-0.006,-0.006,-0.006,-0.006,-0.006,-0.006,-0.006,-0.006,-0.006,-0.006,-0.006,-0.006,-0.006,-0.006,-0.006,-0.006,-0.006,-0.006,-0.006,-0.006,-0.006,-0.006,-0.006,-0.006,-0.006,-0.006,-0.006,-0.006,-0.006,-0.006,-0.006,-0.006,-0.006,-0.006,-0.006,-0.006,-0.006,-0.006,-0.006,-0.006,-0.006,-0.006,-0.006,-0.006,-0.006,-0.006,-0.006,-0.006,-0.006,-0.006,-0.006,-0.006,-0.006,-0.006,-0.006,-0.006,-0.006,-0.006,-0.006,-0.006,-0.006,-0.006,-0.006,-0.006,-0.006,-0.006,-0.006,-0.006,-0.006,-0.006,-0.006,-0.006,-0.006,-0.006,-0.006,-0.006,-0.006,-0.006,-0.006,-0.006,-0.006,-0.006,-0.006,-0.006,-0.006,-0.006,-0.006,-0.006,-0.006,-0.006,-0.006,-0.006,-0.006
P6_n,2,True,pu,_2248cb01-e4ac-573f-a813-5d675310820f,,-0.006,-0.006,-0.006,-0.006,-0.006,-0.006,-0.006,-0.006,-0.006,-0.006,-0.006,-0.006,-0.006,-0.006,-0.006,-0.006,-0.006,-0.006,-0.006,-0.006,-0.006,-0.006,-0.006,-0.006,-0.006,-0.006,-0.006,-0.006,-0.006,-0.006,-0.006,-0.006,-0.006,-0.006,-0.006,-0.006,-0.006,-0.006,-0.006,-0.006,-0.006,-0.006,-0.006,-0.006,-0.006,-0.006,-0.006,-0.006,-0.006,-0.006,-0.006,-0.006,-0.006,-0.006,-0.006,-0.006,-0.006,-0.006,-0.006,-0.006,-0.006,-0.006,-0.006,-0.006,-0.006,-0.006,-0.006,-0.006,-0.006,-0.006,-0.006,-0.006,-0.006,-0.006,-0.006,-0.006,-0.006,-0.006,-0.006,-0.006,-0.006,-0.006,-0.006,-0.006,-0.006,-0.006,-0.006,-0.006,-0.006,-0.006,-0.006,-0.006,-0.006,-0.006,-0.006,-0.006,-0.006,-0.006,-0.006,-0.006,-0.006,-0.006,-0.006,-0.006,-0.006,-0.006,-0.006,-0.006,-0.006,-0.006,-0.006,-0.006,-0.006,-0.006,-0.006,-0.006,-0.006,-0.006,-0.006,-0.006,-0.006,-0.006,-0.006,-0.006,-0.006,-0.006,-0.006,-0.006,-0.006,-0.006,-0.006,-0.006,-0.006,-0.006,-0.006,-0.006,-0.006,-0.006,-0.006,-0.006,-0.006,-0.006,-0.006,-0.006,-0.006,-0.006,-0.006,-0.006,-0.006,-0.006,-0.006,-0.006,-0.006,-0.006,-0.006,-0.006,-0.006,-0.006,-0.006,-0.006,-0.006,-0.006,-0.006,-0.006,-0.006,-0.006,-0.006,-0.006,-0.006,-0.006,-0.006,-0.006,-0.006,-0.006,-0.006,-0.006,-0.006,-0.006,-0.006,-0.006,-0.006,-0.006,-0.006,-0.006,-0.006,-0.006,-0.006,-0.006,-0.006,-0.006,-0.006,-0.006,-0.006,-0.006,-0.006,-0.006,-0.006,-0.006,-0.006,-0.006,-0.006,-0.006,-0.006,-0.006,-0.006,-0.006,-0.006,-0.006,-0.006,-0.006,-0.006,-0.006,-0.006,-0.006,-0.006,-0.006,-0.006,-0.006,-0.006,-0.006,-0.006,-0.006,-0.006,-0.006,-0.006,-0.006,-0.006,-0.006,-0.006,-0.006,-0.006,-0.006,-0.006,-0.006,-0.006,-0.006,-0.006,-0.006,-0.006,-0.006,-0.006,-0.006,-0.006,-0.006,-0.006,-0.006,-0.006,-0.006,-0.006,-0.006,-0.006,-0.006,-0.006,-0.006,-0.006,-0.006,-0.006,-0.006,-0.006,-0.006,-0.006,-0.006,-0.006,-0.006,-0.006,-0.006,-0.006,-0.006,-0.006,-0.006,-0.006,-0.006,-0.006,-0.006,-0.006,-0.006,-0.006,-0.006,-0.006,-0.006
P7_n,2,True,pu,_f6849451-1b54-5b7c-bc67-4c766345b423,,-0.002,-0.002,-0.002,-0.002,-0.002,-0.002,-0.002,-0.002,-0.002,-0.002,-0.002,-0.002,-0.002,-0.002,-0.002,-0.002,-0.002,-0.002,-0.002,-0.002,-0.002,-0.002,-0.002,-0.002,-0.002,-0.002,-0.002,-0.002,-0.002,-0.002,-0.002,-0.002,-0.002,-0.002,-0.002,-0.002,-0.002,-0.002,-0.002,-0.002,-0.002,-0.002,-0.002,-0.002,-0.002,-0.002,-0.002,-0.002,-0.002,-0.002,-0.002,-0.002,-0.002,-0.002,-0.002,-0.002,-0.002,-0.002,-0.002,-0.002,-0.002,-0.002,-0.002,-0.002,-0.002,-0.002,-0.002,-0.002,-0.002,-0.002,-0.002,-0.002,-0.002,-0.002,-0.002,-0.002,-0.002,-0.002,-0.002,-0.002,-0.002,-0.002,-0.002,-0.002,-0.002,-0.002,-0.002,-0.002,-0.002,-0.002,-0.002,-0.002,-0.002,-0.002,-0.002,-0.002,-0.002,-0.002,-0.002,-0.002,-0.002,-0.002,-0.002,-0.002,-0.002,-0.002,-0.002,-0.002,-0.002,-0.002,-0.002,-0.002,-0.002,-0.002,-0.002,-0.002,-0.002,-0.002,-0.002,-0.002,-0.002,-0.002,-0.002,-0.002,-0.002,-0.002,-0.002,-0.002,-0.002,-0.002,-0.002,-0.002,-0.002,-0.002,-0.002,-0.002,-0.002,-0.002,-0.002,-0.002,-0.002,-0.002,-0.002,-0.002,-0.002,-0.002,-0.002,-0.002,-0.002,-0.002,-0.002,-0.002,-0.002,-0.002,-0.002,-0.002,-0.002,-0.002,-0.002,-0.002,-0.002,-0.002,-0.002,-0.002,-0.002,-0.002,-0.002,-0.002,-0.002,-0.002,-0.002,-0.002,-0.002,-0.002,-0.002,-0.002,-0.002,-0.002,-0.002,-0.002,-0.002,-0.002,-0.002,-0.002,-0.002,-0.002,-0.002,-0.002,-0.002,-0.002,-0.002,-0.002,-0.002,-0.002,-0.002,-0.002,-0.002,-0.002,-0.002,-0.002,-0.002,-0.002,-0.002,-0.002,-0.002,-0.002,-0.002,-0.002,-0.002,-0.002,-0.002,-0.002,-0.002,-0.002,-0.002,-0.002,-0.002,-0.002,-0.002,-0.002,-0.002,-0.002,-0.002,-0.002,-0.002,-0.002,-0.002,-0.002,-0.002,-0.002,-0.002,-0.002,-0.002,-0.002,-0.002,-0.002,-0.002,-0.002,-0.002,-0.002,-0.002,-0.002,-0.002,-0.002,-0.002,-0.002,-0.002,-0.002,-0.002,-0.002,-0.002,-0.002,-0.002,-0.002,-0.002,-0.002,-0.002,-0.002,-0.002,-0.002,-0.002,-0.002,-0.002,-0.002,-0.002,-0.002,-0.002,-0.002,-0.002,-0.002,-0.002,-0.002,-0.002,-0.002,-0.002,-0.002,-0.002,-0.002,-0.002,-0.002
P8_n,2,True,pu,_7ee8d88c-1a83-5ce2-8056-333aa196ba71,,-0.004,-0.004,-0.004,-0.004,-0.004,-0.004,-0.004,-0.004,-0.004,-0.004,-0.004,-0.004,-0.004,-0.004,-0.004,-0.004,-0.004,-0.004,-0.004,-0.004,-0.004,-0.004,-0.004,-0.004,-0.004,-0.004,-0.004,-0.004,-0.004,-0.004,-0.004,-0.004,-0.004,-0.004,-0.004,-0.004,-0.004,-0.004,-0.004,-0.004,-0.004,-0.004,-0.004,-0.004,-0.004,-0.004,-0.004,-0.004,-0.004,-0.004,-0.004,-0.004,-0.004,-0.004,-0.004,-0.004,-0.004,-0.004,-0.004,-0.004,-0.004,-0.004,-0.004,-0.004,-0.004,-0.004,-0.004,-0.004,-0.004,-0.004,-0.004,-0.004,-0.004,-0.004,-0.004,-0.004,-0.004,-0.004,-0.004,-0.004,-0.004,-0.004,-0.004,-0.004,-0.004,-0.004,-0.004,-0.004,-0.004,-0.004,-0.004,-0.004,-0.004,-0.004,-0.004,-0.004,-0.004,-0.004,-0.004,-0.004,-0.004,-0.004,-0.004,-0.004,-0.004,-0.004,-0.004,-0.004,-0.004,-0.004,-0.004,-0.004,-0.004,-0.004,-0.004,-0.004,-0.004,-0.004,-0.004,-0.004,-0.004,-0.004,-0.004,-0.004,-0.004,-0.004,-0.004,-0.004,-0.004,-0.004,-0.004,-0.004,-0.004,-0.004,-0.004,-0.004,-0.004,-0.004,-0.004,-0.004,-0.004,-0.004,-0.004,-0.004,-0.004,-0.004,-0.004,-0.004,-0.004,-0.004,-0.004,-0.004,-0.004,-0.004,-0.004,-0.004,-0.004,-0.004,-0.004,-0.004,-0.004,-0.004,-0.004,-0.004,-0.004,-0.004,-0.004,-0.004,-0.004,-0.004,-0.004,-0.004,-0.004,-0.004,-0.004,-0.004,-0.004,-0.004,-0.004,-0.004,-0.004,-0.004,-0.004,-0.004,-0.004,-0.004,-0.004,-0.004,-0.004,-0.004,-0.004,-0.004,-0.004,-0.004,-0.004,-0.004,-0.004,-0.004,-0.004,-0.004,-0.004,-0.004,-0.004,-0.004,-0.004,-0.004,-0.004,-0.004,-0.004,-0.004,-0.004,-0.004,-0.004,-0.004,-0.004,-0.004,-0.004,-0.004,-0.004,-0.004,-0.004,-0.004,-0.004,-0.004,-0.004,-0.004,-0.004,-0.004,-0.004,-0.004,-0.004,-0.004,-0.004,-0.004,-0.004,-0.004,-0.004,-0.004,-0.004,-0.004,-0.004,-0.004,-0.004,-0.004,-0.004,-0.004,-0.004,-0.004,-0.004,-0.004,-0.004,-0.004,-0.004,-0.004,-0.004,-0.004,-0.004,-0.004,-0.004,-0.004,-0.004,-0.004,-0.004,-0.004,-0.004,-0.004,-0.004,-0.004,-0.004,-0.004,-0.004,-0.004,-0.004,-0.004,-0.004,-0.004,-0.004,-0.004,-0.004,-0.004
P9_n,2,True,pu,_26a560cd-5d87-5dd7-b588-cb2d8efa50ce,,-0.009,-0.009,-0.009,-0.009,-0.009,-0.009,-0.009,-0.009,-0.009,-0.009,-0.009,-0.009,-0.009,-0.009,-0.009,-0.009,-0.009,-0.009,-0.009,-0.009,-0.009,-0.009,-0.009,-0.009,-0.009,-0.009,-0.009,-0.009,-0.009,-0.009,-0.009,-0.009,-0.009,-0.009,-0.009,-0.009,-0.009,-0.009,-0.009,-0.009,-0.009,-0.009,-0.009,-0.009,-0.009,-0.009,-0.009,-0.009,-0.009,-0.009,-0.009,-0.009,-0.009,-0.009,-0.009,-0.009,-0.009,-0.009,-0.009,-0.009,-0.009,-0.009,-0.009,-0.009,-0.009,-0.009,-0.009,-0.009,-0.009,-0.009,-0.009,-0.009,-0.009,-0.009,-0.009,-0.009,-0.009,-0.009,-0.009,-0.009,-0.009,-0.009,-0.009,-0.009,-0.009,-0.009,-0.009,-0.009,-0.009,-0.009,-0.009,-0.009,-0.009,-0.009,-0.009,-0.009,-0.009,-0.009,-0.009,-0.009,-0.009,-0.009,-0.009,-0.009,-0.009,-0.009,-0.009,-0.009,-0.009,-0.009,-0.009,-0.009,-0.009,-0.009,-0.009,-0.009,-0.009,-0.009,-0.009,-0.009,-0.009,-0.009,-0.009,-0.009,-0.009,-0.009,-0.009,-0.009,-0.009,-0.009,-0.009,-0.009,-0.009,-0.009,-0.009,-0.009,-0.009,-0.009,-0.009,-0.009,-0.009,-0.009,-0.009,-0.009,-0.009,-0.009,-0.009,-0.009,-0.009,-0.009,-0.009,-0.009,-0.009,-0.009,-0.009,-0.009,-0.009,-0.009,-0.009,-0.009,-0.009,-0.009,-0.009,-0.009,-0.009,-0.009,-0.009,-0.009,-0.009,-0.009,-0.009,-0.009,-0.009,-0.009,-0.009,-0.009,-0.009,-0.009,-0.009,-0.009,-0.009,-0.009,-0.009,-0.009,-0.009,-0.009,-0.009,-0.009,-0.009,-0.009,-0.009,-0.009,-0.009,-0.009,-0.009,-0.009,-0.009,-0.009,-0.009,-0.009,-0.009,-0.009,-0.009,-0.009,-0.009,-0.009,-0.009,-0.009,-0.009,-0.009,-0.009,-0.009,-0.009,-0.009,-0.009,-0.009,-0.009,-0.009,-0.009,-0.009,-0.009,-0.009,-0.009,-0.009,-0.009,-0.009,-0.009,-0.009,-0.009,-0.009,-0.009,-0.009,-0.009,-0.009,-0.009,-0.009,-0.009,-0.009,-0.009,-0.009,-0.009,-0.009,-0.009,-0.009,-0.009,-0.009,-0.009,-0.009,-0.009,-0.009,-0.009,-0.009,-0.009,-0.009,-0.009,-0.009,-0.009,-0.009,-0.009,-0.009,-0.009,-0.009,-0.009,-0.009,-0.009,-0.009,-0.009,-0.009,-0.009,-0.009,-0.009,-0.009,-0.009,-0.009,-0.009,-0.009,-0.009,-0.009,-0.009,-0.009
P10_n,2,True,pu,_ce4d9ad0-927b-5126-b1e2-b0e9090aae41,,-0.015,-0.015,-0.015,-0.015,-0.015,-0.015,-0.015,-0.015,-0.015,-0.015,-0.015,-0.015,-0.015,-0.015,-0.015,-0.015,-0.015,-0.015,-0.015,-0.015,-0.015,-0.015,-0.015,-0.015,-0.015,-0.015,-0.015,-0.015,-0.015,-0.015,-0.015,-0.015,-0.015,-0.015,-0.015,-0.015,-0.015,-0.015,-0.015,-0.015,-0.015,-0.015,-0.015,-0.015,-0.015,-0.015,-0.015,-0.015,-0.015,-0.015,-0.015,-0.015,-0.015,-0.015,-0.015,-0.015,-0.015,-0.015,-0.015,-0.015,-0.015,-0.015,-0.015,-0.015,-0.015,-0.015,-0.015,-0.015,-0.015,-0.015,-0.015,-0.015,-0.015,-0.015,-0.015,-0.015,-0.015,-0.015,-0.015,-0.015,-0.015,-0.015,-0.015,-0.015,-0.015,-0.015,-0.015,-0.015,-0.015,-0.015,-0.015,-0.015,-0.015,-0.015,-0.015,-0.015,-0.015,-0.015,-0.015,-0.015,-0.015,-0.015,-0.015,-0.015,-0.015,-0.015,-0.015,-0.015,-0.015,-0.015,-0.015,-0.015,-0.015,-0.015,-0.015,-0.015,-0.015,-0.015,-0.015,-0.015,-0.015,-0.015,-0.015,-0.015,-0.015,-0.015,-0.015,-0.015,-0.015,-0.015,-0.015,-0.015,-0.015,-0.015,-0.015,-0.015,-0.015,-0.015,-0.015,-0.015,-0.015,-0.015,-0.015,-0.015,-0.015,-0.015,-0.015,-0.015,-0.015,-0.015,-0.015,-0.015,-0.015,-0.015,-0.015,-0.015,-0.015,-0.015,-0.015,-0.015,-0.015,-0.015,-0.015,-0.015,-0.015,-0.015,-0.015,-0.015,-0.015,-0.015,-0.015,-0.015,-0.015,-0.015,-0.015,-0.015,-0.015,-0.015,-0.015,-0.015,-0.015,-0.015,-0.015,-0.015,-0.015,-0.015,-0.015,-0.015,-0.015,-0.015,-0.015,-0.015,-0.015,-0.015,-0.015,-0.015,-0.015,-0.015,-0.015,-0.015,-0.015,-0.015,-0.015,-0.015,-0.015,-0.015,-0.015,-0.015,-0.015,-0.015,-0.015,-0.015,-0.015,-0.015,-0.015,-0.015,-0.015,-0.015,-0.015,-0.015,-0.015,-0.015,-0.015,-0.015,-0.015,-0.015,-0.015,-0.015,-0.015,-0.015,-0.015,-0.015,-0.015,-0.015,-0.015,-0.015,-0.015,-0.015,-0.015,-0.015,-0.015,-0.015,-0.015,-0.015,-0.015,-0.015,-0.015,-0.015,-0.015,-0.015,-0.015,-0.015,-0.015,-0.015,-0.015,-0.015,-0.015,-0.015,-0.015,-0.015,-0.015,-0.015,-0.015,-0.015,-0.015,-0.015,-0.015,-0.015,-0.015,-0.015,-0.015,-0.015,-0.015,-0.015,-0.015,-0.015,-0.015,-0.015,-0.015,-0.015
Q1_n,3,True,pu,_2f314e3b-57eb-5d60-831d-99c69a1c0d81,,0.026354,0.026354,0.026354,0.026354,0.026354,0.026354,0.026354,0.026354,0.026354,0.026354,0.026354,0.026354,0.026354,0.026354,0.026354,0.026354,0.026354,0.026354,0.026354,0.026354,0.026354,0.026354,0.026354,0.026354,0.026354,0.026354,0.026354,0.026354,0.026354,0.026354,0.026354,0.026354,0.026354,0.026354,-0.1128,-0.110659,0.550115,0.549948,-0.110747,-0.110143,-0.110685,0.547667,-0.110192,-0.110642,0.547819,-0.110229,-0.1106,0.549297,-0.110585,-0.110279,-0.110291,-0.11056,0.548113,-0.110551,-0.110547,0.548163,-0.110313,-0.110539,-0.110536,-0.110319,0.54907,-0.110325,-0.110527,-0.110327,0.548236,0.549039,0.54903,-0.11052,0.548262,-0.110336,-0.110338,0.548998,-0.11034,0.548992,0.548985,-0.11051,0.548303,0.548309,-0.110506,0.548963,-0.110351,0.548353,-0.110358,-0.110359,0.548917,0.548364,-0.110493,0.54837,-0.110362,-0.11049,0.54838,0.548383,-0.110366,0.54889,-0.110487,0.548394,-0.110368,-0.110368,0.548879,0.548876,-0.110484,-0.110371,-0.110372,-0.110481,0.54886,-0.110375,-0.110478,-0.110377,-0.110378,-0.110475,0.54844,0.548832,0.548831,0.548453,-0.110382,-0.110471,0.548459,-0.110384,0.548818,0.548464,0.548813,-0.110468,0.548469,-0.110386,0.548808,-0.110467,0.548474,-0.110387,0.548803,-0.110466,-0.110465,0.548481,-0.110389,0.548796,-0.110464,0.548485,-0.11039,0.548792,-0.110462,-0.110392,0.548783,-0.110461,0.548499,0.548501,0.548774,-0.110459,0.548507,-0.110396,-0.110397,-0.110455,0.548522,-0.110399,0.548756,-0.1104,0.548741,0.548539,-0.110404,0.548737,-0.11045,-0.110449,0.548733,-0.110405,0.548731,0.548549,0.548729,0.548728,-0.110447,0.548552,-0.110407,0.548725,-0.110446,0.548556,-0.110407,0.548722,-0.110446,-0.110408,-0.110408,0.548718,-0.110409,0.548717,-0.110445,0.548564,-0.110409,0.548714,-0.110444,0.548566,-0.110444,0.548712,-0.110444,0.548568,-0.11041,0.54871,-0.110443,0.54857,-0.110411,0.548708,-0.110443,0.548572,-0.110411,0.548707,-0.110442,0.548577,-0.110413,-0.110414,0.548696,-0.11044,0.548584,0.548585,0.548694,-0.110439,-0.110439,-0.110415,0.548692,-0.110439,-0.110439,0.548588,-0.110415,-0.110415,0.54869,0.548689,-0.110438,0.548591,-0.110416,0.548687,0.548687,-0.110438,0.548593,-0.110416,0.548685,-0.110437,-0.110437,-0.110417,-0.110437,-0.110417,0.548683,0.548597,-0.110417,0.548681,0.548681,0.032485,0.02522,0.022069,0.027385,0.030223,0.025496,0.029275,0.025658,0.025703,0.024036,0.028474,0.028351,0.026793,0.025949,0.026729,0.025012,0.026679,0.027555,0.026074,0.026619,0.027377,0.026103,0.026112,0.02612,0.026565,0.026524,0.02619,0.026508,0.026947,0.026204,0.025787,0.026908,0.026216,0.026489,0.026874,0.026224,0.025854,0.025861,0.026478,0.026824,0.025894
Q2_n,3,True,pu,_38c82309-1d7f-5e7c-b41e-09c7d6d37071,,-0.006,-0.006,-0.006,-0.006,-0.006,-0.006,-0.006,-0.006,-0.006,-0.006,-0.006,-0.006,-0.006,-0.006,-0.006,-0.006,-0.006,-0.006,-0.006,-0.006,-0.006,-0.006,-0.006,-0.006,-0.006,-0.006,-0.006,-0.006,-0.006,-0.006,-0.006,-0.006,-0.006,-0.006,-0.006,-0.006,-0.006,-0.006,-0.006,-0.006,-0.006,-0.006,-0.006,-0.006,-0.006,-0.006,-0.006,-0.006,-0.006,-0.006,-0.006,-0.006,-0.006,-0.006,-0.006,-0.006,-0.006,-0.006,-0.006,-0.006,-0.006,-0.006,-0.006,-0.006,-0.006,-0.006,-0.006,-0.006,-0.006,-0.006,-0.006,-0.006,-0.006,-0.006,-0.006,-0.006,-0.006,-0.006,-0.006,-0.006,-0.006,-0.006,-0.006,-0.006,-0.006,-0.006,-0.006,-0.006,-0.006,-0.006,-0.006,-0.006,-0.006,-0.006,-0.006,-0.006,-0.006,-0.006,-0.006,-0.006,-0.006,-0.006,-0.006,-0.006,-0.006,-0.006,-0.006,-0.006,-0.006,-0.006,-0.006,-0.006,-0.006,-0.006,-0.006,-0.006,-0.006,-0.006,-0.006,-0.006,-0.006,-0.006,-0.006,-0.006,-0.006,-0.006,-0.006,-0.006,-0.006,-0.006,-0.006,-0.006,-0.006,-0.006,-0.006,-0.006,-0.006,-0.006,-0.006,-0.006,-0.006,-0.006,-0.006,-0.006,-0.006,-0.006,-0.006,-0.006,-0.006,-0.006,-0.006,-0.006,-0.006,-0.006,-0.006,-0.006,-0.006,-0.006,-0.006,-0.006,-0.006,-0.006,-0.006,-0.006,-0.006,-0.006,-0.006,-0.006,-0.006,-0.006,-0.006,-0.006,-0.006,-0.006,-0.006,-0.006,-0.006,-0.006,-0.006,-0.006,-0.006,-0.006,-0.006,-0.006,-0.006,-0.006,-0.006,-0.006,-0.006,-0.006,-0.006,-0.006,-0.006,-0.006,-0.006,-0.006,-0.006,-0.006,-0.006,-0.006,-0.006,-0.006,-0.006,-0.006,-0.006,-0.006,-0.006,-0.006,-0.006,-0.006,-0.006,-0.006,-0.006,-0.006,-0.006,-0.006,-0.006,-0.006,-0.006,-0.006,-0.006,-0.006,-0.006,-0.006,-0.006,-0.006,-0.006,-0.006,-0.006,-0.006,-0.006,-0.006,-0.006,-0.006,-0.006,-0.006,-0.006,-0.006,-0.006,-0.006,-0.006,-0.006,-0.006,-0.006,-0.006,-0.006,-0.006,-0.006,-0.006,-0.006,-0.006,-0.006,-0.006,-0.006,-0.006,-0.006,-0.006,-0.006,-0.006,-0.006,-0.006,-0.006,-0.006,-0.006,-0.006,-0.006,-0.006,-0.006,-0.006,-0.006,-0.006,-0.006,-0.006,-0.006,-0.006,-0.006,-0.006,-0.006,-0.006,-0.006
Q3_n,3,True,pu,_8cfa0329-80eb-5ce6-abcb-2de22c2d216c,,-0.004,-0.004,-0.004,-0.004,-0.004,-0.004,-0.004,-0.004,-0.004,-0.004,-0.004,-0.004,-0.004,-0.004,-0.004,-0.004,-0.004,-0.004,-0.004,-0.004,-0.004,-0.004,-0.004,-0.004,-0.004,-0.004,-0.004,-0.004,-0.004,-0.004,-0.004,-0.004,-0.004,-0.004,-0.004,-0.004,-0.004,-0.004,-0.004,-0.004,-0.004,-0.004,-0.004,-0.004,-0.004,-0.004,-0.004,-0.004,-0.004,-0.004,-0.004,-0.004,-0.004,-0.004,-0.004,-0.004,-0.004,-0.004,-0.004,-0.004,-0.004,-0.004,-0.004,-0.004,-0.004,-0.004,-0.004,-0.004,-0.004,-0.004,-0.004,-0.004,-0.004,-0.004,-0.004,-0.004,-0.004,-0.004,-0.004,-0.004,-0.004,-0.004,-0.004,-0.004,-0.004,-0.004,-0.004,-0.004,-0.004,-0.004,-0.004,-0.004,-0.004,-0.004,-0.004,-0.004,-0.004,-0.004,-0.004,-0.004,-0.004,-0.004,-0.004,-0.004,-0.004,-0.004,-0.004,-0.004,-0.004,-0.004,-0.004,-0.004,-0.004,-0.004,-0.004,-0.004,-0.004,-0.004,-0.004,-0.004,-0.004,-0.004,-0.004,-0.004,-0.004,-0.004,-0.004,-0.004,-0.004,-0.004,-0.004,-0.004,-0.004,-0.004,-0.004,-0.004,-0.004,-0.004,-0.004,-0.004,-0.004,-0.004,-0.004,-0.004,-0.004,-0.004,-0.004,-0.004,-0.004,-0.004,-0.004,-0.004,-0.004,-0.004,-0.004,-0.004,-0.004,-0.004,-0.004,-0.004,-0.004,-0.004,-0.004,-0.004,-0.004,-0.004,-0.004,-0.004,-0.004,-0.004,-0.004,-0.004,-0.004,-0.004,-0.004,-0.004,-0.004,-0.004,-0.004,-0.004,-0.004,-0.004,-0.004,-0.004,-0.004,-0.004,-0.004,-0.004,-0.004,-0.004,-0.004,-0.004,-0.004,-0.004,-0.004,-0.004,-0.004,-0.004,-0.004,-0.004,-0.004,-0.004,-0.004,-0.004,-0.004,-0.004,-0.004,-0.004,-0.004,-0.004,-0.004,-0.004,-0.004,-0.004,-0.004,-0.004,-0.004,-0.004,-0.004,-0.004,-0.004,-0.004,-0.004,-0.004,-0.004,-0.004,-0.004,-0.004,-0.004,-0.004,-0.004,-0.004,-0.004,-0.004,-0.004,-0.004,-0.004,-0.004,-0.004,-0.004,-0.004,-0.004,-0.004,-0.004,-0.004,-0.004,-0.004,-0.004,-0.004,-0.004,-0.004,-0.004,-0.004,-0.004,-0.004,-0.004,-0.004,-0.004,-0.004,-0.004,-0.004,-0.004,-0.004,-0.004,-0.004,-0.004,-0.004,-0.004,-0.004,-0.004,-0.004,-0.004,-0.004,-0.004,-0.004,-0.004,-0.004,-0.004,-0.004,-0.004
Q4_n,3,True,pu,_e9f0016a-b8b8-5c13-bdac-c25cc7e3ae32,,-0.003,-0.003,-0.003,-0.003,-0.003,-0.003,-0.003,-0.003,-0.003,-0.003,-0.003,-0.003,-0.003,-0.003,-0.003,-0.003,-0.003,-0.003,-0.003,-0.003,-0.003,-0.003,-0.003,-0.003,-0.003,-0.003,-0.003,-0.003,-0.003,-0.003,-0.003,-0.003,-0.003,-0.003,-0.003,-0.003,-0.003,-0.003,-0.003,-0.003,-0.003,-0.003,-0.003,-0.003,-0.003,-0.003,-0.003,-0.003,-0.003,-0.003,-0.003,-0.003,-0.003,-0.003,-0.003,-0.003,-0.003,-0.003,-0.003,-0.003,-0.003,-0.003,-0.003,-0.003,-0.003,-0.003,-0.003,-0.003,-0.003,-0.003,-0.003,-0.003,-0.003,-0.003,-0.003,-0.003,-0.003,-0.003,-0.003,-0.003,-0.003,-0.003,-0.003,-0.003,-0.003,-0.003,-0.003,-0.003,-0.003,-0.003,-0.003,-0.003,-0.003,-0.003,-0.003,-0.003,-0.003,-0.003,-0.003,-0.003,-0.003,-0.003,-0.003,-0.003,-0.003,-0.003,-0.003,-0.003,-0.003,-0.003,-0.003,-0.003,-0.003,-0.003,-0.003,-0.003,-0.003,-0.003,-0.003,-0.003,-0.003,-0.003,-0.003,-0.003,-0.003,-0.003,-0.003,-0.003,-0.003,-0.003,-0.003,-0.003,-0.003,-0.003,-0.003,-0.003,-0.003,-0.003,-0.003,-0.003,-0.003,-0.003,-0.003,-0.003,-0.003,-0.003,-0.003,-0.003,-0.003,-0.003,-0.003,-0.003,-0.003,-0.003,-0.003,-0.003,-0.003,-0.003,-0.003,-0.003,-0.003,-0.003,-0.003,-0.003,-0.003,-0.003,-0.003,-0.003,-0.003,-0.003,-0.003,-0.003,-0.003,-0.003,-0.003,-0.003,-0.003,-0.003,-0.003,-0.003,-0.003,-0.003,-0.003,-0.003,-0.003,-0.003,-0.003,-0.003,-0.003,-0.003,-0.003,-0.003,-0.003,-0.003,-0.003,-0.003,-0.003,-0.003,-0.003,-0.003,-0.003,-0.003,-0.003,-0.003,-0.003,-0.003,-0.003,-0.003,-0.003,-0.003,-0.003,-0.003,-0.003,-0.003,-0.003,-0.003,-0.003,-0.003,-0.003,-0.003,-0.003,-0.003,-0.003,-0.003,-0.003,-0.003,-0.003,-0.003,-0.003,-0.003,-0.003,-0.003,-0.003,-0.003,-0.003,-0.003,-0.003,-0.003,-0.003,-0.003,-0.003,-0.003,-0.003,-0.003,-0.003,-0.003,-0.003,-0.003,-0.003,-0.003,-0.003,-0.003,-0.003,-0.003,-0.003,-0.003,-0.003,-0.003,-0.003,-0.003,-0.003,-0.003,-0.003,-0.003,-0.003,-0.003,-0.003,-0.003,-0.003,-0.003,-0.003,-0.003,-0.003,-0.003,-0.003,-0.003,-0.003,-0.003,-0.003,-0.003
Q5_n,3,True,pu,_ebb6bf0b-3921-514a-aeb3-529a2dc7d0a5,,-0.002,-0.002,-0.002,-0.002,-0.002,-0.002,-0.002,-0.002,-0.002,-0.002,-0.002,-0.002,-0.002,-0.002,-0.002,-0.002,-0.002,-0.002,-0.002,-0.002,-0.002,-0.002,-0.002,-0.002,-0.002,-0.002,-0.002,-0.002,-0.002,-0.002,-0.002,-0.002,-0.002,-0.002,-0.002,-0.002,-0.002,-0.002,-0.002,-0.002,-0.002,-0.002,-0.002,-0.002,-0.002,-0.002,-0.002,-0.002,-0.002,-0.002,-0.002,-0.002,-0.002,-0.002,-0.002,-0.002,-0.002,-0.002,-0.002,-0.002,-0.002,-0.002,-0.002,-0.002,-0.002,-0.002,-0.002,-0.002,-0.002,-0.002,-0.002,-0.002,-0.002,-0.002,-0.002,-0.002,-0.002,-0.002,-0.002,-0.002,-0.002,-0.002,-0.002,-0.002,-0.002,-0.002,-0.002,-0.002,-0.002,-0.002,-0.002,-0.002,-0.002,-0.002,-0.002,-0.002,-0.002,-0.002,-0.002,-0.002,-0.002,-0.002,-0.002,-0.002,-0.002,-0.002,-0.002,-0.002,-0.002,-0.002,-0.002,-0.002,-0.002,-0.002,-0.002,-0.002,-0.002,-0.002,-0.002,-0.002,-0.002,-0.002,-0.002,-0.002,-0.002,-0.002,-0.002,-0.002,-0.002,-0.002,-0.002,-0.002,-0.002,-0.002,-0.002,-0.002,-0.002,-0.002,-0.002,-0.002,-0.002,-0.002,-0.002,-0.002,-0.002,-0.002,-0.002,-0.002,-0.002,-0.002,-0.002,-0.002,-0.002,-0.002,-0.002,-0.002,-0.002,-0.002,-0.002,-0.002,-0.002,-0.002,-0.002,-0.002,-0.002,-0.002,-0.002,-0.002,-0.002,-0.002,-0.002,-0.002,-0.002,-0.002,-0.002,-0.002,-0.002,-0.002,-0.002,-0.002,-0.002,-0.002,-0.002,-0.002,-0.002,-0.002,-0.002,-0.002,-0.002,-0.002,-0.002,-0.002,-0.002,-0.002,-0.002,-0.002,-0.002,-0.002,-0.002,-0.002,-0.002,-0.002,-0.002,-0.002,-0.002,-0.002,-0.002,-0.002,-0.002,-0.002,-0.002,-0.002,-0.002,-0.002,-0.002,-0.002,-0.002,-0.002,-0.002,-0.002,-0.002,-0.002,-0.002,-0.002,-0.002,-0.002,-0.002,-0.002,-0.002,-0.002,-0.002,-0.002,-0.002,-0.002,-0.002,-0.002,-0.002,-0.002,-0.002,-0.002,-0.002,-0.002,-0.002,-0.002,-0.002,-0.002,-0.002,-0.002,-0.002,-0.002,-0.002,-0.002,-0.002,-0.002,-0.002,-0.002,-0.002,-0.002,-0.002,-0.002,-0.002,-0.002,-0.002,-0.002,-0.002,-0.002,-0.002,-0.002,-0.002,-0.002,-0.002,-0.002,-0.002,-0.002,-0.002,-0.002,-0.002,-0.002,-0.002,-0.002
Q6_n,3,True,pu,_2248cb01-e4ac-573f-a813-5d675310820f,,-0.002,-0.002,-0.002,-0.002,-0.002,-0.002,-0.002,-0.002,-0.002,-0.002,-0.002,-0.002,-0.002,-0.002,-0.002,-0.002,-0.002,-0.002,-0.002,-0.002,-0.002,-0.002,-0.002,-0.002,-0.002,-0.002,-0.002,-0.002,-0.002,-0.002,-0.002,-0.002,-0.002,-0.002,-0.002,-0.002,-0.002,-0.002,-0.002,-0.002,-0.002,-0.002,-0.002,-0.002,-0.002,-0.002,-0.002,-0.002,-0.002,-0.002,-0.002,-0.002,-0.002,-0.002,-0.002,-0.002,-0.002,-0.002,-0.002,-0.002,-0.002,-0.002,-0.002,-0.002,-0.002,-0.002,-0.002,-0.002,-0.002,-0.002,-0.002,-0.002,-0.002,-0.002,-0.002,-0.002,-0.002,-0.002,-0.002,-0.002,-0.002,-0.002,-0.002,-0.002,-0.002,-0.002,-0.002,-0.002,-0.002,-0.002,-0.002,-0.002,-0.002,-0.002,-0.002,-0.002,-0.002,-0.002,-0.002,-0.002,-0.002,-0.002,-0.002,-0.002,-0.002,-0.002,-0.002,-0.002,-0.002,-0.002,-0.002,-0.002,-0.002,-0.002,-0.002,-0.002,-0.002,-0.002,-0.002,-0.002,-0.002,-0.002,-0.002,-0.002,-0.002,-0.002,-0.002,-0.002,-0.002,-0.002,-0.002,-0.002,-0.002,-0.002,-0.002,-0.002,-0.002,-0.002,-0.002,-0.002,-0.002,-0.002,-0.002,-0.002,-0.002,-0.002,-0.002,-0.002,-0.002,-0.002,-0.002,-0.002,-0.002,-0.002,-0.002,-0.002,-0.002,-0.002,-0.002,-0.002,-0.002,-0.002,-0.002,-0.002,-0.002,-0.002,-0.002,-0.002,-0.002,-0.002,-0.002,-0.002,-0.002,-0.002,-0.002,-0.002,-0.002,-0.002,-0.002,-0.002,-0.002,-0.002,-0.002,-0.002,-0.002,-0.002,-0.002,-0.002,-0.002,-0.002,-0.002,-0.002,-0.002,-0.002,-0.002,-0.002,-0.002,-0.002,-0.002,-0.002,-0.002,-0.002,-0.002,-0.002,-0.002,-0.002,-0.002,-0.002,-0.002,-0.002,-0.002,-0.002,-0.002,-0.002,-0.002,-0.002,-0.002,-0.002,-0.002,-0.002,-0.002,-0.002,-0.002,-0.002,-0.002,-0.002,-0.002,-0.002,-0.002,-0.002,-0.002,-0.002,-0.002,-0.002,-0.002,-0.002,-0.002,-0.002,-0.002,-0.002,-0.002,-0.002,-0.002,-0.002,-0.002,-0.002,-0.002,-0.002,-0.002,-0.002,-0.002,-0.002,-0.002,-0.002,-0.002,-0.002,-0.002,-0.002,-0.002,-0.002,-0.002,-0.002,-0.002,-0.002,-0.002,-0.002,-0.002,-0.002,-0.002,-0.002,-0.002,-0.002,-0.002,-0.002,-0.002,-0.002,-0.002,-0.002,-0.002,-0.002
Q7_n,3,True,pu,_f6849451-1b54-5b7c-bc67-4c766345b423,,-0.001,-0.001,-0.001,-0.001,-0.001,-0.001,-0.001,-0.001,-0.001,-0.001,-0.001,-0.001,-0.001,-0.001,-0.001,-0.001,-0.001,-0.001,-0.001,-0.001,-0.001,-0.001,-0.001,-0.001,-0.001,-0.001,-0.001,-0.001,-0.001,-0.001,-0.001,-0.001,-0.001,-0.001,-0.001,-0.001,-0.001,-0.001,-0.001,-0.001,-0.001,-0.001,-0.001,-0.001,-0.001,-0.001,-0.001,-0.001,-0.001,-0.001,-0.001,-0.001,-0.001,-0.001,-0.001,-0.001,-0.001,-0.001,-0.001,-0.001,-0.001,-0.001,-0.001,-0.001,-0.001,-0.001,-0.001,-0.001,-0.001,-0.001,-0.001,-0.001,-0.001,-0.001,-0.001,-0.001,-0.001,-0.001,-0.001,-0.001,-0.001,-0.001,-0.001,-0.001,-0.001,-0.001,-0.001,-0.001,-0.001,-0.001,-0.001,-0.001,-0.001,-0.001,-0.001,-0.001,-0.001,-0.001,-0.001,-0.001,-0.001,-0.001,-0.001,-0.001,-0.001,-0.001,-0.001,-0.001,-0.001,-0.001,-0.001,-0.001,-0.001,-0.001,-0.001,-0.001,-0.001,-0.001,-0.001,-0.001,-0.001,-0.001,-0.001,-0.001,-0.001,-0.001,-0.001,-0.001,-0.001,-0.001,-0.001,-0.001,-0.001,-0.001,-0.001,-0.001,-0.001,-0.001,-0.001,-0.001,-0.001,-0.001,-0.001,-0.001,-0.001,-0.001,-0.001,-0.001,-0.001,-0.001,-0.001,-0.001,-0.001,-0.001,-0.001,-0.001,-0.001,-0.001,-0.001,-0.001,-0.001,-0.001,-0.001,-0.001,-0.001,-0.001,-0.001,-0.001,-0.001,-0.001,-0.001,-0.001,-0.001,-0.001,-0.001,-0.001,-0.001,-0.001,-0.001,-0.001,-0.001,-0.001,-0.001,-0.001,-0.001,-0.001,-0.001,-0.001,-0.001,-0.001,-0.001,-0.001,-0.001,-0.001,-0.001,-0.001,-0.001,-0.001,-0.001,-0.001,-0.001,-0.001,-0.001,-0.001,-0.001,-0.001,-0.001,-0.001,-0.001,-0.001,-0.001,-0.001,-0.001,-0.001,-0.001,-0.001,-0.001,-0.001,-0.001,-0.001,-0.001,-0.001,-0.001,-0.001,-0.001,-0.001,-0.001,-0.001,-0.001,-0.001,-0.001,-0.001,-0.001,-0.001,-0.001,-0.001,-0.001,-0.001,-0.001,-0.001,-0.001,-0.001,-0.001,-0.001,-0.001,-0.001,-0.001,-0.001,-0.001,-0.001,-0.001,-0.001,-0.001,-0.001,-0.001,-0.001,-0.001,-0.001,-0.001,-0.001,-0.001,-0.001,-0.001,-0.001,-0.001,-0.001,-0.001,-0.001,-0.001,-0.001,-0.001,-0.001,-0.001,-0.001,-0.001,-0.001,-0.001,-0.001,-0.001,-0.001
Q8_n,3,True,pu,_7ee8d88c-1a83-5ce2-8056-333aa196ba71,,-0.002,-0.002,-0.002,-0.002,-0.002,-0.002,-0.002,-0.002,-0.002,-0.002,-0.002,-0.002,-0.002,-0.002,-0.002,-0.002,-0.002,-0.002,-0.002,-0.002,-0.002,-0.002,-0.002,-0.002,-0.002,-0.002,-0.002,-0.002,-0.002,-0.002,-0.002,-0.002,-0.002,-0.002,-0.002,-0.002,-0.002,-0.002,-0.002,-0.002,-0.002,-0.002,-0.002,-0.002,-0.002,-0.002,-0.002,-0.002,-0.002,-0.002,-0.002,-0.002,-0.002,-0.002,-0.002,-0.002,-0.002,-0.002,-0.002,-0.002,-0.002,-0.002,-0.002,-0.002,-0.002,-0.002,-0.002,-0.002,-0.002,-0.002,-0.002,-0.002,-0.002,-0.002,-0.002,-0.002,-0.002,-0.002,-0.002,-0.002,-0.002,-0.002,-0.002,-0.002,-0.002,-0.002,-0.002,-0.002,-0.002,-0.002,-0.002,-0.002,-0.002,-0.002,-0.002,-0.002,-0.002,-0.002,-0.002,-0.002,-0.002,-0.002,-0.002,-0.002,-0.002,-0.002,-0.002,-0.002,-0.002,-0.002,-0.002,-0.002,-0.002,-0.002,-0.002,-0.002,-0.002,-0.002,-0.002,-0.002,-0.002,-0.002,-0.002,-0.002,-0.002,-0.002,-0.002,-0.002,-0.002,-0.002,-0.002,-0.002,-0.002,-0.002,-0.002,-0.002,-0.002,-0.002,-0.002,-0.002,-0.002,-0.002,-0.002,-0.002,-0.002,-0.002,-0.002,-0.002,-0.002,-0.002,-0.002,-0.002,-0.002,-0.002,-0.002,-0.002,-0.002,-0.002,-0.002,-0.002,-0.002,-0.002,-0.002,-0.002,-0.002,-0.002,-0.002,-0.002,-0.002,-0.002,-0.002,-0.002,-0.002,-0.002,-0.002,-0.002,-0.002,-0.002,-0.002,-0.002,-0.002,-0.002,-0.002,-0.002,-0.002,-0.002,-0.002,-0.002,-0.002,-0.002,-0.002,-0.002,-0.002,-0.002,-0.002,-0.002,-0.002,-0.002,-0.002,-0.002,-0.002,-0.002,-0.002,-0.002,-0.002,-0.002,-0.002,-0.002,-0.002,-0.002,-0.002,-0.002,-0.002,-0.002,-0.002,-0.002,-0.002,-0.002,-0.002,-0.002,-0.002,-0.002,-0.002,-0.002,-0.002,-0.002,-0.002,-0.002,-0.002,-0.002,-0.002,-0.002,-0.002,-0.002,-0.002,-0.002,-0.002,-0.002,-0.002,-0.002,-0.002,-0.002,-0.002,-0.002,-0.002,-0.002,-0.002,-0.002,-0.002,-0.002,-0.002,-0.002,-0.002,-0.002,-0.002,-0.002,-0.002,-0.002,-0.002,-0.002,-0.002,-0.002,-0.002,-0.002,-0.002,-0.002,-0.002,-0.002,-0.002,-0.002,-0.002,-0.002,-0.002,-0.002,-0.002,-0.002,-0.002,-0.002,-0.002,-0.002
Q9_n,3,True,pu,_26a560cd-5d87-5dd7-b588-cb2d8efa50ce,,-1e-05,-1e-05,-1e-05,-1e-05,-1e-05,-1e-05,-1e-05,-1e-05,-1e-05,-1e-05,-1e-05,-1e-05,-1e-05,-1e-05,-1e-05,-1e-05,-1e-05,-1e-05,-1e-05,-1e-05,-1e-05,-1e-05,-1e-05,-1e-05,-1e-05,-1e-05,-1e-05,-1e-05,-1e-05,-1e-05,-1e-05,-1e-05,-1e-05,-1e-05,-1e-05,-1e-05,-1e-05,-1e-05,-1e-05,-1e-05,-1e-05,-1e-05,-1e-05,-1e-05,-1e-05,-1e-05,-1e-05,-1e-05,-1e-05,-1e-05,-1e-05,-1e-05,-1e-05,-1e-05,-1e-05,-1e-05,-1e-05,-1e-05,-1e-05,-1e-05,-1e-05,-1e-05,-1e-05,-1e-05,-1e-05,-1e-05,-1e-05,-1e-05,-1e-05,-1e-05,-1e-05,-1e-05,-1e-05,-1e-05,-1e-05,-1e-05,-1e-05,-1e-05,-1e-05,-1e-05,-1e-05,-1e-05,-1e-05,-1e-05,-1e-05,-1e-05,-1e-05,-1e-05,-1e-05,-1e-05,-1e-05,-1e-05,-1e-05,-1e-05,-1e-05,-1e-05,-1e-05,-1e-05,-1e-05,-1e-05,-1e-05,-1e-05,-1e-05,-1e-05,-1e-05,-1e-05,-1e-05,-1e-05,-1e-05,-1e-05,-1e-05,-1e-05,-1e-05,-1e-05,-1e-05,-1e-05,-1e-05,-1e-05,-1e-05,-1e-05,-1e-05,-1e-05,-1e-05,-1e-05,-1e-05,-1e-05,-1e-05,-1e-05,-1e-05,-1e-05,-1e-05,-1e-05,-1e-05,-1e-05,-1e-05,-1e-05,-1e-05,-1e-05,-1e-05,-1e-05,-1e-05,-1e-05,-1e-05,-1e-05,-1e-05,-1e-05,-1e-05,-1e-05,-1e-05,-1e-05,-1e-05,-1e-05,-1e-05,-1e-05,-1e-05,-1e-05,-1e-05,-1e-05,-1e-05,-1e-05,-1e-05,-1e-05,-1e-05,-1e-05,-1e-05,-1e-05,-1e-05,-1e-05,-1e-05,-1e-05,-1e-05,-1e-05,-1e-05,-1e-05,-1e-05,-1e-05,-1e-05,-1e-05,-1e-05,-1e-05,-1e-05,-1e-05,-1e-05,-1e-05,-1e-05,-1e-05,-1e-05,-1e-05,-1e-05,-1e-05,-1e-05,-1e-05,-1e-05,-1e-05,-1e-05,-1e-05,-1e-05,-1e-05,-1e-05,-1e-05,-1e-05,-1e-05,-1e-05,-1e-05,-1e-05,-1e-05,-1e-05,-1e-05,-1e-05,-1e-05,-1e-05,-1e-05,-1e-05,-1e-05,-1e-05,-1e-05,-1e-05,-1e-05,-1e-05,-1e-05,-1e-05,-1e-05,-1e-05,-1e-05,-1e-05,-1e-05,-1e-05,-1e-05,-1e-05,-1e-05,-1e-05,-1e-05,-1e-05,-1e-05,-1e-05,-1e-05,-1e-05,-1e-05,-1e-05,-1e-05,-1e-05,-1e-05,-1e-05,-1e-05,-1e-05,-1e-05,-1e-05,-1e-05,-1e-05,-1e-05,-1e-05,-1e-05,-1e-05,-1e-05,-1e-05,-1e-05,-1e-05,-1e-05,-1e-05,-1e-05,-1e-05,-1e-05,-1e-05,-1e-05,-1e-05,-1e-05,-1e-05,-1e-05,-1e-05,-1e-05,-1e-05,-1e-05,-1e-05,-1e-05,-1e-05,-1e-05,-1e-05,-1e-05,-1e-05,-1e-05
Q10_n,3,True,pu,_ce4d9ad0-927b-5126-b1e2-b0e9090aae41,,-0.005,-0.005,-0.005,-0.005,-0.005,-0.005,-0.005,-0.005,-0.005,-0.005,-0.005,-0.005,-0.005,-0.005,-0.005,-0.005,-0.005,-0.005,-0.005,-0.005,-0.005,-0.005,-0.005,-0.005,-0.005,-0.005,-0.005,-0.005,-0.005,-0.005,-0.005,-0.005,-0.005,-0.005,-0.005,-0.005,-0.005,-0.005,-0.005,-0.005,-0.005,-0.005,-0.005,-0.005,-0.005,-0.005,-0.005,-0.005,-0.005,-0.005,-0.005,-0.005,-0.005,-0.005,-0.005,-0.005,-0.005,-0.005,-0.005,-0.005,-0.005,-0.005,-0.005,-0.005,-0.005,-0.005,-0.005,-0.005,-0.005,-0.005,-0.005,-0.005,-0.005,-0.005,-0.005,-0.005,-0.005,-0.005,-0.005,-0.005,-0.005,-0.005,-0.005,-0.005,-0.005,-0.005,-0.005,-0.005,-0.005,-0.005,-0.005,-0.005,-0.005,-0.005,-0.005,-0.005,-0.005,-0.005,-0.005,-0.005,-0.005,-0.005,-0.005,-0.005,-0.005,-0.005,-0.005,-0.005,-0.005,-0.005,-0.005,-0.005,-0.005,-0.005,-0.005,-0.005,-0.005,-0.005,-0.005,-0.005,-0.005,-0.005,-0.005,-0.005,-0.005,-0.005,-0.005,-0.005,-0.005,-0.005,-0.005,-0.005,-0.005,-0.005,-0.005,-0.005,-0.005,-0.005,-0.005,-0.005,-0.005,-0.005,-0.005,-0.005,-0.005,-0.005,-0.005,-0.005,-0.005,-0.005,-0.005,-0.005,-0.005,-0.005,-0.005,-0.005,-0.005,-0.005,-0.005,-0.005,-0.005,-0.005,-0.005,-0.005,-0.005,-0.005,-0.005,-0.005,-0.005,-0.005,-0.005,-0.005,-0.005,-0.005,-0.005,-0.005,-0.005,-0.005,-0.005,-0.005,-0.005,-0.005,-0.005,-0.005,-0.005,-0.005,-0.005,-0.005,-0.005,-0.005,-0.005,-0.005,-0.005,-0.005,-0.005,-0.005,-0.005,-0.005,-0.005,-0.005,-0.005,-0.005,-0.005,-0.005,-0.005,-0.005,-0.005,-0.005,-0.005,-0.005,-0.005,-0.005,-0.005,-0.005,-0.005,-0.005,-0.005,-0.005,-0.005,-0.005,-0.005,-0.005,-0.005,-0.005,-0.005,-0.005,-0.005,-0.005,-0.005,-0.005,-0.005,-0.005,-0.005,-0.005,-0.005,-0.005,-0.005,-0.005,-0.005,-0.005,-0.005,-0.005,-0.005,-0.005,-0.005,-0.005,-0.005,-0.005,-0.005,-0.005,-0.005,-0.005,-0.005,-0.005,-0.005,-0.005,-0.005,-0.005,-0.005,-0.005,-0.005,-0.005,-0.005,-0.005,-0.005,-0.005,-0.005,-0.005,-0.005,-0.005,-0.005,-0.005,-0.005,-0.005,-0.005,-0.005,-0.005,-0.005,-0.005,-0.005
P12a_n,4,False,pu,_27843fdd-4c6e-5abb-a9d4-24f3d946f1a1,,0.069403,0.069403,0.069403,0.069403,0.069403,0.069403,0.069403,0.069403,0.069403,0.069403,0.069403,0.069403,0.069403,0.069403,0.069403,0.069403,0.069403,0.069403,0.069403,0.069403,0.069403,0.069403,0.069403,0.069403,0.069403,0.069403,0.069403,0.069403,0.069403,0.069403,0.069403,0.069403,0.069403,0.069403,0.097689,0.128656,0.180379,0.226863,0.245737,0.292661,0.327387,0.351553,0.353147,0.372199,0.390126,0.386342,0.402216,0.418012,0.410291,0.414558,0.418567,0.419332,0.4307,0.421764,0.422661,0.433566,0.423719,0.423996,0.424488,0.424708,0.435349,0.42537,0.425491,0.425614,0.436004,0.436129,0.4363,0.426041,0.436478,0.426222,0.426311,0.436728,0.426385,0.436791,0.436842,0.426509,0.436882,0.436913,0.4266,0.436971,0.42665,0.437037,0.4267,0.426703,0.437063,0.437046,0.426703,0.43705,0.42671,0.426707,0.437054,0.437054,0.426714,0.437072,0.42671,0.437057,0.426715,0.426715,0.437072,0.437072,0.426711,0.426716,0.426716,0.426712,0.437072,0.426716,0.426712,0.426716,0.426716,0.426712,0.437059,0.437072,0.437072,0.43706,0.426716,0.426712,0.43706,0.426716,0.437071,0.43706,0.437071,0.426712,0.43706,0.426715,0.437071,0.426712,0.437061,0.426715,0.437071,0.426712,0.426712,0.437061,0.426715,0.437071,0.426712,0.437061,0.426715,0.437071,0.426713,0.426715,0.43707,0.426713,0.437061,0.437061,0.43707,0.426713,0.437062,0.426715,0.426715,0.426713,0.437062,0.426715,0.437069,0.426715,0.437069,0.437063,0.426715,0.437069,0.426713,0.426713,0.437069,0.426715,0.437069,0.437063,0.437069,0.437069,0.426713,0.437063,0.426715,0.437068,0.426713,0.437063,0.426715,0.437068,0.426713,0.426715,0.426715,0.437068,0.426715,0.437068,0.426713,0.437063,0.426715,0.437068,0.426713,0.437063,0.426713,0.437068,0.426713,0.437063,0.426715,0.437068,0.426713,0.437064,0.426715,0.437068,0.426713,0.437064,0.426715,0.437068,0.426713,0.437064,0.426714,0.426714,0.437068,0.426713,0.437064,0.437064,0.437067,0.426713,0.426713,0.426714,0.437067,0.426713,0.426713,0.437064,0.426714,0.426714,0.437067,0.437067,0.426713,0.437064,0.426714,0.437067,0.437067,0.426713,0.437064,0.426714,0.437067,0.426713,0.426713,0.426714,0.426713,0.426714,0.437067,0.437064,0.426714,0.437067,0.437067,0.403919,0.305925,0.272914,0.244724,0.220399,0.175698,0.137289,0.127734,0.117158,0.102998,0.094411,0.089886,0.082438,0.079037,0.076561,0.073918,0.073335,0.072205,0.071343,0.070854,0.070678,0.070465,0.070271,0.070113,0.069766,0.069467,0.069442,0.06943,0.069441,0.069415,0.069397,0.069429,0.069405,0.069412,0.069424,0.069402,0.06939,0.06939,0.069408,0.069419,0.069389
P23a_n,4,False,pu,_1732b6e8-3160-53e9-a59f-842b74f42405,,0.05506,0.05506,0.05506,0.05506,0.05506,0.05506,0.05506,0.05506,0.05506,0.05506,0.05506,0.05506,0.05506,0.05506,0.05506,0.05506,0.05506,0.05506,0.05506,0.05506,0.05506,0.05506,0.05506,0.05506,0.05506,0.05506,0.05506,0.05506,0.05506,0.05506,0.05506,0.05506,0.05506,0.05506,0.080762,0.108883,0.155852,0.198083,0.215258,0.257883,0.289438,0.311379,0.312836,0.33015,0.346424,0.342995,0.357421,0.371748,0.364757,0.368629,0.372272,0.372971,0.383285,0.375181,0.375995,0.385889,0.376953,0.377208,0.377655,0.377851,0.3875,0.378453,0.378566,0.378675,0.388103,0.388209,0.388365,0.379066,0.388533,0.379227,0.379309,0.388753,0.379375,0.388811,0.388857,0.379491,0.3889,0.388929,0.379574,0.388974,0.379616,0.389041,0.379662,0.379665,0.389058,0.389049,0.379667,0.389052,0.379671,0.37967,0.389055,0.389056,0.379675,0.389067,0.379673,0.389058,0.379676,0.379676,0.389067,0.389068,0.379674,0.379676,0.379676,0.379674,0.389068,0.379677,0.379674,0.379677,0.379677,0.379675,0.38906,0.389067,0.389067,0.38906,0.379677,0.379675,0.38906,0.379676,0.389067,0.38906,0.389067,0.379675,0.38906,0.379676,0.389067,0.379675,0.389061,0.379676,0.389067,0.379675,0.379675,0.389061,0.379676,0.389067,0.379675,0.389061,0.379676,0.389067,0.379675,0.379676,0.389067,0.379675,0.389061,0.389061,0.389066,0.379675,0.389061,0.379676,0.379676,0.379675,0.389061,0.379676,0.389066,0.379676,0.389066,0.389062,0.379676,0.389066,0.379675,0.379675,0.389066,0.379676,0.389066,0.389062,0.389066,0.389066,0.379675,0.389062,0.379676,0.389066,0.379675,0.389062,0.379676,0.389066,0.379675,0.379676,0.379676,0.389066,0.379676,0.389065,0.379675,0.389062,0.379676,0.389065,0.379675,0.389062,0.379675,0.389065,0.379675,0.389062,0.379676,0.389065,0.379675,0.389062,0.379676,0.389065,0.379675,0.389062,0.379676,0.389065,0.379675,0.389062,0.379676,0.379676,0.389065,0.379675,0.389062,0.389062,0.389065,0.379675,0.379675,0.379676,0.389065,0.379675,0.379675,0.389062,0.379676,0.379676,0.389065,0.389065,0.379675,0.389062,0.379676,0.389065,0.389065,0.379675,0.389063,0.379676,0.389065,0.379675,0.379675,0.379676,0.379675,0.379676,0.389065,0.389063,0.379676,0.389065,0.389065,0.358993,0.269998,0.24,0.214384,0.192278,0.151656,0.11675,0.108068,0.098457,0.08559,0.077784,0.073672,0.066904,0.063815,0.061564,0.059165,0.058632,0.057604,0.056823,0.056378,0.056216,0.056025,0.05585,0.055706,0.055389,0.055118,0.055096,0.055083,0.055092,0.055071,0.055056,0.055082,0.055062,0.055067,0.055077,0.05506,0.055049,0.055049,0.055064,0.055073,0.055049
P28a_n,4,False,pu,_9aa80551-1b6f-57a0-a385-5cf78e8c5b7b,,0.004002,0.004002,0.004002,0.004002,0.004002,0.004002,0.004002,0.004002,0.004002,0.004002,0.004002,0.004002,0.004002,0.004002,0.004002,0.004002,0.004002,0.004002,0.004002,0.004002,0.004002,0.004002,0.004002,0.004002,0.004002,0.004002,0.004002,0.004002,0.004002,0.004002,0.004002,0.004002,0.004002,0.004002,0.003987,0.003983,0.003977,0.00398,0.003989,0.003994,0.003996,0.00399,0.003999,0.004001,0.003994,0.004002,0.004003,0.003998,0.004004,0.004005,0.004005,0.004005,0.003998,0.004005,0.004005,0.003998,0.004006,0.004006,0.004006,0.004006,0.004,0.004006,0.004006,0.004006,0.003998,0.004,0.004,0.004006,0.003998,0.004006,0.004006,0.004,0.004006,0.004,0.004,0.004006,0.003998,0.003998,0.004006,0.004,0.004006,0.003999,0.004006,0.004006,0.004,0.003999,0.004006,0.003999,0.004006,0.004006,0.003999,0.003999,0.004006,0.004,0.004006,0.003999,0.004006,0.004006,0.004,0.004,0.004006,0.004006,0.004006,0.004006,0.004,0.004006,0.004006,0.004006,0.004006,0.004006,0.003999,0.003999,0.003999,0.003999,0.004006,0.004006,0.003999,0.004006,0.003999,0.003999,0.003999,0.004006,0.003999,0.004006,0.003999,0.004006,0.003999,0.004006,0.003999,0.004006,0.004006,0.003999,0.004006,0.003999,0.004006,0.003999,0.004006,0.003999,0.004006,0.004006,0.003999,0.004006,0.003999,0.003999,0.003999,0.004006,0.003999,0.004006,0.004006,0.004006,0.003999,0.004006,0.003999,0.004006,0.003999,0.003999,0.004006,0.003999,0.004006,0.004006,0.003999,0.004006,0.003999,0.003999,0.003999,0.003999,0.004006,0.003999,0.004006,0.003999,0.004006,0.003999,0.004006,0.003999,0.004006,0.004006,0.004006,0.003999,0.004006,0.003999,0.004006,0.003999,0.004006,0.003999,0.004006,0.003999,0.004006,0.003999,0.004006,0.003999,0.004006,0.003999,0.004006,0.003999,0.004006,0.003999,0.004006,0.003999,0.004006,0.003999,0.004006,0.003999,0.004006,0.004006,0.003999,0.004006,0.003999,0.003999,0.003999,0.004006,0.004006,0.004006,0.003999,0.004006,0.004006,0.003999,0.004006,0.004006,0.003999,0.003999,0.004006,0.003999,0.004006,0.003999,0.003999,0.004006,0.003999,0.004006,0.003999,0.004006,0.004006,0.004006,0.004006,0.004006,0.003999,0.003999,0.004006,0.003999,0.003999,0.004023,0.004025,0.00402,0.00402,0.00402,0.004012,0.004011,0.004007,0.004006,0.004004,0.004006,0.004006,0.004004,0.004003,0.004003,0.004001,0.004003,0.004004,0.004002,0.004003,0.004003,0.004002,0.004002,0.004002,0.004002,0.004002,0.004002,0.004002,0.004003,0.004002,0.004001,0.004003,0.004002,0.004002,0.004003,0.004002,0.004001,0.004002,0.004002,0.004003,0.004002
P34a_n,4,False,pu,_ceee713b-5155-57a3-a7af-70ed055874db,,0.035991,0.035991,0.035991,0.035991,0.035991,0.035991,0.035991,0.035991,0.035991,0.035991,0.035991,0.035991,0.035991,0.035991,0.035991,0.035991,0.035991,0.035991,0.035991,0.035991,0.035991,0.035991,0.035991,0.035991,0.035991,0.035991,0.035991,0.035991,0.035991,0.035991,0.035991,0.035991,0.035991,0.035991,0.035294,0.035048,0.034635,0.0346,0.034874,0.034891,0.034884,0.034567,0.034897,0.034891,0.034576,0.0349,0.034896,0.0346,0.034898,0.034903,0.034903,0.0349,0.034588,0.0349,0.034901,0.03459,0.034903,0.034901,0.034901,0.034903,0.034597,0.034903,0.034901,0.034903,0.034592,0.034597,0.034597,0.034902,0.034592,0.034903,0.034903,0.034596,0.034903,0.034596,0.034596,0.034902,0.034593,0.034593,0.034902,0.034596,0.034903,0.034594,0.034903,0.034903,0.034595,0.034594,0.034902,0.034594,0.034903,0.034902,0.034594,0.034594,0.034903,0.034595,0.034902,0.034594,0.034903,0.034903,0.034595,0.034595,0.034902,0.034903,0.034903,0.034902,0.034595,0.034903,0.034902,0.034903,0.034902,0.034903,0.034595,0.034594,0.034594,0.034595,0.034902,0.034903,0.034595,0.034902,0.034594,0.034595,0.034594,0.034903,0.034595,0.034902,0.034594,0.034903,0.034595,0.034902,0.034594,0.034903,0.034903,0.034595,0.034902,0.034594,0.034903,0.034595,0.034902,0.034594,0.034903,0.034902,0.034594,0.034903,0.034595,0.034595,0.034594,0.034903,0.034595,0.034902,0.034902,0.034903,0.034595,0.034902,0.034594,0.034902,0.034594,0.034595,0.034902,0.034594,0.034903,0.034903,0.034594,0.034902,0.034594,0.034595,0.034594,0.034594,0.034903,0.034595,0.034902,0.034594,0.034903,0.034595,0.034902,0.034594,0.034903,0.034902,0.034902,0.034594,0.034902,0.034594,0.034903,0.034595,0.034902,0.034594,0.034903,0.034595,0.034903,0.034594,0.034903,0.034595,0.034902,0.034594,0.034903,0.034595,0.034902,0.034594,0.034903,0.034595,0.034902,0.034594,0.034903,0.034595,0.034902,0.034902,0.034594,0.034903,0.034595,0.034595,0.034594,0.034903,0.034903,0.034902,0.034594,0.034903,0.034903,0.034595,0.034902,0.034902,0.034594,0.034594,0.034903,0.034595,0.034902,0.034594,0.034594,0.034903,0.034595,0.034902,0.034594,0.034903,0.034903,0.034902,0.034903,0.034902,0.034594,0.034595,0.034902,0.034594,0.034594,0.035814,0.036335,0.036246,0.036309,0.036321,0.036157,0.036156,0.036079,0.036062,0.036013,0.036063,0.036053,0.036018,0.036003,0.036007,0.035986,0.036,0.036004,0.035993,0.035995,0.035998,0.035992,0.035992,0.035992,0.035992,0.035991,0.035992,0.035991,0.035989,0.035992,0.035994,0.035988,0.035992,0.03599,0.035988,0.035992,0.035994,0.035994,0.03599,0.035988,0.035994
P39a_n,4,False,pu,_474c5e1e-bf6a-57f6-9587-580cf6b18994,,0.009024,0.009024,0.009024,0.009024,0.009024,0.009024,0.009024,0.009024,0.009024,0.009024,0.009024,0.009024,0.009024,0.009024,0.009024,0.009024,0.009024,0.009024,0.009024,0.009024,0.009024,0.009024,0.009024,0.009024,0.009024,0.009024,0.009024,0.009024,0.009024,0.009024,0.009024,0.009024,0.009024,0.009024,0.022717,0.037274,0.061618,0.083309,0.092,0.113828,0.130048,0.141512,0.14202,0.150929,0.159482,0.157492,0.164915,0.17242,0.168677,0.170645,0.172514,0.172889,0.178378,0.174021,0.174439,0.179712,0.174917,0.17506,0.17529,0.175378,0.180509,0.175687,0.175756,0.175801,0.180845,0.180873,0.180954,0.176012,0.181065,0.176084,0.176126,0.181154,0.176161,0.181184,0.181208,0.17623,0.181251,0.181266,0.176272,0.181268,0.176285,0.181322,0.176309,0.17631,0.181313,0.181326,0.176319,0.181327,0.176314,0.176321,0.181329,0.181329,0.176316,0.181318,0.176322,0.181329,0.176316,0.176316,0.181319,0.181319,0.176322,0.176317,0.176317,0.176322,0.18132,0.176317,0.176322,0.176317,0.176317,0.176322,0.181329,0.18132,0.18132,0.181329,0.176318,0.176322,0.181329,0.176318,0.181321,0.181329,0.181321,0.176322,0.181328,0.176318,0.181321,0.176322,0.181328,0.176318,0.181321,0.176322,0.176322,0.181328,0.176318,0.181321,0.176321,0.181328,0.176318,0.181321,0.176321,0.176318,0.181321,0.176321,0.181328,0.181328,0.181322,0.176321,0.181328,0.176318,0.176318,0.176321,0.181327,0.176318,0.181322,0.176318,0.181322,0.181327,0.176318,0.181322,0.176321,0.176321,0.181322,0.176318,0.181322,0.181327,0.181322,0.181322,0.176321,0.181327,0.176319,0.181323,0.176321,0.181327,0.176319,0.181323,0.176321,0.176319,0.176319,0.181323,0.176319,0.181323,0.176321,0.181327,0.176319,0.181323,0.176321,0.181326,0.176321,0.181323,0.176321,0.181326,0.176319,0.181323,0.176321,0.181326,0.176319,0.181323,0.176321,0.181326,0.176319,0.181323,0.176321,0.181326,0.176319,0.176319,0.181323,0.17632,0.181326,0.181326,0.181323,0.17632,0.17632,0.176319,0.181323,0.17632,0.17632,0.181326,0.176319,0.176319,0.181323,0.181323,0.17632,0.181326,0.176319,0.181323,0.181323,0.17632,0.181326,0.176319,0.181323,0.17632,0.17632,0.176319,0.17632,0.176319,0.181323,0.181326,0.176319,0.181323,0.181323,0.165136,0.119196,0.103856,0.090648,0.079278,0.058532,0.040591,0.036194,0.031269,0.0247,0.020637,0.018532,0.015087,0.013515,0.012351,0.011146,0.01085,0.010311,0.009931,0.009696,0.009602,0.009522,0.009432,0.009358,0.00919,0.009052,0.009044,0.009034,0.009033,0.009032,0.009029,0.009028,0.009027,0.009026,0.009026,0.009025,0.009025,0.009025,0.009025,0.009025,0.009024
P45a_n,4,False,pu,_9251e76f-3237-536b-801b-a92221dc6d32,,0.029635,0.029635,0.029635,0.029635,0.029635,0.029635,0.029635,0.029635,0.029635,0.029635,0.029635,0.029635,0.029635,0.029635,0.029635,0.029635,0.029635,0.029635,0.029635,0.029635,0.029635,0.029635,0.029635,0.029635,0.029635,0.029635,0.029635,0.029635,0.029635,0.029635,0.029635,0.029635,0.029635,0.029635,0.029058,0.028842,0.028487,0.028431,0.028636,0.028621,0.028597,0.028337,0.028591,0.028577,0.028322,0.028574,0.028564,0.02832,0.02856,0.02856,0.028558,0.028556,0.028309,0.028556,0.028555,0.028309,0.028555,0.028555,0.028555,0.028555,0.028308,0.028554,0.028554,0.028554,0.028309,0.028308,0.028307,0.028554,0.028309,0.028554,0.028554,0.028307,0.028554,0.028307,0.028307,0.028554,0.028309,0.028309,0.028554,0.028307,0.028553,0.028309,0.028553,0.028553,0.028306,0.028309,0.028554,0.028309,0.028553,0.028554,0.028309,0.028309,0.028553,0.028306,0.028554,0.028309,0.028553,0.028553,0.028306,0.028306,0.028554,0.028553,0.028553,0.028554,0.028306,0.028553,0.028554,0.028553,0.028553,0.028554,0.028309,0.028307,0.028307,0.028309,0.028553,0.028554,0.028309,0.028553,0.028307,0.028309,0.028307,0.028554,0.028309,0.028553,0.028307,0.028554,0.028309,0.028553,0.028307,0.028554,0.028554,0.028309,0.028553,0.028307,0.028554,0.028309,0.028553,0.028307,0.028554,0.028553,0.028307,0.028554,0.028309,0.028309,0.028307,0.028554,0.028309,0.028553,0.028553,0.028554,0.028309,0.028553,0.028307,0.028553,0.028307,0.028309,0.028554,0.028307,0.028554,0.028554,0.028307,0.028554,0.028307,0.028309,0.028307,0.028307,0.028554,0.028308,0.028554,0.028307,0.028554,0.028308,0.028554,0.028307,0.028554,0.028554,0.028554,0.028307,0.028554,0.028307,0.028554,0.028308,0.028554,0.028307,0.028554,0.028308,0.028554,0.028307,0.028554,0.028308,0.028554,0.028307,0.028554,0.028308,0.028554,0.028307,0.028554,0.028308,0.028554,0.028307,0.028554,0.028308,0.028554,0.028554,0.028307,0.028554,0.028308,0.028308,0.028307,0.028554,0.028554,0.028554,0.028307,0.028554,0.028554,0.028308,0.028554,0.028554,0.028307,0.028307,0.028554,0.028308,0.028554,0.028307,0.028307,0.028554,0.028308,0.028554,0.028307,0.028554,0.028554,0.028554,0.028554,0.028554,0.028307,0.028308,0.028554,0.028307,0.028307,0.029294,0.029786,0.029738,0.029795,0.029813,0.029713,0.029724,0.029676,0.029668,0.029642,0.029672,0.029666,0.029648,0.029641,0.029642,0.029636,0.029639,0.029638,0.029637,0.029636,0.029634,0.029637,0.029637,0.029637,0.029634,0.029634,0.029637,0.029634,0.029629,0.029637,0.029642,0.029629,0.029637,0.029634,0.029629,0.029637,0.029642,0.029642,0.029634,0.029629,0.029642
P56a_n,4,False,pu,_ad9f201a-d517-5acd-8fef-6402b5b9c56b,,0.023381,0.023381,0.023381,0.023381,0.023381,0.023381,0.023381,0.023381,0.023381,0.023381,0.023381,0.023381,0.023381,0.023381,0.023381,0.023381,0.023381,0.023381,0.023381,0.023381,0.023381,0.023381,0.023381,0.023381,0.023381,0.023381,0.023381,0.023381,0.023381,0.023381,0.023381,0.023381,0.023381,0.023381,0.022922,0.022742,0.022444,0.022379,0.022528,0.022494,0.02246,0.022249,0.022443,0.022424,0.02222,0.022415,0.022399,0.022203,0.022393,0.02239,0.022387,0.022386,0.022191,0.022384,0.022384,0.02219,0.022382,0.022383,0.022382,0.022382,0.022186,0.022381,0.022382,0.022381,0.022188,0.022185,0.022185,0.022381,0.022188,0.02238,0.02238,0.022184,0.02238,0.022184,0.022184,0.022381,0.022188,0.022188,0.022381,0.022184,0.02238,0.022188,0.02238,0.02238,0.022184,0.022188,0.022381,0.022188,0.02238,0.022381,0.022188,0.022188,0.02238,0.022184,0.022381,0.022188,0.02238,0.02238,0.022184,0.022184,0.022381,0.02238,0.02238,0.022381,0.022184,0.02238,0.022381,0.02238,0.02238,0.022381,0.022187,0.022185,0.022185,0.022187,0.02238,0.022381,0.022187,0.02238,0.022185,0.022187,0.022185,0.022381,0.022187,0.02238,0.022185,0.02238,0.022187,0.02238,0.022185,0.02238,0.02238,0.022187,0.02238,0.022185,0.02238,0.022187,0.02238,0.022185,0.02238,0.02238,0.022185,0.02238,0.022187,0.022187,0.022185,0.02238,0.022187,0.02238,0.02238,0.02238,0.022187,0.02238,0.022185,0.02238,0.022186,0.022186,0.02238,0.022186,0.02238,0.02238,0.022186,0.02238,0.022186,0.022186,0.022186,0.022186,0.02238,0.022186,0.02238,0.022186,0.02238,0.022186,0.02238,0.022186,0.02238,0.02238,0.02238,0.022186,0.02238,0.022186,0.02238,0.022186,0.02238,0.022186,0.02238,0.022186,0.02238,0.022186,0.02238,0.022186,0.02238,0.022186,0.02238,0.022186,0.02238,0.022186,0.02238,0.022186,0.02238,0.022186,0.02238,0.022186,0.02238,0.02238,0.022186,0.02238,0.022186,0.022186,0.022186,0.02238,0.02238,0.02238,0.022186,0.02238,0.02238,0.022186,0.02238,0.02238,0.022186,0.022186,0.02238,0.022186,0.02238,0.022186,0.022186,0.02238,0.022186,0.02238,0.022186,0.02238,0.02238,0.02238,0.02238,0.02238,0.022186,0.022186,0.02238,0.022186,0.022186,0.022964,0.023394,0.023372,0.023428,0.023452,0.023395,0.023418,0.023387,0.023386,0.023374,0.023396,0.023393,0.023384,0.023382,0.023382,0.023383,0.023381,0.023379,0.023382,0.02338,0.023376,0.023382,0.023383,0.023383,0.023379,0.023379,0.023383,0.023379,0.023374,0.023383,0.023388,0.023374,0.023383,0.023379,0.023374,0.023383,0.023388,0.023388,0.023379,0.023375,0.023387
P610a_n,4,False,pu,_d65ac903-578e-55df-b34b-62fafe577f64,,0.015036,0.015036,0.015036,0.015036,0.015036,0.015036,0.015036,0.015036,0.015036,0.015036,0.015036,0.015036,0.015036,0.015036,0.015036,0.015036,0.015036,0.015036,0.015036,0.015036,0.015036,0.015036,0.015036,0.015036,0.015036,0.015036,0.015036,0.015036,0.015036,0.015036,0.015036,0.015036,0.015036,0.015036,0.014739,0.014617,0.014418,0.014365,0.014453,0.01442,0.01439,0.014253,0.014372,0.014356,0.014225,0.014346,0.014333,0.014207,0.014327,0.014324,0.014321,0.01432,0.014197,0.014319,0.014318,0.014195,0.014317,0.014317,0.014317,0.014316,0.014192,0.014315,0.014316,0.014315,0.014193,0.014191,0.014191,0.014316,0.014193,0.014315,0.014315,0.014191,0.014315,0.01419,0.01419,0.014315,0.014193,0.014193,0.014315,0.01419,0.014314,0.014193,0.014314,0.014314,0.01419,0.014193,0.014315,0.014193,0.014314,0.014315,0.014193,0.014193,0.014314,0.01419,0.014315,0.014193,0.014314,0.014314,0.01419,0.01419,0.014315,0.014314,0.014314,0.014315,0.014191,0.014314,0.014315,0.014314,0.014314,0.014315,0.014192,0.014191,0.014191,0.014192,0.014315,0.014315,0.014192,0.014315,0.014191,0.014192,0.014191,0.014315,0.014192,0.014315,0.014191,0.014315,0.014192,0.014315,0.014191,0.014315,0.014315,0.014192,0.014315,0.014191,0.014315,0.014192,0.014315,0.014191,0.014315,0.014315,0.014191,0.014315,0.014192,0.014192,0.014191,0.014315,0.014192,0.014315,0.014315,0.014315,0.014192,0.014315,0.014191,0.014315,0.014191,0.014192,0.014315,0.014191,0.014315,0.014315,0.014191,0.014315,0.014191,0.014192,0.014191,0.014191,0.014315,0.014192,0.014315,0.014191,0.014315,0.014192,0.014315,0.014191,0.014315,0.014315,0.014315,0.014191,0.014315,0.014191,0.014315,0.014192,0.014315,0.014191,0.014315,0.014192,0.014315,0.014191,0.014315,0.014192,0.014315,0.014191,0.014315,0.014192,0.014315,0.014192,0.014315,0.014192,0.014315,0.014192,0.014315,0.014192,0.014315,0.014315,0.014192,0.014315,0.014192,0.014192,0.014192,0.014315,0.014315,0.014315,0.014192,0.014315,0.014315,0.014192,0.014315,0.014315,0.014192,0.014192,0.014315,0.014192,0.014315,0.014192,0.014192,0.014315,0.014192,0.014315,0.014192,0.014315,0.014315,0.014315,0.014315,0.014315,0.014192,0.014192,0.014315,0.014192,0.014192,0.014686,0.014986,0.014981,0.015022,0.015042,0.015018,0.015041,0.015025,0.015027,0.015024,0.015038,0.015038,0.015035,0.015034,0.015035,0.015036,0.015035,0.015033,0.015036,0.015035,0.015032,0.015037,0.015037,0.015037,0.015035,0.015035,0.015037,0.015035,0.015031,0.015037,0.015041,0.015031,0.015037,0.015035,0.015032,0.015037,0.01504,0.01504,0.015035,0.015032,0.01504
P67a_n,4,False,pu,_550c5fc9-098c-5b3c-959f-b0620e5b99e7,,0.002001,0.002001,0.002001,0.002001,0.002001,0.002001,0.002001,0.002001,0.002001,0.002001,0.002001,0.002001,0.002001,0.002001,0.002001,0.002001,0.002001,0.002001,0.002001,0.002001,0.002001,0.002001,0.002001,0.002001,0.002001,0.002001,0.002001,0.002001,0.002001,0.002001,0.002001,0.002001,0.002001,0.002001,0.00196,0.001945,0.001916,0.001909,0.001923,0.001919,0.001915,0.001894,0.001913,0.001911,0.001891,0.00191,0.001908,0.001889,0.001908,0.001907,0.001907,0.001907,0.001887,0.001907,0.001907,0.001887,0.001906,0.001906,0.001906,0.001906,0.001887,0.001906,0.001906,0.001906,0.001887,0.001887,0.001887,0.001906,0.001887,0.001906,0.001906,0.001887,0.001906,0.001887,0.001887,0.001906,0.001887,0.001887,0.001906,0.001887,0.001906,0.001887,0.001906,0.001906,0.001887,0.001887,0.001906,0.001887,0.001906,0.001906,0.001887,0.001887,0.001906,0.001887,0.001906,0.001887,0.001906,0.001906,0.001887,0.001887,0.001906,0.001906,0.001906,0.001906,0.001887,0.001906,0.001906,0.001906,0.001906,0.001906,0.001887,0.001887,0.001887,0.001887,0.001906,0.001906,0.001887,0.001906,0.001887,0.001887,0.001887,0.001906,0.001887,0.001906,0.001887,0.001906,0.001887,0.001906,0.001887,0.001906,0.001906,0.001887,0.001906,0.001887,0.001906,0.001887,0.001906,0.001887,0.001906,0.001906,0.001887,0.001906,0.001887,0.001887,0.001887,0.001906,0.001887,0.001906,0.001906,0.001906,0.001887,0.001906,0.001887,0.001906,0.001887,0.001887,0.001906,0.001887,0.001906,0.001906,0.001887,0.001906,0.001887,0.001887,0.001887,0.001887,0.001906,0.001887,0.001906,0.001887,0.001906,0.001887,0.001906,0.001887,0.001906,0.001906,0.001906,0.001887,0.001906,0.001887,0.001906,0.001887,0.001906,0.001887,0.001906,0.001887,0.001906,0.001887,0.001906,0.001887,0.001906,0.001887,0.001906,0.001887,0.001906,0.001887,0.001906,0.001887,0.001906,0.001887,0.001906,0.001887,0.001906,0.001906,0.001887,0.001906,0.001887,0.001887,0.001887,0.001906,0.001906,0.001906,0.001887,0.001906,0.001906,0.001887,0.001906,0.001906,0.001887,0.001887,0.001906,0.001887,0.001906,0.001887,0.001887,0.001906,0.001887,0.001906,0.001887,0.001906,0.001906,0.001906,0.001906,0.001906,0.001887,0.001887,0.001906,0.001887,0.001887,0.001959,0.001995,0.001992,0.002,0.002004,0.001999,0.002003,0.001999,0.001999,0.001998,0.002002,0.002002,0.002001,0.002,0.002001,0.002001,0.002001,0.002,0.002001,0.002001,0.002,0.002001,0.002001,0.002001,0.002,0.002,0.002001,0.002,0.002,0.002001,0.002001,0.002,0.002001,0.002,0.002,0.002001,0.002001,0.002001,0.002,0.002,0.002001
Q12a_n,5,False,pu,_27843fdd-4c6e-5abb-a9d4-24f3d946f1a1,,0.026354,0.026354,0.026354,0.026354,0.026354,0.026354,0.026354,0.026354,0.026354,0.026354,0.026354,0.026354,0.026354,0.026354,0.026354,0.026354,0.026354,0.026354,0.026354,0.026354,0.026354,0.026354,0.026354,0.026354,0.026354,0.026354,0.026354,0.026354,0.026354,0.026354,0.026354,0.026354,0.026354,0.026354,0.042776,0.059309,0.088001,0.112385,0.120733,0.145378,0.163517,0.177766,0.177062,0.186998,0.197971,0.194449,0.202728,0.212549,0.20696,0.209227,0.211326,0.211699,0.219222,0.212974,0.213444,0.220722,0.214023,0.214145,0.214403,0.21454,0.221637,0.214887,0.214929,0.215015,0.221997,0.222046,0.222136,0.215218,0.222245,0.215332,0.215379,0.22236,0.215417,0.222394,0.222421,0.215464,0.222456,0.222472,0.215512,0.222489,0.215555,0.222536,0.21558,0.215582,0.222538,0.222541,0.215568,0.222543,0.215585,0.21557,0.222544,0.222545,0.215587,0.222543,0.215572,0.222546,0.215587,0.215587,0.222544,0.222544,0.215573,0.215587,0.215587,0.215573,0.222544,0.215587,0.215574,0.215587,0.215587,0.215574,0.222546,0.222544,0.222544,0.222546,0.215586,0.215575,0.222546,0.215586,0.222544,0.222546,0.222544,0.215575,0.222546,0.215585,0.222544,0.215575,0.222546,0.215585,0.222544,0.215575,0.215575,0.222546,0.215585,0.222545,0.215576,0.222546,0.215585,0.222545,0.215576,0.215585,0.222545,0.215576,0.222546,0.222546,0.222545,0.215576,0.222546,0.215584,0.215584,0.215577,0.222546,0.215584,0.222545,0.215584,0.222545,0.222546,0.215583,0.222545,0.215577,0.215577,0.222545,0.215583,0.222545,0.222546,0.222545,0.222545,0.215578,0.222546,0.215583,0.222545,0.215578,0.222546,0.215583,0.222545,0.215578,0.215583,0.215583,0.222545,0.215583,0.222545,0.215578,0.222546,0.215583,0.222545,0.215578,0.222546,0.215578,0.222545,0.215578,0.222545,0.215582,0.222545,0.215578,0.222545,0.215582,0.222545,0.215578,0.222545,0.215582,0.222545,0.215578,0.222545,0.215582,0.215582,0.222545,0.215579,0.222545,0.222545,0.222545,0.215579,0.215579,0.215582,0.222545,0.215579,0.215579,0.222545,0.215582,0.215582,0.222545,0.222545,0.215579,0.222545,0.215582,0.222545,0.222545,0.215579,0.222545,0.215582,0.222545,0.215579,0.215579,0.215582,0.215579,0.215582,0.222545,0.222545,0.215582,0.222545,0.222545,0.210138,0.155801,0.137931,0.122493,0.108962,0.084479,0.063466,0.058226,0.052439,0.044812,0.04,0.037525,0.033543,0.031586,0.030317,0.02886,0.028544,0.02786,0.027386,0.027178,0.027027,0.026908,0.026803,0.026717,0.026576,0.026408,0.026358,0.026385,0.02636,0.026344,0.026365,0.026355,0.02634,0.026374,0.026353,0.02634,0.026359,0.026359,0.02637,0.026351,0.026358
Q23a_n,5,False,pu,_1732b6e8-3160-53e9-a59f-842b74f42405,,0.018191,0.018191,0.018191,0.018191,0.018191,0.018191,0.018191,0.018191,0.018191,0.018191,0.018191,0.018191,0.018191,0.018191,0.018191,0.018191,0.018191,0.018191,0.018191,0.018191,0.018191,0.018191,0.018191,0.018191,0.018191,0.018191,0.018191,0.018191,0.018191,0.018191,0.018191,0.018191,0.018191,0.018191,0.034458,0.050798,0.079236,0.10333,0.111507,0.135847,0.153779,0.167928,0.167153,0.176979,0.187892,0.184333,0.192521,0.202297,0.196702,0.198934,0.201009,0.201384,0.208888,0.202644,0.203109,0.210371,0.203674,0.2038,0.204055,0.204185,0.211276,0.204527,0.204575,0.204654,0.211631,0.21168,0.211769,0.204861,0.211876,0.204967,0.205013,0.211991,0.205051,0.212024,0.212051,0.205104,0.212084,0.212101,0.205151,0.212118,0.205188,0.212164,0.205213,0.205215,0.212166,0.212168,0.205205,0.21217,0.205218,0.205207,0.212172,0.212172,0.20522,0.212171,0.205209,0.212173,0.20522,0.20522,0.212172,0.212172,0.20521,0.20522,0.20522,0.20521,0.212172,0.20522,0.205211,0.20522,0.20522,0.205211,0.212174,0.212172,0.212172,0.212174,0.20522,0.205211,0.212174,0.205219,0.212173,0.212174,0.212173,0.205212,0.212174,0.205219,0.212173,0.205212,0.212174,0.205219,0.212173,0.205212,0.205212,0.212173,0.205219,0.212173,0.205212,0.212173,0.205219,0.212173,0.205212,0.205219,0.212173,0.205212,0.212173,0.212173,0.212173,0.205212,0.212173,0.205219,0.205218,0.205213,0.212173,0.205218,0.212173,0.205218,0.212173,0.212173,0.205218,0.212173,0.205213,0.205213,0.212173,0.205218,0.212173,0.212173,0.212173,0.212173,0.205213,0.212173,0.205218,0.212173,0.205213,0.212173,0.205218,0.212173,0.205213,0.205218,0.205218,0.212173,0.205217,0.212173,0.205214,0.212173,0.205217,0.212173,0.205214,0.212173,0.205214,0.212173,0.205214,0.212173,0.205217,0.212173,0.205214,0.212173,0.205217,0.212173,0.205214,0.212173,0.205217,0.212173,0.205214,0.212173,0.205217,0.205217,0.212173,0.205214,0.212173,0.212173,0.212173,0.205214,0.205214,0.205217,0.212173,0.205214,0.205214,0.212173,0.205217,0.205217,0.212173,0.212173,0.205214,0.212173,0.205217,0.212173,0.212173,0.205214,0.212173,0.205217,0.212173,0.205214,0.205214,0.205217,0.205214,0.205217,0.212173,0.212173,0.205217,0.212173,0.212173,0.199914,0.146191,0.128509,0.113238,0.09987,0.07567,0.054886,0.049712,0.043989,0.036439,0.031685,0.029238,0.025292,0.02337,0.022103,0.020668,0.020351,0.019681,0.019216,0.019001,0.018858,0.018744,0.01864,0.018555,0.018406,0.01824,0.018198,0.018219,0.018198,0.018185,0.018201,0.018193,0.018181,0.018207,0.01819,0.01818,0.018196,0.018195,0.018205,0.018189,0.018194
Q28a_n,5,False,pu,_9aa80551-1b6f-57a0-a385-5cf78e8c5b7b,,0.002002,0.002002,0.002002,0.002002,0.002002,0.002002,0.002002,0.002002,0.002002,0.002002,0.002002,0.002002,0.002002,0.002002,0.002002,0.002002,0.002002,0.002002,0.002002,0.002002,0.002002,0.002002,0.002002,0.002002,0.002002,0.002002,0.002002,0.002002,0.002002,0.002002,0.002002,0.002002,0.002002,0.002002,0.001996,0.001999,0.001998,0.001998,0.001996,0.001998,0.001996,0.001999,0.001998,0.001996,0.001999,0.001998,0.001996,0.001998,0.001996,0.001998,0.001998,0.001996,0.001999,0.001996,0.001996,0.001999,0.001998,0.001996,0.001996,0.001998,0.001998,0.001998,0.001996,0.001998,0.001999,0.001998,0.001999,0.001996,0.001999,0.001998,0.001998,0.001999,0.001998,0.001999,0.001999,0.001996,0.001999,0.001999,0.001996,0.001999,0.001998,0.001999,0.001998,0.001998,0.001999,0.001999,0.001997,0.001999,0.001998,0.001997,0.001999,0.001999,0.001998,0.001999,0.001997,0.001999,0.001998,0.001998,0.001999,0.001999,0.001997,0.001998,0.001998,0.001997,0.001999,0.001998,0.001997,0.001997,0.001997,0.001997,0.001999,0.001999,0.001999,0.001999,0.001997,0.001997,0.001999,0.001997,0.001999,0.001999,0.001999,0.001997,0.001999,0.001997,0.001999,0.001997,0.001999,0.001997,0.001999,0.001997,0.001997,0.001999,0.001997,0.001999,0.001997,0.001999,0.001997,0.001999,0.001997,0.001997,0.001999,0.001997,0.001999,0.001999,0.001999,0.001997,0.001999,0.001997,0.001997,0.001997,0.001999,0.001997,0.001999,0.001997,0.001999,0.001999,0.001997,0.001999,0.001997,0.001997,0.001999,0.001997,0.001999,0.001999,0.001999,0.001999,0.001997,0.001999,0.001997,0.001999,0.001997,0.001999,0.001997,0.001999,0.001997,0.001997,0.001997,0.001999,0.001997,0.001999,0.001997,0.001999,0.001997,0.001999,0.001997,0.001999,0.001997,0.001999,0.001997,0.001999,0.001997,0.001999,0.001997,0.001999,0.001997,0.001999,0.001997,0.001999,0.001997,0.001999,0.001997,0.001999,0.001997,0.001997,0.001999,0.001997,0.001999,0.001999,0.001999,0.001997,0.001997,0.001997,0.001999,0.001997,0.001997,0.001999,0.001997,0.001997,0.001999,0.001999,0.001997,0.001999,0.001997,0.001999,0.001999,0.001997,0.001999,0.001997,0.001999,0.001997,0.001997,0.001997,0.001997,0.001997,0.001999,0.001999,0.001997,0.001999,0.001999,0.002001,0.001999,0.002002,0.002004,0.002001,0.002,0.002001,0.002,0.002,0.002002,0.002001,0.002001,0.002003,0.002,0.002003,0.002002,0.002003,0.002001,0.002001,0.002003,0.002001,0.002001,0.002001,0.002001,0.002003,0.002003,0.002001,0.002003,0.002002,0.002001,0.002002,0.002002,0.002001,0.002002,0.002002,0.002001,0.002002,0.002002,0.002002,0.002002,0.002002
Q34a_n,5,False,pu,_ceee713b-5155-57a3-a7af-70ed055874db,,0.013633,0.013633,0.013633,0.013633,0.013633,0.013633,0.013633,0.013633,0.013633,0.013633,0.013633,0.013633,0.013633,0.013633,0.013633,0.013633,0.013633,0.013633,0.013633,0.013633,0.013633,0.013633,0.013633,0.013633,0.013633,0.013633,0.013633,0.013633,0.013633,0.013633,0.013633,0.013633,0.013633,0.013633,0.013261,0.013232,0.012993,0.012777,0.012575,0.012447,0.012208,0.012215,0.012156,0.012008,0.012034,0.011994,0.011877,0.011896,0.011842,0.011853,0.011832,0.011805,0.011842,0.011796,0.011792,0.011828,0.011804,0.011787,0.011786,0.011799,0.011818,0.011795,0.011782,0.011793,0.011817,0.011814,0.011814,0.011781,0.011814,0.011789,0.011788,0.011812,0.011788,0.011812,0.011811,0.01178,0.011812,0.011812,0.01178,0.011811,0.011785,0.011811,0.011784,0.011784,0.011811,0.011811,0.011781,0.011811,0.011783,0.011782,0.011811,0.011811,0.011783,0.011811,0.011782,0.011811,0.011783,0.011783,0.011811,0.011811,0.011782,0.011783,0.011783,0.011782,0.011811,0.011783,0.011782,0.011782,0.011782,0.011783,0.011811,0.011811,0.011811,0.011811,0.011782,0.011783,0.011811,0.011782,0.011811,0.011811,0.011811,0.011783,0.011811,0.011782,0.011811,0.011783,0.011811,0.011782,0.011811,0.011783,0.011783,0.011811,0.011782,0.011811,0.011783,0.011811,0.011782,0.011811,0.011783,0.011782,0.011811,0.011783,0.011811,0.011811,0.011811,0.011783,0.011811,0.011782,0.011781,0.011783,0.011811,0.011781,0.011811,0.011781,0.011811,0.011811,0.011781,0.011811,0.011784,0.011784,0.011811,0.011781,0.011811,0.011811,0.011811,0.011811,0.011784,0.011811,0.011781,0.011811,0.011784,0.011811,0.011781,0.011811,0.011784,0.011781,0.011781,0.011811,0.011781,0.011811,0.011784,0.011811,0.011781,0.011811,0.011784,0.011811,0.011784,0.011811,0.011784,0.011811,0.011781,0.011811,0.011784,0.011811,0.011781,0.011811,0.011784,0.011811,0.011781,0.011811,0.011784,0.011811,0.011781,0.011781,0.011811,0.011784,0.011811,0.011811,0.011811,0.011784,0.011784,0.011781,0.011811,0.011784,0.011784,0.011811,0.011781,0.011781,0.011811,0.011811,0.011784,0.011811,0.011781,0.011811,0.011811,0.011784,0.011811,0.011781,0.011811,0.011784,0.011784,0.011781,0.011784,0.011781,0.011811,0.011811,0.011781,0.011811,0.011811,0.012047,0.012469,0.012738,0.012929,0.012937,0.01309,0.013317,0.013323,0.013375,0.013492,0.013514,0.013535,0.013599,0.01357,0.013619,0.013616,0.013628,0.013618,0.013616,0.013633,0.013626,0.013623,0.013624,0.013626,0.013633,0.013632,0.013634,0.013631,0.013633,0.013635,0.013632,0.013633,0.013635,0.01363,0.013633,0.013636,0.013632,0.013632,0.01363,0.013634,0.013632
Q39a_n,5,False,pu,_474c5e1e-bf6a-57f6-9587-580cf6b18994,,2.6e-05,2.6e-05,2.6e-05,2.6e-05,2.6e-05,2.6e-05,2.6e-05,2.6e-05,2.6e-05,2.6e-05,2.6e-05,2.6e-05,2.6e-05,2.6e-05,2.6e-05,2.6e-05,2.6e-05,2.6e-05,2.6e-05,2.6e-05,2.6e-05,2.6e-05,2.6e-05,2.6e-05,2.6e-05,2.6e-05,2.6e-05,2.6e-05,2.6e-05,2.6e-05,2.6e-05,2.6e-05,2.6e-05,2.6e-05,0.016187,0.031781,0.058766,0.081891,0.090216,0.113442,0.130757,0.14384,0.143486,0.153005,0.162994,0.159976,0.167905,0.176828,0.171913,0.173994,0.175986,0.1764,0.18314,0.177607,0.178051,0.184563,0.178548,0.178713,0.178957,0.17904,0.185439,0.17937,0.179454,0.179491,0.185773,0.185826,0.185912,0.179726,0.186008,0.179794,0.179839,0.186124,0.179875,0.186156,0.186181,0.179957,0.186208,0.186224,0.180002,0.186245,0.180008,0.186285,0.180034,0.180036,0.186291,0.18629,0.180052,0.186291,0.18004,0.180053,0.186293,0.186293,0.180042,0.186296,0.180054,0.186294,0.180043,0.180043,0.186297,0.186297,0.180055,0.180043,0.180044,0.180055,0.186297,0.180044,0.180054,0.180044,0.180044,0.180054,0.186295,0.186297,0.186297,0.186295,0.180045,0.180054,0.186295,0.180045,0.186297,0.186295,0.186297,0.180053,0.186295,0.180045,0.186297,0.180053,0.186295,0.180045,0.186297,0.180053,0.180053,0.186295,0.180045,0.186297,0.180053,0.186295,0.180045,0.186297,0.180053,0.180046,0.186297,0.180053,0.186295,0.186295,0.186297,0.180053,0.186295,0.180046,0.180046,0.180052,0.186296,0.180046,0.186297,0.180046,0.186297,0.186296,0.180047,0.186297,0.180052,0.180052,0.186296,0.180047,0.186296,0.186296,0.186296,0.186296,0.180052,0.186296,0.180047,0.186296,0.180051,0.186296,0.180047,0.186296,0.180051,0.180047,0.180047,0.186296,0.180047,0.186296,0.180051,0.186296,0.180047,0.186296,0.180051,0.186296,0.180051,0.186296,0.180051,0.186296,0.180047,0.186296,0.180051,0.186296,0.180047,0.186296,0.180051,0.186296,0.180047,0.186296,0.180051,0.186296,0.180048,0.180048,0.186296,0.180051,0.186296,0.186296,0.186296,0.180051,0.180051,0.180048,0.186296,0.180051,0.180051,0.186296,0.180048,0.180048,0.186296,0.186296,0.180051,0.186296,0.180048,0.186296,0.186296,0.180051,0.186296,0.180048,0.186296,0.180051,0.180051,0.180048,0.180051,0.180048,0.186296,0.186296,0.180048,0.186296,0.186296,0.174935,0.123283,0.106115,0.091338,0.078618,0.055409,0.03534,0.030421,0.024911,0.017563,0.013018,0.010663,0.006809,0.00505,0.003749,0.0024,0.002069,0.001466,0.001041,0.000778,0.000673,0.000583,0.000482,0.000399,0.000212,5.7e-05,4.9e-05,3.8e-05,3.6e-05,3.5e-05,3.2e-05,3.1e-05,2.9e-05,2.9e-05,2.8e-05,2.8e-05,2.8e-05,2.8e-05,2.7e-05,2.7e-05,2.7e-05
Q45a_n,5,False,pu,_9251e76f-3237-536b-801b-a92221dc6d32,,0.010452,0.010452,0.010452,0.010452,0.010452,0.010452,0.010452,0.010452,0.010452,0.010452,0.010452,0.010452,0.010452,0.010452,0.010452,0.010452,0.010452,0.010452,0.010452,0.010452,0.010452,0.010452,0.010452,0.010452,0.010452,0.010452,0.010452,0.010452,0.010452,0.010452,0.010452,0.010452,0.010452,0.010452,0.010167,0.010137,0.009943,0.009768,0.009613,0.009499,0.009314,0.009311,0.009262,0.009153,0.009164,0.009131,0.009046,0.009053,0.009018,0.009016,0.008999,0.008988,0.009008,0.00898,0.008977,0.008997,0.008977,0.008973,0.008972,0.008972,0.008989,0.008969,0.008969,0.008968,0.008987,0.008987,0.008986,0.008968,0.008985,0.008964,0.008964,0.008985,0.008964,0.008984,0.008984,0.008967,0.008983,0.008983,0.008967,0.008984,0.008962,0.008982,0.008961,0.008961,0.008983,0.008982,0.008967,0.008982,0.008961,0.008967,0.008982,0.008982,0.008961,0.008983,0.008967,0.008982,0.008961,0.008961,0.008983,0.008983,0.008967,0.008961,0.008961,0.008967,0.008983,0.008962,0.008967,0.008962,0.008962,0.008967,0.008982,0.008983,0.008983,0.008982,0.008962,0.008966,0.008983,0.008962,0.008983,0.008983,0.008983,0.008966,0.008983,0.008962,0.008983,0.008966,0.008983,0.008962,0.008983,0.008966,0.008966,0.008983,0.008962,0.008983,0.008966,0.008983,0.008962,0.008983,0.008966,0.008962,0.008983,0.008966,0.008983,0.008983,0.008983,0.008966,0.008983,0.008962,0.008962,0.008966,0.008983,0.008962,0.008983,0.008963,0.008983,0.008983,0.008963,0.008983,0.008965,0.008965,0.008983,0.008963,0.008983,0.008983,0.008983,0.008983,0.008965,0.008983,0.008963,0.008983,0.008965,0.008983,0.008963,0.008983,0.008965,0.008963,0.008963,0.008983,0.008963,0.008983,0.008965,0.008983,0.008963,0.008983,0.008965,0.008983,0.008965,0.008983,0.008965,0.008983,0.008963,0.008983,0.008965,0.008983,0.008963,0.008983,0.008965,0.008983,0.008963,0.008983,0.008965,0.008983,0.008963,0.008963,0.008983,0.008965,0.008983,0.008983,0.008983,0.008965,0.008965,0.008963,0.008983,0.008965,0.008965,0.008983,0.008963,0.008963,0.008983,0.008983,0.008965,0.008983,0.008963,0.008983,0.008983,0.008965,0.008983,0.008963,0.008983,0.008965,0.008965,0.008963,0.008965,0.008963,0.008983,0.008983,0.008963,0.008983,0.008983,0.009169,0.009514,0.009725,0.009875,0.009888,0.010018,0.010197,0.010207,0.010249,0.010336,0.010357,0.010374,0.010417,0.010408,0.010433,0.010436,0.010441,0.010442,0.010445,0.010446,0.010448,0.01045,0.010451,0.010452,0.010446,0.010446,0.010458,0.010445,0.010453,0.010458,0.01045,0.010453,0.010458,0.010445,0.010453,0.010458,0.01045,0.01045,0.010446,0.010453,0.010451
Q56a_n,5,False,pu,_ad9f201a-d517-5acd-8fef-6402b5b9c56b,,0.008324,0.008324,0.008324,0.008324,0.008324,0.008324,0.008324,0.008324,0.008324,0.008324,0.008324,0.008324,0.008324,0.008324,0.008324,0.008324,0.008324,0.008324,0.008324,0.008324,0.008324,0.008324,0.008324,0.008324,0.008324,0.008324,0.008324,0.008324,0.008324,0.008324,0.008324,0.008324,0.008324,0.008324,0.008096,0.008069,0.007908,0.007762,0.007637,0.007538,0.007389,0.007381,0.007341,0.007254,0.007258,0.007231,0.007166,0.007167,0.007143,0.007136,0.007122,0.007117,0.007129,0.007111,0.007108,0.007119,0.007103,0.007105,0.007104,0.007099,0.007114,0.007097,0.007101,0.007096,0.007111,0.007112,0.007111,0.0071,0.00711,0.007093,0.007093,0.00711,0.007092,0.00711,0.00711,0.007099,0.007108,0.007108,0.007099,0.007109,0.007091,0.007108,0.007091,0.007091,0.007109,0.007108,0.007099,0.007108,0.007091,0.007099,0.007108,0.007108,0.007091,0.007109,0.007098,0.007108,0.007092,0.007092,0.007109,0.007109,0.007098,0.007092,0.007092,0.007098,0.007109,0.007092,0.007098,0.007092,0.007092,0.007098,0.007108,0.007109,0.007109,0.007108,0.007093,0.007097,0.007108,0.007093,0.007109,0.007108,0.007109,0.007097,0.007108,0.007093,0.007109,0.007097,0.007108,0.007093,0.007109,0.007097,0.007097,0.007108,0.007093,0.007109,0.007097,0.007108,0.007093,0.007109,0.007097,0.007093,0.007109,0.007097,0.007108,0.007108,0.007109,0.007096,0.007108,0.007094,0.007094,0.007096,0.007108,0.007094,0.007109,0.007094,0.007109,0.007108,0.007094,0.007109,0.007096,0.007096,0.007109,0.007094,0.007109,0.007108,0.007109,0.007109,0.007096,0.007108,0.007094,0.007109,0.007096,0.007108,0.007094,0.007109,0.007096,0.007094,0.007094,0.007109,0.007094,0.007109,0.007096,0.007108,0.007094,0.007109,0.007095,0.007108,0.007095,0.007109,0.007095,0.007108,0.007095,0.007109,0.007095,0.007108,0.007095,0.007108,0.007095,0.007108,0.007095,0.007108,0.007095,0.007108,0.007095,0.007095,0.007108,0.007095,0.007108,0.007108,0.007108,0.007095,0.007095,0.007095,0.007108,0.007095,0.007095,0.007108,0.007095,0.007095,0.007108,0.007108,0.007095,0.007108,0.007095,0.007108,0.007108,0.007095,0.007108,0.007095,0.007108,0.007095,0.007095,0.007095,0.007095,0.007095,0.007108,0.007108,0.007095,0.007108,0.007108,0.007259,0.007546,0.007718,0.00784,0.007855,0.007966,0.008112,0.008123,0.008158,0.008226,0.008246,0.00826,0.008291,0.00829,0.008305,0.00831,0.008311,0.008316,0.008321,0.008315,0.008321,0.008325,0.008326,0.008327,0.008316,0.008316,0.008331,0.008316,0.008325,0.008331,0.008322,0.008325,0.00833,0.008317,0.008325,0.00833,0.008322,0.008322,0.008317,0.008325,0.008322
Q610a_n,5,False,pu,_d65ac903-578e-55df-b34b-62fafe577f64,,0.005018,0.005018,0.005018,0.005018,0.005018,0.005018,0.005018,0.005018,0.005018,0.005018,0.005018,0.005018,0.005018,0.005018,0.005018,0.005018,0.005018,0.005018,0.005018,0.005018,0.005018,0.005018,0.005018,0.005018,0.005018,0.005018,0.005018,0.005018,0.005018,0.005018,0.005018,0.005018,0.005018,0.005018,0.004881,0.004862,0.004758,0.004663,0.004582,0.004515,0.004419,0.004412,0.004385,0.00433,0.004331,0.004313,0.004271,0.004271,0.004256,0.004251,0.004241,0.004239,0.004246,0.004235,0.004233,0.004239,0.004229,0.004231,0.00423,0.004227,0.004236,0.004225,0.004229,0.004224,0.004234,0.004235,0.004234,0.004228,0.004233,0.004223,0.004222,0.004233,0.004222,0.004233,0.004233,0.004227,0.004232,0.004232,0.004227,0.004233,0.004222,0.004232,0.004222,0.004222,0.004233,0.004232,0.004227,0.004232,0.004222,0.004227,0.004232,0.004232,0.004222,0.004233,0.004226,0.004232,0.004222,0.004222,0.004233,0.004233,0.004226,0.004222,0.004222,0.004226,0.004233,0.004222,0.004226,0.004222,0.004222,0.004226,0.004232,0.004233,0.004233,0.004232,0.004223,0.004226,0.004232,0.004223,0.004233,0.004232,0.004233,0.004225,0.004232,0.004223,0.004233,0.004225,0.004232,0.004223,0.004233,0.004225,0.004225,0.004232,0.004223,0.004232,0.004225,0.004232,0.004223,0.004232,0.004225,0.004223,0.004232,0.004225,0.004232,0.004232,0.004232,0.004225,0.004232,0.004223,0.004223,0.004225,0.004232,0.004223,0.004232,0.004223,0.004232,0.004232,0.004224,0.004232,0.004225,0.004225,0.004232,0.004224,0.004232,0.004232,0.004232,0.004232,0.004224,0.004232,0.004224,0.004232,0.004224,0.004232,0.004224,0.004232,0.004224,0.004224,0.004224,0.004232,0.004224,0.004232,0.004224,0.004232,0.004224,0.004232,0.004224,0.004232,0.004224,0.004232,0.004224,0.004232,0.004224,0.004232,0.004224,0.004232,0.004224,0.004232,0.004224,0.004232,0.004224,0.004232,0.004224,0.004232,0.004224,0.004224,0.004232,0.004224,0.004232,0.004232,0.004232,0.004224,0.004224,0.004224,0.004232,0.004224,0.004224,0.004232,0.004224,0.004224,0.004232,0.004232,0.004224,0.004232,0.004224,0.004232,0.004232,0.004224,0.004232,0.004224,0.004232,0.004224,0.004224,0.004224,0.004224,0.004224,0.004232,0.004232,0.004224,0.004232,0.004232,0.004318,0.004503,0.004615,0.004694,0.004706,0.004782,0.004877,0.004886,0.004909,0.004953,0.004966,0.004976,0.004996,0.004996,0.005005,0.005009,0.005009,0.005013,0.005016,0.005012,0.005016,0.005019,0.00502,0.00502,0.005013,0.005013,0.005023,0.005013,0.005019,0.005023,0.005017,0.005019,0.005022,0.005013,0.005019,0.005022,0.005017,0.005017,0.005014,0.005019,0.005017
Q67a_n,5,False,pu,_550c5fc9-098c-5b3c-959f-b0620e5b99e7,,0.001002,0.001002,0.001002,0.001002,0.001002,0.001002,0.001002,0.001002,0.001002,0.001002,0.001002,0.001002,0.001002,0.001002,0.001002,0.001002,0.001002,0.001002,0.001002,0.001002,0.001002,0.001002,0.001002,0.001002,0.001002,0.001002,0.001002,0.001002,0.001002,0.001002,0.001002,0.001002,0.001002,0.001002,0.000975,0.000971,0.000951,0.000932,0.000916,0.000903,0.000884,0.000883,0.000877,0.000866,0.000867,0.000863,0.000855,0.000855,0.000851,0.000851,0.000849,0.000848,0.00085,0.000847,0.000847,0.000849,0.000847,0.000847,0.000846,0.000846,0.000848,0.000846,0.000846,0.000846,0.000847,0.000848,0.000847,0.000846,0.000847,0.000845,0.000845,0.000847,0.000845,0.000847,0.000847,0.000846,0.000847,0.000847,0.000846,0.000847,0.000845,0.000847,0.000845,0.000845,0.000847,0.000847,0.000846,0.000847,0.000845,0.000846,0.000847,0.000847,0.000845,0.000847,0.000846,0.000847,0.000845,0.000845,0.000847,0.000847,0.000846,0.000845,0.000845,0.000846,0.000847,0.000845,0.000846,0.000845,0.000845,0.000846,0.000847,0.000847,0.000847,0.000847,0.000845,0.000846,0.000847,0.000845,0.000847,0.000847,0.000847,0.000846,0.000847,0.000845,0.000847,0.000846,0.000847,0.000845,0.000847,0.000846,0.000846,0.000847,0.000845,0.000847,0.000846,0.000847,0.000845,0.000847,0.000846,0.000845,0.000847,0.000846,0.000847,0.000847,0.000847,0.000846,0.000847,0.000845,0.000845,0.000846,0.000847,0.000845,0.000847,0.000845,0.000847,0.000847,0.000845,0.000847,0.000845,0.000845,0.000847,0.000845,0.000847,0.000847,0.000847,0.000847,0.000845,0.000847,0.000845,0.000847,0.000845,0.000847,0.000845,0.000847,0.000845,0.000845,0.000845,0.000847,0.000845,0.000847,0.000845,0.000847,0.000845,0.000847,0.000845,0.000847,0.000845,0.000847,0.000845,0.000847,0.000845,0.000847,0.000845,0.000847,0.000845,0.000847,0.000845,0.000847,0.000845,0.000847,0.000845,0.000847,0.000845,0.000845,0.000847,0.000845,0.000847,0.000847,0.000847,0.000845,0.000845,0.000845,0.000847,0.000845,0.000845,0.000847,0.000845,0.000845,0.000847,0.000847,0.000845,0.000847,0.000845,0.000847,0.000847,0.000845,0.000847,0.000845,0.000847,0.000845,0.000845,0.000845,0.000845,0.000845,0.000847,0.000847,0.000845,0.000847,0.000847,0.000864,0.0009,0.000923,0.000938,0.000941,0.000955,0.000974,0.000976,0.00098,0.000989,0.000992,0.000994,0.000998,0.000998,0.001,0.001,0.001001,0.001001,0.001002,0.001001,0.001002,0.001002,0.001002,0.001002,0.001001,0.001001,0.001003,0.001001,0.001002,0.001003,0.001002,0.001002,0.001003,0.001001,0.001002,0.001003,0.001002,0.001002,0.001001,0.001002,0.001002
I12A_rms,6,False,kA,_27843fdd-4c6e-5abb-a9d4-24f3d946f1a1,,0.338573,0.338573,0.338573,0.338573,0.338573,0.338573,0.338573,0.338573,0.338573,0.338573,0.338573,0.338573,0.338573,0.338573,0.338573,0.338573,0.338573,0.338573,0.338573,0.338573,0.338573,0.338573,0.338573,0.338573,0.338573,0.338573,0.338573,0.338573,0.338573,0.338573,0.338573,0.338573,0.338573,0.338573,0.338573,5.218075,5.218075,5.779234,5.780753,5.781039,5.781055,5.781065,5.781073,5.781081,5.781088,5.781095,5.781106,5.78111,5.781115,5.781122,5.781129,5.781129,5.781131,5.781134,5.781137,5.781138,5.78114,5.78114,5.781142,5.781144,5.781144,5.781147,5.781147,5.781147,5.781147,5.781147,5.781148,5.781149,5.78115,5.781151,5.781152,5.781152,5.781153,5.781153,5.781153,5.781154,5.781154,5.781155,5.781155,5.781155,5.781157,5.781158,5.781158,5.781158,5.781158,5.781158,5.781158,5.781158,5.781159,5.781159,5.781159,5.781159,5.781159,5.781159,5.781159,5.781159,5.781159,5.781159,5.781159,5.781159,5.781159,5.78116,5.78116,5.78116,5.78116,5.78116,5.78116,5.78116,5.78116,5.78116,5.78116,5.78116,5.78116,5.78116,5.78116,5.78116,5.781161,5.781161,5.781161,5.781161,5.781161,5.781161,5.781161,5.781161,5.781161,5.781161,5.781161,5.781161,5.781161,5.781161,5.781161,5.781161,5.781161,5.781161,5.781161,5.781161,5.781161,5.781161,5.781161,5.781161,5.781161,5.781161,5.781161,5.781161,5.781161,5.781161,5.781161,5.781161,5.781161,5.781161,5.781161,5.781161,5.781161,5.781162,5.781162,5.781162,5.781162,5.781162,5.781162,5.781162,5.781162,5.781162,5.781162,5.781162,5.781162,5.781162,5.781162,5.781162,5.781162,5.781162,5.781162,5.781162,5.781162,5.781162,5.781162,5.781162,5.781162,5.781162,5.781162,5.781162,5.781162,5.781162,5.781162,5.781162,5.781162,5.781162,5.781162,5.781162,5.781162,5.781162,5.781162,5.781162,5.781162,5.781162,5.781162,5.781162,5.781162,5.781162,5.781162,5.781162,5.781162,5.781162,5.781162,5.781162,5.781162,5.781162,5.781162,5.781162,5.781162,5.781162,5.781162,5.781162,5.781162,5.781162,5.781162,5.781162,5.781162,5.781162,5.781162,5.781162,5.781162,5.781162,5.781162,5.781162,5.781162,5.781163,5.781163,5.781163,5.781163,5.781163,5.781163,5.781163,5.781163,5.781163,5.781163,5.781163,5.781163,5.781163,5.781163,5.781163,0.359302,0.344008,0.341237,0.341237,0.340175,0.339735,0.339568,0.339427,0.339207,0.339122,0.339048,0.338894,0.338856,0.338795,0.338751,0.338733,0.338718,0.338693,0.338674,0.338674,0.338667,0.33866,0.338654,0.338636,0.338613,0.338616,0.33861,0.33861,0.338609,0.338607,0.338606,0.338604,0.338602,0.338602,0.338601,0.3386,0.338599,0.338598,0.338597,0.338596
I23A_rms,6,False,kA,_1732b6e8-3160-53e9-a59f-842b74f42405,,0.265804,0.265804,0.265804,0.265804,0.265804,0.265804,0.265804,0.265804,0.265804,0.265804,0.265804,0.265804,0.265804,0.265804,0.265804,0.265804,0.265804,0.265804,0.265804,0.265804,0.265804,0.265804,0.265804,0.265804,0.265804,0.265804,0.265804,0.265804,0.265804,0.265804,0.265804,0.265804,0.265804,0.265804,0.265804,5.132926,5.132926,5.707573,5.708819,5.70906,5.709074,5.709084,5.709092,5.7091,5.709106,5.709113,5.709124,5.709128,5.709133,5.70914,5.709146,5.709146,5.709149,5.709152,5.709154,5.709156,5.709158,5.709158,5.709159,5.709161,5.709161,5.709164,5.709164,5.709165,5.709165,5.709165,5.709166,5.709167,5.709167,5.709168,5.709169,5.709169,5.70917,5.70917,5.70917,5.709171,5.709171,5.709172,5.709172,5.709172,5.709173,5.709175,5.709175,5.709175,5.709175,5.709175,5.709176,5.709176,5.709176,5.709176,5.709176,5.709176,5.709176,5.709176,5.709176,5.709176,5.709176,5.709177,5.709177,5.709177,5.709177,5.709177,5.709177,5.709177,5.709177,5.709177,5.709177,5.709177,5.709177,5.709177,5.709177,5.709177,5.709177,5.709177,5.709177,5.709177,5.709177,5.709177,5.709177,5.709177,5.709177,5.709177,5.709177,5.709177,5.709177,5.709177,5.709177,5.709177,5.709177,5.709177,5.709177,5.709177,5.709177,5.709177,5.709177,5.709177,5.709177,5.709177,5.709177,5.709177,5.709177,5.709177,5.709177,5.709178,5.709178,5.709178,5.709178,5.709178,5.709178,5.709178,5.709178,5.709178,5.709178,5.709178,5.709178,5.709178,5.709178,5.709178,5.709178,5.709178,5.709178,5.709178,5.709178,5.709178,5.709178,5.709178,5.709178,5.709178,5.709178,5.709178,5.709178,5.709178,5.709178,5.709178,5.709178,5.709178,5.709178,5.709178,5.709178,5.709178,5.709178,5.709178,5.709178,5.709178,5.709178,5.709178,5.709178,5.709178,5.709178,5.709178,5.709178,5.709178,5.709178,5.709178,5.709178,5.709178,5.709178,5.709178,5.709178,5.709178,5.709178,5.709178,5.709178,5.709178,5.709178,5.709178,5.709178,5.709178,5.709178,5.709178,5.709178,5.709178,5.709178,5.709178,5.709178,5.709178,5.709178,5.709178,5.709178,5.709178,5.709178,5.709178,5.709178,5.709178,5.709178,5.709178,5.709178,5.709178,5.709178,5.709178,5.709178,5.709178,5.709178,5.709178,5.709178,5.709178,5.709178,5.709178,5.709178,5.709178,0.286389,0.271456,0.268695,0.268695,0.267563,0.267066,0.266878,0.26672,0.266474,0.266382,0.266302,0.266128,0.266087,0.266022,0.265975,0.265956,0.26594,0.265914,0.265898,0.265898,0.26589,0.265884,0.265878,0.265861,0.265842,0.26584,0.265836,0.265836,0.265835,0.265833,0.265832,0.265831,0.265829,0.265829,0.265828,0.265828,0.265827,0.265826,0.265825,0.265824
I28A_rms,6,False,kA,_9aa80551-1b6f-57a0-a385-5cf78e8c5b7b,,0.020512,0.020512,0.020512,0.020512,0.020512,0.020512,0.020512,0.020512,0.020512,0.020512,0.020512,0.020512,0.020512,0.020512,0.020512,0.020512,0.020512,0.020512,0.020512,0.020512,0.020512,0.020512,0.020512,0.020512,0.020512,0.020512,0.020512,0.020512,0.020512,0.020512,0.020512,0.020512,0.020512,0.020512,0.020512,0.019477,0.019477,0.019885,0.019963,0.019976,0.019977,0.019977,0.019977,0.019976,0.019976,0.019976,0.019976,0.019976,0.019976,0.019976,0.019976,0.019976,0.019976,0.019976,0.019976,0.019976,0.019976,0.019976,0.019976,0.019976,0.019976,0.019976,0.019976,0.019976,0.019976,0.019976,0.019976,0.019976,0.019975,0.019975,0.019975,0.019975,0.019975,0.019975,0.019975,0.019975,0.019975,0.019975,0.019975,0.019975,0.019975,0.019975,0.019975,0.019975,0.019975,0.019975,0.019975,0.019975,0.019975,0.019975,0.019975,0.019975,0.019975,0.019975,0.019975,0.019975,0.019975,0.019975,0.019975,0.019975,0.019975,0.019975,0.019975,0.019975,0.019975,0.019975,0.019975,0.019975,0.019975,0.019975,0.019975,0.019975,0.019975,0.019975,0.019975,0.019975,0.019975,0.019975,0.019975,0.019975,0.019975,0.019975,0.019975,0.019975,0.019975,0.019975,0.019975,0.019975,0.019975,0.019975,0.019975,0.019975,0.019975,0.019975,0.019975,0.019975,0.019975,0.019975,0.019974,0.019974,0.019974,0.019974,0.019974,0.019974,0.019974,0.019974,0.019974,0.019974,0.019974,0.019974,0.019974,0.019974,0.019974,0.019974,0.019974,0.019974,0.019974,0.019974,0.019974,0.019974,0.019974,0.019974,0.019974,0.019974,0.019974,0.019974,0.019974,0.019974,0.019974,0.019974,0.019974,0.019974,0.019974,0.019974,0.019974,0.019974,0.019974,0.019974,0.019974,0.019974,0.019974,0.019974,0.019974,0.019974,0.019974,0.019974,0.019974,0.019974,0.019974,0.019974,0.019974,0.019974,0.019974,0.019974,0.019974,0.019974,0.019974,0.019974,0.019974,0.019974,0.019974,0.019974,0.019975,0.019975,0.019975,0.019975,0.019975,0.019975,0.019975,0.019975,0.019975,0.019975,0.019975,0.019975,0.019975,0.019975,0.019975,0.019975,0.019975,0.019975,0.019975,0.019975,0.019975,0.019975,0.019975,0.019975,0.019975,0.019975,0.019975,0.019975,0.019975,0.019975,0.019975,0.019975,0.019975,0.019975,0.019975,0.019975,0.019975,0.019975,0.02072,0.020552,0.020526,0.020526,0.02052,0.020519,0.020518,0.020518,0.020517,0.020517,0.020516,0.020516,0.020515,0.020515,0.020515,0.020514,0.020514,0.020514,0.020514,0.020514,0.020514,0.020514,0.020514,0.020513,0.020513,0.020512,0.020512,0.020512,0.020512,0.020512,0.020512,0.020512,0.020512,0.020512,0.020512,0.020512,0.020512,0.020512,0.020512,0.020512
I34A_rms,6,False,kA,_ceee713b-5155-57a3-a7af-70ed055874db,,0.180014,0.180014,0.180014,0.180014,0.180014,0.180014,0.180014,0.180014,0.180014,0.180014,0.180014,0.180014,0.180014,0.180014,0.180014,0.180014,0.180014,0.180014,0.180014,0.180014,0.180014,0.180014,0.180014,0.180014,0.180014,0.180014,0.180014,0.180014,0.180014,0.180014,0.180014,0.180014,0.180014,0.180014,0.180014,0.111526,0.111526,0.116336,0.118146,0.118175,0.118056,0.117954,0.11787,0.117802,0.117747,0.117702,0.117637,0.117613,0.117594,0.117568,0.117551,0.117551,0.117545,0.117541,0.117537,0.117535,0.117533,0.117533,0.117532,0.117531,0.117531,0.11753,0.11753,0.11753,0.11753,0.11753,0.11753,0.11753,0.11753,0.117531,0.117531,0.117531,0.117531,0.117531,0.117532,0.117532,0.117533,0.117533,0.117533,0.117533,0.117534,0.117536,0.117536,0.117536,0.117536,0.117536,0.117537,0.117537,0.117537,0.117537,0.117537,0.117537,0.117537,0.117537,0.117538,0.117538,0.117538,0.117538,0.117538,0.117538,0.117538,0.117538,0.117538,0.117538,0.117538,0.117538,0.117538,0.117539,0.117539,0.117539,0.117539,0.117539,0.117539,0.117539,0.117539,0.117539,0.117539,0.117539,0.117539,0.117539,0.117539,0.117539,0.117539,0.117539,0.117539,0.117539,0.117539,0.117539,0.117539,0.117539,0.117539,0.117539,0.117539,0.117539,0.117539,0.117539,0.11754,0.11754,0.11754,0.11754,0.11754,0.11754,0.11754,0.11754,0.11754,0.11754,0.11754,0.11754,0.11754,0.11754,0.11754,0.11754,0.11754,0.11754,0.11754,0.11754,0.11754,0.11754,0.117541,0.117541,0.117541,0.117541,0.117541,0.117541,0.117541,0.117541,0.117541,0.117541,0.117541,0.117541,0.117541,0.117541,0.117541,0.117541,0.117541,0.117541,0.117541,0.117541,0.117541,0.117541,0.117541,0.117541,0.117541,0.117541,0.117541,0.117541,0.117541,0.117541,0.117541,0.117541,0.117541,0.117541,0.117541,0.117541,0.117541,0.117541,0.117541,0.117541,0.117541,0.117541,0.117541,0.117541,0.117541,0.117541,0.117541,0.117541,0.117541,0.117541,0.117541,0.117541,0.117541,0.117541,0.117541,0.117541,0.117541,0.117541,0.117541,0.117541,0.117541,0.117541,0.117541,0.117541,0.117541,0.117541,0.117541,0.117541,0.117541,0.117541,0.117541,0.117541,0.117541,0.117541,0.117541,0.117541,0.117541,0.117541,0.117541,0.117541,0.117541,0.117541,0.193615,0.184028,0.182092,0.182092,0.181167,0.180737,0.180584,0.180458,0.180273,0.180206,0.180152,0.180051,0.180031,0.180002,0.179987,0.179982,0.179979,0.179976,0.179979,0.179979,0.179979,0.179981,0.179982,0.179989,0.180002,0.180004,0.180007,0.180007,0.180008,0.180009,0.18001,0.180011,0.180012,0.180012,0.180013,0.180013,0.180013,0.180014,0.180014,0.180015
I39A_rms,6,False,kA,_474c5e1e-bf6a-57f6-9587-580cf6b18994,,0.042209,0.042209,0.042209,0.042209,0.042209,0.042209,0.042209,0.042209,0.042209,0.042209,0.042209,0.042209,0.042209,0.042209,0.042209,0.042209,0.042209,0.042209,0.042209,0.042209,0.042209,0.042209,0.042209,0.042209,0.042209,0.042209,0.042209,0.042209,0.042209,0.042209,0.042209,0.042209,0.042209,0.042209,0.042209,4.888197,4.888197,5.563862,5.562464,5.56219,5.562171,5.562159,5.562148,5.562138,5.562129,5.562121,5.562108,5.562102,5.562097,5.562088,5.56208,5.56208,5.562077,5.562074,5.562071,5.562068,5.562067,5.562067,5.562064,5.562063,5.562063,5.562059,5.562059,5.562058,5.562058,5.562058,5.562057,5.562056,5.562055,5.562054,5.562053,5.562053,5.562052,5.562052,5.562051,5.562051,5.56205,5.562049,5.562049,5.562049,5.562048,5.562046,5.562046,5.562046,5.562046,5.562046,5.562046,5.562045,5.562045,5.562045,5.562045,5.562045,5.562045,5.562045,5.562045,5.562044,5.562044,5.562044,5.562044,5.562044,5.562044,5.562044,5.562044,5.562044,5.562044,5.562044,5.562044,5.562043,5.562043,5.562043,5.562043,5.562043,5.562043,5.562043,5.562043,5.562043,5.562043,5.562043,5.562043,5.562043,5.562043,5.562043,5.562043,5.562043,5.562043,5.562043,5.562043,5.562043,5.562043,5.562043,5.562043,5.562043,5.562043,5.562043,5.562043,5.562042,5.562042,5.562042,5.562042,5.562042,5.562042,5.562042,5.562042,5.562042,5.562042,5.562042,5.562042,5.562042,5.562042,5.562042,5.562042,5.562042,5.562042,5.562042,5.562042,5.562042,5.562042,5.562042,5.562042,5.562042,5.562042,5.562042,5.562042,5.562042,5.562041,5.562041,5.562041,5.562041,5.562041,5.562041,5.562041,5.562041,5.562041,5.562041,5.562041,5.562041,5.562041,5.562041,5.562041,5.562041,5.562041,5.562041,5.562041,5.562041,5.562041,5.562041,5.562041,5.562041,5.562041,5.562041,5.562041,5.562041,5.562041,5.562041,5.562041,5.562041,5.562041,5.562041,5.562041,5.562041,5.562041,5.562041,5.562041,5.562041,5.562041,5.562041,5.562041,5.562041,5.562041,5.562041,5.562041,5.562041,5.562041,5.562041,5.562041,5.562041,5.562041,5.562041,5.562041,5.562041,5.562041,5.562041,5.562041,5.562041,5.562041,5.562041,5.562041,5.562041,5.562041,5.562041,5.562041,5.562041,5.562041,5.562041,5.562041,5.562041,5.562041,5.562041,5.562041,5.562041,0.046212,0.042812,0.042302,0.042302,0.042212,0.04221,0.04221,0.04221,0.04221,0.04221,0.042209,0.042209,0.042209,0.042209,0.042209,0.042209,0.042209,0.042209,0.042209,0.042209,0.042209,0.042209,0.042209,0.042209,0.042209,0.042209,0.042209,0.042209,0.042209,0.042209,0.042209,0.042209,0.042209,0.042209,0.042209,0.042209,0.042209,0.042209,0.042209,0.042209
I45A_rms,6,False,kA,_9251e76f-3237-536b-801b-a92221dc6d32,,0.148514,0.148514,0.148514,0.148514,0.148514,0.148514,0.148514,0.148514,0.148514,0.148514,0.148514,0.148514,0.148514,0.148514,0.148514,0.148514,0.148514,0.148514,0.148514,0.148514,0.148514,0.148514,0.148514,0.148514,0.148514,0.148514,0.148514,0.148514,0.148514,0.148514,0.148514,0.148514,0.148514,0.148514,0.148514,0.091601,0.091601,0.095162,0.096699,0.096757,0.096674,0.096604,0.096548,0.096504,0.096473,0.096447,0.096415,0.096405,0.096398,0.096391,0.096391,0.096391,0.096392,0.096394,0.096396,0.096398,0.0964,0.0964,0.096402,0.096405,0.096405,0.096409,0.096409,0.096411,0.096411,0.096411,0.096413,0.096415,0.096417,0.096419,0.09642,0.09642,0.096422,0.096422,0.096423,0.096424,0.096425,0.096426,0.096427,0.096427,0.096429,0.096432,0.096432,0.096433,0.096433,0.096433,0.096433,0.096433,0.096433,0.096434,0.096434,0.096434,0.096434,0.096434,0.096434,0.096434,0.096434,0.096434,0.096434,0.096434,0.096434,0.096434,0.096434,0.096434,0.096434,0.096434,0.096434,0.096434,0.096433,0.096433,0.096433,0.096433,0.096433,0.096433,0.096433,0.096433,0.096433,0.096433,0.096433,0.096433,0.096433,0.096433,0.096432,0.096432,0.096432,0.096432,0.096432,0.096432,0.096432,0.096432,0.096432,0.096432,0.096432,0.096432,0.096432,0.096432,0.096432,0.096432,0.096432,0.096432,0.096432,0.096432,0.096432,0.096432,0.096431,0.096431,0.096431,0.096431,0.096431,0.096431,0.096431,0.096431,0.096431,0.096431,0.096431,0.096431,0.096431,0.096431,0.09643,0.09643,0.09643,0.09643,0.09643,0.09643,0.09643,0.09643,0.09643,0.09643,0.09643,0.09643,0.09643,0.09643,0.09643,0.09643,0.09643,0.09643,0.09643,0.09643,0.09643,0.09643,0.09643,0.09643,0.09643,0.09643,0.09643,0.09643,0.09643,0.09643,0.09643,0.09643,0.09643,0.09643,0.09643,0.09643,0.09643,0.09643,0.09643,0.09643,0.09643,0.09643,0.09643,0.09643,0.09643,0.09643,0.09643,0.09643,0.09643,0.09643,0.09643,0.09643,0.09643,0.09643,0.09643,0.09643,0.09643,0.09643,0.09643,0.09643,0.09643,0.09643,0.09643,0.09643,0.09643,0.09643,0.09643,0.09643,0.096429,0.096429,0.096429,0.096429,0.096429,0.096429,0.096429,0.096429,0.096429,0.096429,0.096429,0.096429,0.096429,0.096429,0.159667,0.151538,0.149905,0.149905,0.149178,0.148871,0.148767,0.148684,0.14857,0.148532,0.148505,0.14846,0.148454,0.14845,0.148453,0.148456,0.148459,0.148469,0.148478,0.148478,0.148482,0.148486,0.14849,0.148504,0.148522,0.148523,0.148527,0.148527,0.148527,0.148528,0.148529,0.148529,0.14853,0.14853,0.14853,0.14853,0.14853,0.14853,0.14853,0.148529
I56A_rms,6,False,kA,_ad9f201a-d517-5acd-8fef-6402b5b9c56b,,0.118356,0.118356,0.118356,0.118356,0.118356,0.118356,0.118356,0.118356,0.118356,0.118356,0.118356,0.118356,0.118356,0.118356,0.118356,0.118356,0.118356,0.118356,0.118356,0.118356,0.118356,0.118356,0.118356,0.118356,0.118356,0.118356,0.118356,0.118356,0.118356,0.118356,0.118356,0.118356,0.118356,0.118356,0.118356,0.072805,0.072805,0.075498,0.07669,0.076726,0.07666,0.076605,0.076564,0.076532,0.07651,0.076494,0.076476,0.076472,0.07647,0.076471,0.076477,0.076477,0.07648,0.076484,0.076488,0.076491,0.076495,0.076495,0.076498,0.076501,0.076501,0.076507,0.076507,0.07651,0.07651,0.07651,0.076512,0.076514,0.076516,0.076518,0.076519,0.076519,0.076521,0.076521,0.076522,0.076523,0.076524,0.076525,0.076526,0.076526,0.076528,0.076529,0.076529,0.076529,0.076529,0.076529,0.076529,0.076529,0.076529,0.076529,0.076529,0.076529,0.076528,0.076528,0.076528,0.076528,0.076528,0.076528,0.076528,0.076527,0.076527,0.076527,0.076527,0.076527,0.076526,0.076526,0.076525,0.076525,0.076525,0.076525,0.076524,0.076524,0.076524,0.076523,0.076523,0.076523,0.076523,0.076523,0.076523,0.076522,0.076522,0.076522,0.076522,0.076522,0.076522,0.076522,0.076522,0.076522,0.076522,0.076521,0.076521,0.076521,0.076521,0.076521,0.076521,0.076521,0.076521,0.076521,0.07652,0.07652,0.07652,0.07652,0.07652,0.07652,0.07652,0.07652,0.07652,0.076519,0.076519,0.076519,0.076519,0.076519,0.076519,0.076519,0.076518,0.076518,0.076518,0.076518,0.076518,0.076518,0.076518,0.076518,0.076518,0.076518,0.076518,0.076518,0.076518,0.076518,0.076518,0.076518,0.076518,0.076518,0.076518,0.076518,0.076518,0.076518,0.076518,0.076518,0.076518,0.076518,0.076518,0.076518,0.076517,0.076517,0.076517,0.076517,0.076517,0.076517,0.076517,0.076517,0.076517,0.076517,0.076517,0.076517,0.076517,0.076517,0.076517,0.076517,0.076517,0.076517,0.076517,0.076517,0.076517,0.076517,0.076517,0.076517,0.076517,0.076517,0.076517,0.076517,0.076517,0.076517,0.076517,0.076517,0.076517,0.076517,0.076517,0.076517,0.076517,0.076517,0.076517,0.076517,0.076517,0.076517,0.076517,0.076517,0.076517,0.076517,0.076517,0.076517,0.076517,0.076517,0.076517,0.076517,0.076517,0.076517,0.076517,0.076517,0.076517,0.076517,0.12724,0.120755,0.119428,0.119428,0.11883,0.118582,0.118501,0.118438,0.118354,0.118328,0.118312,0.11829,0.118289,0.118294,0.118303,0.118308,0.118313,0.118326,0.118336,0.118336,0.118341,0.118345,0.11835,0.118364,0.118379,0.11838,0.118382,0.118382,0.118382,0.118383,0.118383,0.118382,0.118382,0.118382,0.118382,0.118381,0.118381,0.11838,0.11838,0.118379
I610A_rms,6,False,kA,_d65ac903-578e-55df-b34b-62fafe577f64,,0.076912,0.076912,0.076912,0.076912,0.076912,0.076912,0.076912,0.076912,0.076912,0.076912,0.076912,0.076912,0.076912,0.076912,0.076912,0.076912,0.076912,0.076912,0.076912,0.076912,0.076912,0.076912,0.076912,0.076912,0.076912,0.076912,0.076912,0.076912,0.076912,0.076912,0.076912,0.076912,0.076912,0.076912,0.076912,0.047267,0.047267,0.048936,0.04973,0.049767,0.049728,0.049696,0.049673,0.049655,0.049642,0.049634,0.049624,0.049623,0.049623,0.049625,0.04963,0.04963,0.049632,0.049635,0.049637,0.04964,0.049642,0.049642,0.049644,0.049647,0.049647,0.04965,0.04965,0.049652,0.049652,0.049652,0.049654,0.049655,0.049656,0.049657,0.049658,0.049658,0.049659,0.049659,0.04966,0.049661,0.049661,0.049662,0.049662,0.049662,0.049663,0.049664,0.049664,0.049664,0.049664,0.049664,0.049664,0.049664,0.049664,0.049664,0.049664,0.049663,0.049663,0.049663,0.049663,0.049663,0.049663,0.049663,0.049663,0.049662,0.049662,0.049662,0.049662,0.049662,0.049661,0.049661,0.049661,0.049661,0.04966,0.04966,0.04966,0.04966,0.04966,0.049659,0.049659,0.049659,0.049659,0.049659,0.049659,0.049659,0.049659,0.049658,0.049658,0.049658,0.049658,0.049658,0.049658,0.049658,0.049658,0.049658,0.049658,0.049658,0.049658,0.049658,0.049658,0.049658,0.049658,0.049658,0.049657,0.049657,0.049657,0.049657,0.049657,0.049657,0.049657,0.049657,0.049657,0.049657,0.049656,0.049656,0.049656,0.049656,0.049656,0.049656,0.049656,0.049656,0.049656,0.049656,0.049656,0.049656,0.049656,0.049656,0.049656,0.049656,0.049656,0.049656,0.049656,0.049656,0.049656,0.049656,0.049655,0.049655,0.049655,0.049655,0.049655,0.049655,0.049655,0.049655,0.049655,0.049655,0.049655,0.049655,0.049655,0.049655,0.049655,0.049655,0.049655,0.049655,0.049655,0.049655,0.049655,0.049655,0.049655,0.049655,0.049655,0.049655,0.049655,0.049655,0.049655,0.049655,0.049655,0.049655,0.049655,0.049655,0.049655,0.049655,0.049655,0.049655,0.049655,0.049655,0.049655,0.049655,0.049655,0.049655,0.049655,0.049655,0.049655,0.049655,0.049655,0.049655,0.049655,0.049655,0.049655,0.049655,0.049655,0.049655,0.049655,0.049655,0.049655,0.049655,0.049655,0.049655,0.049655,0.049655,0.049655,0.049655,0.049655,0.049655,0.049655,0.049655,0.082679,0.078417,0.077554,0.077554,0.07718,0.077033,0.076984,0.076947,0.076901,0.076886,0.076877,0.076866,0.076868,0.076872,0.076879,0.076882,0.076886,0.076894,0.076901,0.076901,0.076904,0.076907,0.07691,0.076918,0.076928,0.076928,0.076929,0.076929,0.076929,0.07693,0.076929,0.076929,0.076929,0.076929,0.076929,0.076928,0.076928,0.076928,0.076927,0.076927
I67A_rms,6,False,kA,_550c5fc9-098c-5b3c-959f-b0620e5b99e7,,0.010857,0.010857,0.010857,0.010857,0.010857,0.010857,0.010857,0.010857,0.010857,0.010857,0.010857,0.010857,0.010857,0.010857,0.010857,0.010857,0.010857,0.010857,0.010857,0.010857,0.010857,0.010857,0.010857,0.010857,0.010857,0.010857,0.010857,0.010857,0.010857,0.010857,0.010857,0.010857,0.010857,0.010857,0.010857,0.006732,0.006732,0.007042,0.007117,0.007098,0.007084,0.007074,0.007066,0.00706,0.007055,0.007051,0.007047,0.007045,0.007045,0.007044,0.007044,0.007044,0.007044,0.007045,0.007045,0.007045,0.007046,0.007046,0.007046,0.007046,0.007046,0.007047,0.007047,0.007047,0.007047,0.007047,0.007048,0.007048,0.007048,0.007048,0.007049,0.007049,0.007049,0.007049,0.007049,0.007049,0.007049,0.00705,0.00705,0.00705,0.00705,0.00705,0.00705,0.00705,0.00705,0.00705,0.00705,0.00705,0.00705,0.00705,0.00705,0.00705,0.00705,0.00705,0.00705,0.00705,0.00705,0.00705,0.00705,0.00705,0.00705,0.00705,0.00705,0.00705,0.00705,0.00705,0.00705,0.00705,0.00705,0.00705,0.00705,0.00705,0.00705,0.00705,0.00705,0.007049,0.007049,0.007049,0.007049,0.007049,0.007049,0.007049,0.007049,0.007049,0.007049,0.007049,0.007049,0.007049,0.007049,0.007049,0.007049,0.007049,0.007049,0.007049,0.007049,0.007049,0.007049,0.007049,0.007049,0.007049,0.007049,0.007049,0.007049,0.007049,0.007049,0.007049,0.007049,0.007049,0.007049,0.007049,0.007049,0.007049,0.007049,0.007049,0.007049,0.007049,0.007049,0.007049,0.007049,0.007049,0.007049,0.007049,0.007049,0.007049,0.007049,0.007049,0.007049,0.007049,0.007049,0.007049,0.007049,0.007049,0.007049,0.007049,0.007049,0.007049,0.007049,0.007049,0.007049,0.007049,0.007049,0.007049,0.007049,0.007049,0.007049,0.007049,0.007049,0.007049,0.007049,0.007049,0.007049,0.007049,0.007049,0.007049,0.007049,0.007049,0.007049,0.007049,0.007049,0.007049,0.007049,0.007049,0.007049,0.007049,0.007049,0.007049,0.007049,0.007049,0.007049,0.007049,0.007049,0.007049,0.007049,0.007049,0.007049,0.007049,0.007049,0.007049,0.007049,0.007049,0.007049,0.007049,0.007049,0.007049,0.007049,0.007049,0.007049,0.007049,0.007049,0.007049,0.007049,0.007049,0.007049,0.007049,0.007049,0.007049,0.007049,0.007049,0.007049,0.007049,0.011696,0.011166,0.011039,0.011039,0.010954,0.01091,0.010895,0.010883,0.010866,0.010861,0.010857,0.010851,0.01085,0.01085,0.010851,0.010851,0.010852,0.010853,0.010854,0.010854,0.010855,0.010856,0.010856,0.010858,0.01086,0.01086,0.010861,0.010861,0.010861,0.010861,0.010861,0.010861,0.010861,0.010861,0.010861,0.010861,0.010861,0.010861,0.010861,0.01086
V1_phasor_an,8,False,rad,_2f314e3b-57eb-5d60-831d-99c69a1c0d81,,-1.57078,-1.57078,-1.57078,-1.57078,-1.57078,-1.57078,-1.57078,-1.57078,-1.57078,-1.57078,-1.57078,-1.57078,-1.57078,-1.57078,-1.57078,-1.57078,-1.57078,-1.57078,-1.57078,-1.57078,-1.57078,-1.57078,-1.57078,-1.57078,-1.57078,-1.57078,-1.57078,-1.57078,-1.57078,-1.57078,-1.57078,-1.57078,-1.57078,-1.57078,-1.57078,-1.570272,-1.570272,-1.570427,-1.570427,-1.570427,-1.570427,-1.570427,-1.570427,-1.570427,-1.570427,-1.570427,-1.570427,-1.570427,-1.570427,-1.570427,-1.570427,-1.570427,-1.570427,-1.570427,-1.570427,-1.570427,-1.570427,-1.570427,-1.570427,-1.570427,-1.570427,-1.570427,-1.570427,-1.570427,-1.570427,-1.570427,-1.570427,-1.570427,-1.570427,-1.570427,-1.570427,-1.570427,-1.570427,-1.570427,-1.570427,-1.570427,-1.570427,-1.570427,-1.570427,-1.570427,-1.570427,-1.570427,-1.570427,-1.570427,-1.570427,-1.570427,-1.570427,-1.570427,-1.570427,-1.570427,-1.570427,-1.570427,-1.570427,-1.570427,-1.570427,-1.570427,-1.570427,-1.570427,-1.570427,-1.570427,-1.570427,-1.570427,-1.570427,-1.570427,-1.570427,-1.570427,-1.570427,-1.570427,-1.570427,-1.570427,-1.570427,-1.570427,-1.570427,-1.570427,-1.570427,-1.570427,-1.570427,-1.570427,-1.570427,-1.570427,-1.570427,-1.570427,-1.570427,-1.570427,-1.570427,-1.570427,-1.570427,-1.570427,-1.570427,-1.570427,-1.570427,-1.570427,-1.570427,-1.570427,-1.570427,-1.570427,-1.570427,-1.570427,-1.570427,-1.570427,-1.570427,-1.570427,-1.570427,-1.570427,-1.570427,-1.570427,-1.570427,-1.570427,-1.570427,-1.570427,-1.570427,-1.570427,-1.570427,-1.570427,-1.570427,-1.570427,-1.570427,-1.570427,-1.570427,-1.570427,-1.570427,-1.570427,-1.570427,-1.570427,-1.570427,-1.570427,-1.570427,-1.570427,-1.570427,-1.570427,-1.570427,-1.570427,-1.570427,-1.570427,-1.570427,-1.570427,-1.570427,-1.570427,-1.570427,-1.570427,-1.570427,-1.570427,-1.570427,-1.570427,-1.570427,-1.570427,-1.570427,-1.570427,-1.570427,-1.570427,-1.570427,-1.570427,-1.570427,-1.570427,-1.570427,-1.570427,-1.570427,-1.570427,-1.570427,-1.570427,-1.570427,-1.570427,-1.570427,-1.570427,-1.570427,-1.570427,-1.570427,-1.570427,-1.570427,-1.570427,-1.570427,-1.570427,-1.570427,-1.570427,-1.570427,-1.570427,-1.570427,-1.570427,-1.570427,-1.570427,-1.570427,-1.570427,-1.570427,-1.570427,-1.570427,-1.570427,-1.570427,-1.570427,-1.570427,-1.570427,-1.570427,-1.570427,-1.570427,-1.570427,-1.570427,-1.570427,-1.570427,-1.570427,-1.570427,-1.570427,-1.570779,-1.57078,-1.57078,-1.57078,-1.57078,-1.57078,-1.57078,-1.57078,-1.57078,-1.57078,-1.57078,-1.57078,-1.57078,-1.57078,-1.57078,-1.57078,-1.57078,-1.57078,-1.57078,-1.57078,-1.57078,-1.57078,-1.57078,-1.57078,-1.57078,-1.57078,-1.57078,-1.57078,-1.57078,-1.57078,-1.57078,-1.57078,-1.57078,-1.57078,-1.57078,-1.57078,-1.57078,-1.57078,-1.57078,-1.57078
V1_phasor_ma,7,False,V,_2f314e3b-57eb-5d60-831d-99c69a1c0d81,,7308.937988,7308.937988,7308.937988,7308.937988,7308.937988,7308.937988,7308.937988,7308.937988,7308.937988,7308.937988,7308.937988,7308.937988,7308.937988,7308.937988,7308.937988,7308.937988,7308.937988,7308.937988,7308.937988,7308.937988,7308.937988,7308.937988,7308.937988,7308.937988,7308.937988,7308.937988,7308.937988,7308.937988,7308.937988,7308.937988,7308.937988,7308.937988,7308.937988,7308.937988,7308.937988,7305.689941,7305.689941,7304.144531,7304.142578,7304.14209,7304.14209,7304.14209,7304.14209,7304.14209,7304.14209,7304.14209,7304.14209,7304.14209,7304.14209,7304.14209,7304.141602,7304.141602,7304.14209,7304.14209,7304.14209,7304.14209,7304.14209,7304.14209,7304.141602,7304.14209,7304.14209,7304.14209,7304.14209,7304.14209,7304.14209,7304.14209,7304.14209,7304.14209,7304.14209,7304.141602,7304.141602,7304.141602,7304.14209,7304.14209,7304.14209,7304.14209,7304.14209,7304.14209,7304.14209,7304.14209,7304.14209,7304.141602,7304.141602,7304.141602,7304.141602,7304.141602,7304.141602,7304.141602,7304.14209,7304.14209,7304.14209,7304.14209,7304.14209,7304.14209,7304.14209,7304.14209,7304.14209,7304.14209,7304.14209,7304.14209,7304.14209,7304.14209,7304.14209,7304.14209,7304.14209,7304.14209,7304.14209,7304.14209,7304.14209,7304.14209,7304.14209,7304.141602,7304.141602,7304.14209,7304.14209,7304.141602,7304.141602,7304.141602,7304.141602,7304.14209,7304.14209,7304.14209,7304.14209,7304.14209,7304.14209,7304.14209,7304.14209,7304.14209,7304.14209,7304.14209,7304.14209,7304.14209,7304.14209,7304.14209,7304.14209,7304.14209,7304.14209,7304.14209,7304.14209,7304.14209,7304.14209,7304.14209,7304.14209,7304.14209,7304.14209,7304.14209,7304.14209,7304.14209,7304.14209,7304.14209,7304.14209,7304.14209,7304.14209,7304.14209,7304.141602,7304.141602,7304.141602,7304.141602,7304.141602,7304.141602,7304.141602,7304.141602,7304.141602,7304.141602,7304.141602,7304.141602,7304.14209,7304.14209,7304.14209,7304.14209,7304.14209,7304.14209,7304.14209,7304.14209,7304.14209,7304.14209,7304.14209,7304.14209,7304.14209,7304.14209,7304.14209,7304.14209,7304.14209,7304.14209,7304.14209,7304.14209,7304.14209,7304.14209,7304.14209,7304.14209,7304.14209,7304.14209,7304.14209,7304.14209,7304.14209,7304.14209,7304.14209,7304.14209,7304.14209,7304.14209,7304.14209,7304.14209,7304.14209,7304.14209,7304.14209,7304.14209,7304.14209,7304.14209,7304.14209,7304.14209,7304.14209,7304.14209,7304.14209,7304.14209,7304.14209,7304.14209,7304.14209,7304.14209,7304.14209,7304.14209,7304.14209,7304.14209,7304.14209,7304.14209,7304.14209,7304.14209,7304.14209,7304.14209,7304.14209,7304.14209,7304.14209,7304.14209,7304.14209,7304.14209,7304.14209,7304.14209,7304.14209,7304.14209,7304.14209,7304.14209,7308.908691,7308.933105,7308.9375,7308.9375,7308.937988,7308.937988,7308.937988,7308.937988,7308.937988,7308.937988,7308.937988,7308.937988,7308.937988,7308.937988,7308.937988,7308.937988,7308.937988,7308.937988,7308.937988,7308.937988,7308.937988,7308.937988,7308.937988,7308.937988,7308.937988,7308.937988,7308.937988,7308.937988,7308.937988,7308.9375,7308.937988,7308.937988,7308.937988,7308.937988,7308.937988,7308.937988,7308.937988,7308.937988,7308.9375,7308.937988
I2_phasor_an,14,False,rad,_38c82309-1d7f-5e7c-b41e-09c7d6d37071,,-2.111569,-2.111569,-2.111569,-2.111569,-2.111569,-2.111569,-2.111569,-2.111569,-2.111569,-2.111569,-2.111569,-2.111569,-2.111569,-2.111569,-2.111569,-2.111569,-2.111569,-2.111569,-2.111569,-2.111569,-2.111569,-2.111569,-2.111569,-2.111569,-2.111569,-2.111569,-2.111569,-2.111569,-2.111569,-2.111569,-2.111569,-2.111569,-2.111569,-2.111569,-2.111569,-2.123947,-2.123947,-2.100346,-2.102983,-2.103467,-2.10347,-2.103466,-2.103461,-2.103456,-2.103451,-2.103447,-2.10344,-2.103437,-2.103435,-2.10343,-2.103426,-2.103426,-2.103423,-2.103422,-2.10342,-2.103419,-2.103417,-2.103417,-2.103416,-2.103415,-2.103415,-2.103413,-2.103413,-2.103412,-2.103412,-2.103412,-2.103411,-2.10341,-2.10341,-2.103409,-2.103408,-2.103408,-2.103407,-2.103407,-2.103407,-2.103406,-2.103406,-2.103405,-2.103405,-2.103405,-2.103404,-2.103401,-2.103401,-2.103401,-2.103401,-2.1034,-2.1034,-2.1034,-2.1034,-2.103399,-2.103399,-2.103399,-2.103398,-2.103398,-2.103398,-2.103398,-2.103397,-2.103397,-2.103397,-2.103397,-2.103397,-2.103396,-2.103396,-2.103396,-2.103395,-2.103395,-2.103395,-2.103394,-2.103394,-2.103394,-2.103393,-2.103393,-2.103393,-2.103392,-2.103392,-2.103392,-2.103392,-2.103391,-2.103391,-2.103391,-2.103391,-2.103391,-2.103391,-2.103391,-2.103391,-2.10339,-2.10339,-2.10339,-2.10339,-2.10339,-2.10339,-2.10339,-2.10339,-2.10339,-2.10339,-2.103389,-2.103389,-2.103389,-2.103389,-2.103389,-2.103389,-2.103388,-2.103388,-2.103388,-2.103388,-2.103388,-2.103387,-2.103387,-2.103387,-2.103386,-2.103386,-2.103386,-2.103386,-2.103385,-2.103385,-2.103384,-2.103384,-2.103384,-2.103384,-2.103384,-2.103384,-2.103384,-2.103384,-2.103384,-2.103384,-2.103384,-2.103384,-2.103383,-2.103383,-2.103383,-2.103383,-2.103383,-2.103383,-2.103383,-2.103383,-2.103383,-2.103383,-2.103383,-2.103383,-2.103383,-2.103382,-2.103382,-2.103382,-2.103382,-2.103382,-2.103382,-2.103382,-2.103382,-2.103382,-2.103382,-2.103382,-2.103382,-2.103382,-2.103382,-2.103382,-2.103382,-2.103382,-2.103382,-2.103382,-2.103382,-2.103381,-2.103381,-2.103381,-2.103381,-2.103381,-2.103381,-2.10338,-2.10338,-2.10338,-2.10338,-2.10338,-2.10338,-2.10338,-2.10338,-2.10338,-2.10338,-2.10338,-2.10338,-2.10338,-2.10338,-2.10338,-2.10338,-2.10338,-2.10338,-2.10338,-2.10338,-2.10338,-2.10338,-2.10338,-2.10338,-2.103379,-2.103379,-2.103379,-2.103379,-2.103379,-2.103379,-2.103379,-2.103379,-2.103379,-2.103379,-2.115952,-2.112976,-2.112113,-2.112113,-2.111907,-2.111859,-2.11184,-2.111822,-2.111792,-2.111778,-2.111766,-2.111734,-2.111725,-2.11171,-2.111697,-2.111691,-2.111686,-2.111676,-2.111668,-2.111668,-2.111664,-2.111661,-2.111658,-2.111647,-2.111631,-2.11163,-2.111625,-2.111625,-2.111624,-2.111622,-2.111621,-2.11162,-2.111618,-2.111618,-2.111617,-2.111616,-2.111615,-2.111614,-2.111614,-2.111612
I2_phasor_ma,13,False,A,_38c82309-1d7f-5e7c-b41e-09c7d6d37071,,53.455387,53.455387,53.455387,53.455387,53.455387,53.455387,53.455387,53.455387,53.455387,53.455387,53.455387,53.455387,53.455387,53.455387,53.455387,53.455387,53.455387,53.455387,53.455387,53.455387,53.455387,53.455387,53.455387,53.455387,53.455387,53.455387,53.455387,53.455387,53.455387,53.455387,53.455387,53.455387,53.455387,53.455387,53.455387,50.988499,50.988499,51.71019,52.021717,52.074509,52.075527,52.075691,52.075729,52.075745,52.07576,52.075775,52.075798,52.075806,52.075817,52.075832,52.075848,52.075848,52.075855,52.075859,52.075863,52.075871,52.075874,52.075874,52.075878,52.075882,52.075882,52.07589,52.07589,52.075893,52.075893,52.075893,52.075897,52.075901,52.075905,52.075905,52.075909,52.075909,52.075912,52.075912,52.075916,52.075916,52.075916,52.07592,52.075924,52.075924,52.075928,52.075939,52.075939,52.075939,52.075939,52.075943,52.075939,52.075943,52.075947,52.075947,52.075947,52.075947,52.075951,52.075951,52.075951,52.075954,52.075954,52.075954,52.075954,52.075954,52.075958,52.075962,52.075958,52.075962,52.075962,52.075966,52.07597,52.075966,52.07597,52.07597,52.075974,52.075974,52.075977,52.075977,52.075977,52.075977,52.075981,52.075981,52.075981,52.075981,52.075981,52.075981,52.075985,52.075985,52.075985,52.075985,52.075985,52.075985,52.075985,52.075989,52.075989,52.075989,52.075989,52.075989,52.075993,52.075993,52.075993,52.075993,52.075993,52.075996,52.075996,52.075996,52.075996,52.075996,52.076,52.076,52.076,52.076,52.076004,52.076008,52.076008,52.076004,52.076004,52.076012,52.076012,52.076015,52.076015,52.076015,52.076019,52.076015,52.076019,52.076019,52.076019,52.076019,52.076019,52.076019,52.076019,52.076019,52.076023,52.076023,52.076023,52.076023,52.076023,52.076023,52.076023,52.076027,52.076023,52.076023,52.076023,52.076023,52.076027,52.076027,52.076027,52.076027,52.076027,52.076027,52.076027,52.076027,52.076027,52.076027,52.076027,52.076027,52.076031,52.076031,52.076031,52.076031,52.076031,52.076031,52.076031,52.076031,52.076031,52.076035,52.076035,52.076035,52.076035,52.076035,52.076035,52.076035,52.076035,52.076035,52.076038,52.076038,52.076038,52.076038,52.076038,52.076038,52.076038,52.076038,52.076038,52.076038,52.076038,52.076038,52.076038,52.076038,52.076038,52.076038,52.076038,52.076038,52.076038,52.076038,52.076042,52.076042,52.076042,52.076042,52.076042,52.076042,52.076042,52.076042,52.076042,52.076042,54.226994,53.572178,53.472549,53.472549,53.455116,53.454754,53.454773,53.454792,53.454838,53.454857,53.45488,53.454933,53.454952,53.454983,53.455006,53.455021,53.455032,53.455051,53.45507,53.45507,53.455078,53.455086,53.455093,53.45512,53.455162,53.455162,53.455177,53.455177,53.455181,53.455185,53.455189,53.455193,53.455196,53.455196,53.4552,53.455204,53.455208,53.455208,53.455212,53.455215
I3_phasor_an,14,False,rad,_8cfa0329-80eb-5ce6-abcb-2de22c2d216c,,-1.992505,-1.992505,-1.992505,-1.992505,-1.992505,-1.992505,-1.992505,-1.992505,-1.992505,-1.992505,-1.992505,-1.992505,-1.992505,-1.992505,-1.992505,-1.992505,-1.992505,-1.992505,-1.992505,-1.992505,-1.992505,-1.992505,-1.992505,-1.992505,-1.992505,-1.992505,-1.992505,-1.992505,-1.992505,-1.992505,-1.992505,-1.992505,-1.992505,-1.992505,-1.992505,-1.991592,-1.991592,-1.938089,-1.954839,-1.957347,-1.957369,-1.957352,-1.957331,-1.957312,-1.957294,-1.957277,-1.957249,-1.957236,-1.957225,-1.957205,-1.957189,-1.957189,-1.957182,-1.957175,-1.957169,-1.957163,-1.957158,-1.957158,-1.957153,-1.957149,-1.957149,-1.957141,-1.957141,-1.957138,-1.957138,-1.957138,-1.957135,-1.957132,-1.957129,-1.957126,-1.957124,-1.957124,-1.957121,-1.957121,-1.95712,-1.957117,-1.957116,-1.957114,-1.957112,-1.957112,-1.957108,-1.957101,-1.957099,-1.957098,-1.957098,-1.957097,-1.957097,-1.957096,-1.957095,-1.957094,-1.957093,-1.957092,-1.957091,-1.957091,-1.95709,-1.957089,-1.957089,-1.957088,-1.957088,-1.957087,-1.957087,-1.957085,-1.957085,-1.957084,-1.957083,-1.957081,-1.957081,-1.95708,-1.957079,-1.957078,-1.957078,-1.957076,-1.957076,-1.957074,-1.957074,-1.957073,-1.957073,-1.957072,-1.957072,-1.957071,-1.957071,-1.957071,-1.95707,-1.95707,-1.95707,-1.957069,-1.957069,-1.957069,-1.957069,-1.957068,-1.957068,-1.957067,-1.957067,-1.957067,-1.957067,-1.957066,-1.957066,-1.957066,-1.957065,-1.957064,-1.957064,-1.957064,-1.957063,-1.957062,-1.957061,-1.957061,-1.957061,-1.95706,-1.957059,-1.957058,-1.957057,-1.957057,-1.957057,-1.957056,-1.957054,-1.957053,-1.957053,-1.957052,-1.957052,-1.957052,-1.957052,-1.957051,-1.957051,-1.957051,-1.957051,-1.95705,-1.95705,-1.95705,-1.957049,-1.957049,-1.957049,-1.957049,-1.957049,-1.957049,-1.957048,-1.957048,-1.957048,-1.957048,-1.957048,-1.957048,-1.957047,-1.957047,-1.957047,-1.957047,-1.957047,-1.957047,-1.957047,-1.957047,-1.957046,-1.957046,-1.957046,-1.957046,-1.957046,-1.957046,-1.957046,-1.957046,-1.957045,-1.957045,-1.957045,-1.957045,-1.957045,-1.957044,-1.957043,-1.957043,-1.957043,-1.957042,-1.957042,-1.957042,-1.957042,-1.957042,-1.957042,-1.957042,-1.957042,-1.957042,-1.957042,-1.957041,-1.957041,-1.957041,-1.957041,-1.957041,-1.957041,-1.957041,-1.957041,-1.957041,-1.95704,-1.95704,-1.95704,-1.95704,-1.95704,-1.95704,-1.95704,-1.95704,-1.95704,-1.957039,-1.957039,-1.957039,-1.957039,-1.957039,-1.957039,-1.957039,-2.016209,-1.999833,-1.994738,-1.994738,-1.993676,-1.993494,-1.993423,-1.993359,-1.993247,-1.993199,-1.993154,-1.993042,-1.993011,-1.992957,-1.992911,-1.992891,-1.992872,-1.992839,-1.992811,-1.992811,-1.992799,-1.992787,-1.992777,-1.992742,-1.992691,-1.992687,-1.992672,-1.992672,-1.992669,-1.992663,-1.992661,-1.992655,-1.992651,-1.992651,-1.992646,-1.992644,-1.992642,-1.992638,-1.992636,-1.992633
I3_phasor_ma,13,False,A,_8cfa0329-80eb-5ce6-abcb-2de22c2d216c,,46.065834,46.065834,46.065834,46.065834,46.065834,46.065834,46.065834,46.065834,46.065834,46.065834,46.065834,46.065834,46.065834,46.065834,46.065834,46.065834,46.065834,46.065834,46.065834,46.065834,46.065834,46.065834,46.065834,46.065834,46.065834,46.065834,46.065834,46.065834,46.065834,46.065834,46.065834,46.065834,46.065834,46.065834,46.065834,30.139921,30.139921,29.845028,30.793264,30.954784,30.958101,30.958805,30.959106,30.959332,30.95953,30.959711,30.96003,30.960169,30.960297,30.960524,30.960712,30.960712,30.960796,30.960873,30.960945,30.961012,30.961071,30.961071,30.961126,30.96118,30.96118,30.961273,30.961273,30.961313,30.961313,30.961313,30.961353,30.96139,30.961424,30.961456,30.961485,30.961485,30.961514,30.961514,30.96154,30.961565,30.961588,30.961611,30.96163,30.96163,30.961689,30.961782,30.961796,30.961809,30.961809,30.961823,30.961834,30.961847,30.961859,30.96187,30.961882,30.961893,30.961912,30.961912,30.961924,30.961933,30.961945,30.961952,30.961952,30.961962,30.961971,30.961988,30.961998,30.962006,30.962025,30.962048,30.962055,30.96207,30.962086,30.962093,30.962101,30.962122,30.96213,30.962151,30.962156,30.962164,30.96217,30.962177,30.962177,30.962189,30.962194,30.962202,30.962208,30.962214,30.962214,30.962219,30.962225,30.962231,30.962231,30.962236,30.962244,30.96225,30.962254,30.962254,30.962259,30.962265,30.962271,30.962271,30.962292,30.962303,30.962303,30.962307,30.962318,30.962322,30.962337,30.962343,30.962347,30.962357,30.96237,30.962397,30.9624,30.962404,30.962404,30.96242,30.962458,30.962465,30.962473,30.962475,30.962479,30.962482,30.962488,30.962496,30.962496,30.962502,30.962503,30.962507,30.962511,30.962515,30.962521,30.962521,30.962526,30.96253,30.962532,30.962532,30.962538,30.962543,30.962545,30.962545,30.962551,30.962551,30.962553,30.962557,30.962559,30.962559,30.962563,30.962564,30.962566,30.962566,30.962568,30.962572,30.962576,30.962576,30.962576,30.962578,30.962582,30.962582,30.962584,30.962587,30.962587,30.962587,30.962591,30.962606,30.962624,30.962629,30.962629,30.962631,30.962633,30.962635,30.962637,30.962639,30.962641,30.962645,30.962645,30.962645,30.962646,30.962648,30.96265,30.962652,30.962652,30.962654,30.962658,30.96266,30.962662,30.962662,30.962664,30.962666,30.962666,30.962669,30.962669,30.962671,30.962673,30.962677,30.962677,30.962681,30.962681,30.962683,30.962685,30.962685,30.962687,30.962687,50.469688,46.732719,46.170086,46.170086,46.070591,46.067249,46.066811,46.066479,46.065983,46.065796,46.065639,46.065319,46.065247,46.065144,46.065075,46.065052,46.065033,46.065006,46.064991,46.064991,46.064987,46.064987,46.064987,46.064991,46.065025,46.065029,46.065044,46.065044,46.065048,46.065056,46.06506,46.065067,46.065075,46.065075,46.065083,46.065086,46.065086,46.065094,46.065098,46.065105
I4_phasor_an,14,False,rad,_e9f0016a-b8b8-5c13-bdac-c25cc7e3ae32,,-2.039066,-2.039067,-2.039067,-2.039066,-2.039066,-2.039067,-2.039067,-2.039066,-2.039066,-2.039067,-2.039066,-2.039067,-2.039067,-2.039066,-2.039067,-2.039067,-2.039067,-2.039067,-2.039066,-2.039066,-2.039066,-2.039066,-2.039067,-2.039066,-2.039067,-2.039066,-2.039066,-2.039066,-2.039067,-2.039067,-2.039067,-2.039067,-2.039067,-2.039067,-2.039066,-2.024916,-2.024916,-1.984223,-2.001779,-2.004256,-2.004213,-2.004134,-2.004056,-2.003985,-2.00392,-2.003861,-2.003759,-2.003715,-2.003674,-2.003604,-2.003546,-2.003546,-2.003521,-2.003497,-2.003476,-2.003457,-2.003439,-2.003439,-2.003423,-2.003408,-2.003408,-2.003381,-2.003381,-2.00337,-2.00337,-2.00337,-2.003359,-2.00335,-2.00334,-2.003332,-2.003324,-2.003324,-2.003317,-2.003317,-2.00331,-2.003304,-2.003298,-2.003293,-2.003288,-2.003288,-2.003274,-2.003253,-2.003251,-2.003248,-2.003248,-2.003245,-2.003243,-2.00324,-2.003238,-2.003236,-2.003234,-2.003232,-2.003227,-2.003227,-2.003226,-2.003224,-2.003222,-2.003221,-2.003221,-2.003219,-2.003217,-2.003214,-2.003212,-2.003211,-2.003208,-2.003204,-2.003203,-2.0032,-2.003198,-2.003196,-2.003195,-2.003192,-2.003191,-2.003187,-2.003186,-2.003185,-2.003184,-2.003183,-2.003183,-2.003181,-2.00318,-2.003179,-2.003178,-2.003177,-2.003177,-2.003176,-2.003175,-2.003175,-2.003175,-2.003174,-2.003173,-2.003172,-2.003171,-2.003171,-2.00317,-2.00317,-2.003169,-2.003169,-2.003165,-2.003164,-2.003164,-2.003163,-2.003162,-2.003161,-2.003159,-2.003158,-2.003157,-2.003156,-2.003154,-2.00315,-2.00315,-2.003149,-2.003149,-2.003147,-2.003142,-2.003141,-2.00314,-2.003139,-2.003139,-2.003139,-2.003138,-2.003137,-2.003137,-2.003136,-2.003135,-2.003135,-2.003134,-2.003134,-2.003134,-2.003134,-2.003133,-2.003132,-2.003132,-2.003132,-2.003131,-2.00313,-2.00313,-2.00313,-2.003129,-2.003129,-2.003129,-2.003129,-2.003129,-2.003129,-2.003128,-2.003128,-2.003128,-2.003128,-2.003127,-2.003127,-2.003127,-2.003127,-2.003126,-2.003126,-2.003126,-2.003126,-2.003125,-2.003125,-2.003125,-2.003125,-2.003125,-2.003123,-2.003121,-2.00312,-2.00312,-2.00312,-2.00312,-2.003119,-2.003119,-2.003119,-2.003119,-2.003118,-2.003118,-2.003118,-2.003118,-2.003118,-2.003118,-2.003117,-2.003117,-2.003117,-2.003117,-2.003117,-2.003117,-2.003117,-2.003116,-2.003116,-2.003116,-2.003116,-2.003116,-2.003115,-2.003115,-2.003115,-2.003115,-2.003114,-2.003114,-2.003114,-2.003114,-2.003114,-2.003114,-2.003114,-2.065644,-2.047324,-2.042396,-2.042396,-2.041122,-2.040787,-2.040652,-2.040529,-2.040316,-2.040224,-2.040139,-2.039929,-2.03987,-2.039768,-2.039683,-2.039645,-2.039611,-2.039551,-2.0395,-2.0395,-2.039478,-2.039457,-2.039438,-2.039376,-2.039288,-2.039282,-2.039259,-2.039259,-2.039254,-2.039245,-2.03924,-2.039233,-2.039226,-2.039226,-2.039219,-2.039216,-2.039213,-2.039208,-2.039205,-2.039201
I4_phasor_ma,13,False,A,_e9f0016a-b8b8-5c13-bdac-c25cc7e3ae32,,31.70299,31.70299,31.702988,31.70299,31.70299,31.70299,31.702988,31.70299,31.70299,31.702988,31.70299,31.702988,31.702988,31.702988,31.702988,31.702988,31.702988,31.702988,31.70299,31.70299,31.70299,31.70299,31.70299,31.70299,31.702988,31.70299,31.70299,31.70299,31.702988,31.702988,31.702988,31.70299,31.70299,31.702988,31.70299,20.668638,20.668638,20.426924,21.040884,21.148441,21.150883,21.151512,21.151848,21.152121,21.152369,21.152597,21.152998,21.153175,21.153341,21.153629,21.153873,21.153873,21.15398,21.154081,21.154173,21.154257,21.154333,21.154333,21.154406,21.154472,21.154472,21.154589,21.154589,21.154642,21.154642,21.154642,21.154692,21.154736,21.154778,21.154816,21.154852,21.154852,21.154886,21.154886,21.154917,21.154947,21.154974,21.155001,21.155025,21.155025,21.15509,21.155193,21.155207,21.155222,21.155222,21.155235,21.155247,21.15526,21.155272,21.155283,21.155294,21.155306,21.155327,21.155327,21.155336,21.155346,21.155355,21.155365,21.155365,21.155375,21.155382,21.155399,21.155407,21.155416,21.155432,21.155455,21.155462,21.155476,21.155491,21.155497,21.155504,21.155523,21.155529,21.155548,21.155554,21.15556,21.155565,21.155571,21.155571,21.155582,21.155588,21.155594,21.1556,21.155605,21.155605,21.155609,21.155615,21.155622,21.155622,21.155626,21.15563,21.155636,21.155642,21.155642,21.155645,21.155651,21.155657,21.155657,21.155674,21.155684,21.155684,21.155687,21.155697,21.155701,21.155714,21.155718,21.155722,21.155729,21.155741,21.155764,21.155766,21.155769,21.155769,21.155785,21.155815,21.155821,21.155827,21.155828,21.155832,21.155834,21.15584,21.155846,21.155846,21.155849,21.155853,21.155855,21.155857,21.155859,21.155865,21.155865,21.155869,21.155872,21.155874,21.155874,21.155878,21.155882,21.155886,21.155886,21.15589,21.15589,21.155891,21.155893,21.155895,21.155895,21.155897,21.155899,21.155901,21.155901,21.155903,21.155905,21.155907,21.155907,21.155909,21.15591,21.155912,21.155912,21.155914,21.155916,21.155918,21.155918,21.155918,21.15593,21.155943,21.155947,21.155947,21.155947,21.155949,21.155951,21.155952,21.155952,21.155954,21.155956,21.155956,21.155958,21.155958,21.15596,21.15596,21.155962,21.155962,21.155964,21.155966,21.155968,21.155968,21.155968,21.15597,21.15597,21.155972,21.155973,21.155973,21.155975,21.155975,21.155977,21.155979,21.155979,21.155979,21.155983,21.155983,21.155983,21.155983,21.155985,34.675663,32.171474,31.780899,31.780899,31.707645,31.704359,31.703775,31.703331,31.702696,31.702473,31.702297,31.701977,31.70192,31.701853,31.701834,31.701834,31.701839,31.701864,31.701899,31.701899,31.701918,31.701939,31.701958,31.702038,31.702188,31.702202,31.702251,31.702251,31.702263,31.702284,31.702293,31.702312,31.70233,31.70233,31.702347,31.702354,31.702362,31.702377,31.702383,31.702398
I5_phasor_an,14,False,rad,_ebb6bf0b-3921-514a-aeb3-529a2dc7d0a5,,-1.898351,-1.898351,-1.898351,-1.898351,-1.898351,-1.898351,-1.898351,-1.898351,-1.898351,-1.898351,-1.898351,-1.898351,-1.898351,-1.898351,-1.898351,-1.898351,-1.898351,-1.898351,-1.898351,-1.898351,-1.898351,-1.898351,-1.898351,-1.898351,-1.898351,-1.898351,-1.898351,-1.898351,-1.898351,-1.898351,-1.898351,-1.898351,-1.898351,-1.898351,-1.898351,-1.869912,-1.869912,-1.853099,-1.868683,-1.870896,-1.870882,-1.870834,-1.870785,-1.87074,-1.870699,-1.870663,-1.870599,-1.870572,-1.870547,-1.870505,-1.87047,-1.87047,-1.870455,-1.870441,-1.870429,-1.870417,-1.870407,-1.870407,-1.870398,-1.870389,-1.870389,-1.870374,-1.870374,-1.870368,-1.870368,-1.870368,-1.870362,-1.870356,-1.870351,-1.870347,-1.870343,-1.870343,-1.870339,-1.870339,-1.870335,-1.870332,-1.870329,-1.870326,-1.870324,-1.870324,-1.870317,-1.870308,-1.870306,-1.870305,-1.870305,-1.870304,-1.870303,-1.870302,-1.870301,-1.8703,-1.870299,-1.870299,-1.870297,-1.870297,-1.870297,-1.870296,-1.870295,-1.870295,-1.870295,-1.870294,-1.870293,-1.870293,-1.870292,-1.870291,-1.870291,-1.870289,-1.870289,-1.870288,-1.870287,-1.870287,-1.870286,-1.870285,-1.870285,-1.870284,-1.870284,-1.870283,-1.870283,-1.870283,-1.870283,-1.870282,-1.870282,-1.870282,-1.870281,-1.870281,-1.870281,-1.870281,-1.870281,-1.87028,-1.87028,-1.87028,-1.87028,-1.870279,-1.870279,-1.870279,-1.870279,-1.870279,-1.870278,-1.870278,-1.870278,-1.870277,-1.870277,-1.870277,-1.870276,-1.870276,-1.870276,-1.870275,-1.870275,-1.870275,-1.870274,-1.870273,-1.870273,-1.870273,-1.870273,-1.870272,-1.870271,-1.87027,-1.87027,-1.87027,-1.87027,-1.87027,-1.87027,-1.87027,-1.87027,-1.870269,-1.870269,-1.870269,-1.870269,-1.870269,-1.870269,-1.870269,-1.870268,-1.870268,-1.870268,-1.870268,-1.870268,-1.870268,-1.870268,-1.870268,-1.870268,-1.870268,-1.870267,-1.870267,-1.870267,-1.870267,-1.870267,-1.870267,-1.870267,-1.870267,-1.870267,-1.870267,-1.870267,-1.870267,-1.870267,-1.870267,-1.870267,-1.870267,-1.870267,-1.870266,-1.870266,-1.870266,-1.870266,-1.870266,-1.870265,-1.870265,-1.870265,-1.870265,-1.870265,-1.870265,-1.870265,-1.870265,-1.870265,-1.870265,-1.870265,-1.870265,-1.870265,-1.870265,-1.870265,-1.870265,-1.870265,-1.870264,-1.870264,-1.870264,-1.870264,-1.870264,-1.870264,-1.870264,-1.870264,-1.870264,-1.870264,-1.870264,-1.870264,-1.870264,-1.870264,-1.870264,-1.870264,-1.870264,-1.870264,-1.870264,-1.870264,-1.870264,-1.919668,-1.90498,-1.900493,-1.900493,-1.899422,-1.899217,-1.899139,-1.899069,-1.89895,-1.898899,-1.898853,-1.898739,-1.898708,-1.898654,-1.89861,-1.898591,-1.898573,-1.898543,-1.898517,-1.898517,-1.898506,-1.898496,-1.898487,-1.898457,-1.898417,-1.898414,-1.898405,-1.898405,-1.898403,-1.898399,-1.898397,-1.898394,-1.898392,-1.898392,-1.89839,-1.898388,-1.898387,-1.898386,-1.898385,-1.898383
I5_phasor_ma,13,False,A,_ebb6bf0b-3921-514a-aeb3-529a2dc7d0a5,,30.161324,30.161324,30.161324,30.161324,30.161324,30.161324,30.161324,30.161324,30.161324,30.161324,30.161324,30.161324,30.161324,30.161324,30.161324,30.161324,30.161324,30.161324,30.161324,30.161324,30.161324,30.161324,30.161324,30.161324,30.161324,30.161324,30.161324,30.161324,30.161324,30.161324,30.161324,30.161324,30.161324,30.161324,30.161324,19.667168,19.667168,19.137127,19.762161,19.874739,19.877708,19.878704,19.879349,19.879894,19.880386,19.880835,19.881613,19.88195,19.882257,19.882795,19.88324,19.88324,19.883432,19.88361,19.883772,19.883919,19.884054,19.884054,19.884176,19.884289,19.884289,19.884485,19.884485,19.884571,19.884571,19.884571,19.884651,19.884724,19.88479,19.884851,19.884909,19.884909,19.88496,19.88496,19.885008,19.885052,19.885094,19.885132,19.885166,19.885166,19.885256,19.885391,19.88541,19.885426,19.885426,19.885443,19.885456,19.885471,19.885485,19.885498,19.885511,19.885523,19.885546,19.885546,19.885555,19.885565,19.885574,19.885584,19.885584,19.885593,19.885603,19.88562,19.885628,19.885635,19.885649,19.88567,19.885677,19.885691,19.885702,19.885708,19.885715,19.885731,19.885736,19.885754,19.885759,19.885763,19.885769,19.885773,19.885773,19.885782,19.885788,19.885792,19.885798,19.885801,19.885801,19.885805,19.885811,19.885815,19.885815,19.885818,19.885822,19.885828,19.885832,19.885832,19.885836,19.885839,19.885843,19.885843,19.885859,19.885866,19.885866,19.88587,19.885876,19.88588,19.885889,19.885893,19.885897,19.885902,19.885912,19.885929,19.885931,19.885935,19.885935,19.885944,19.885969,19.885973,19.885977,19.885979,19.885981,19.885983,19.885988,19.885992,19.885992,19.885996,19.885998,19.886,19.886002,19.886002,19.886005,19.886005,19.886009,19.886011,19.886013,19.886013,19.886015,19.886019,19.886021,19.886021,19.886023,19.886023,19.886024,19.886026,19.886028,19.886028,19.88603,19.88603,19.886032,19.886032,19.886034,19.886034,19.886036,19.886036,19.886038,19.886038,19.88604,19.88604,19.886042,19.886042,19.886044,19.886044,19.886045,19.886053,19.886061,19.886063,19.886063,19.886065,19.886065,19.886065,19.886066,19.886068,19.886068,19.88607,19.88607,19.88607,19.886072,19.886072,19.886074,19.886074,19.886074,19.886074,19.886076,19.886076,19.886078,19.886078,19.886078,19.886078,19.88608,19.88608,19.88608,19.886082,19.886082,19.886084,19.886084,19.886086,19.886086,19.886086,19.886086,19.886086,19.886087,19.886087,33.2425,30.661705,30.238333,30.238333,30.157694,30.155481,30.155514,30.15564,30.156006,30.156221,30.156446,30.157139,30.15736,30.157787,30.158175,30.158354,30.158524,30.158834,30.159105,30.159105,30.159229,30.159344,30.159451,30.159809,30.160322,30.160362,30.160494,30.160494,30.160521,30.160572,30.160595,30.160637,30.160675,30.160675,30.160709,30.160725,30.160738,30.160767,30.16078,30.160803
I6_phasor_an,14,False,rad,_2248cb01-e4ac-573f-a813-5d675310820f,,-1.905347,-1.905347,-1.905347,-1.905347,-1.905347,-1.905347,-1.905347,-1.905347,-1.905347,-1.905347,-1.905347,-1.905347,-1.905347,-1.905347,-1.905347,-1.905347,-1.905347,-1.905347,-1.905347,-1.905347,-1.905347,-1.905347,-1.905347,-1.905347,-1.905347,-1.905347,-1.905347,-1.905347,-1.905347,-1.905347,-1.905347,-1.905347,-1.905347,-1.905347,-1.905347,-1.863422,-1.863422,-1.868583,-1.881853,-1.883865,-1.883795,-1.883698,-1.883605,-1.88352,-1.883445,-1.883376,-1.88326,-1.88321,-1.883165,-1.883088,-1.883025,-1.883025,-1.882998,-1.882974,-1.882952,-1.882933,-1.882915,-1.882915,-1.882898,-1.882884,-1.882884,-1.882859,-1.882859,-1.882848,-1.882848,-1.882848,-1.882838,-1.882829,-1.882821,-1.882814,-1.882808,-1.882808,-1.882802,-1.882802,-1.882797,-1.882792,-1.882787,-1.882783,-1.88278,-1.88278,-1.882771,-1.88276,-1.882759,-1.882758,-1.882758,-1.882757,-1.882756,-1.882756,-1.882755,-1.882754,-1.882754,-1.882753,-1.882752,-1.882752,-1.882752,-1.882752,-1.882751,-1.882751,-1.882751,-1.882751,-1.882751,-1.882751,-1.882751,-1.882751,-1.882751,-1.88275,-1.882751,-1.88275,-1.882751,-1.882751,-1.882751,-1.882751,-1.882751,-1.882751,-1.882751,-1.882751,-1.882751,-1.882751,-1.882751,-1.882752,-1.882752,-1.882752,-1.882752,-1.882752,-1.882752,-1.882752,-1.882752,-1.882752,-1.882752,-1.882752,-1.882752,-1.882752,-1.882753,-1.882753,-1.882753,-1.882753,-1.882753,-1.882753,-1.882753,-1.882753,-1.882753,-1.882753,-1.882753,-1.882754,-1.882754,-1.882754,-1.882754,-1.882754,-1.882754,-1.882755,-1.882755,-1.882755,-1.882755,-1.882755,-1.882756,-1.882756,-1.882756,-1.882756,-1.882756,-1.882756,-1.882756,-1.882756,-1.882756,-1.882756,-1.882756,-1.882756,-1.882756,-1.882756,-1.882756,-1.882756,-1.882756,-1.882757,-1.882756,-1.882756,-1.882756,-1.882757,-1.882757,-1.882757,-1.882757,-1.882757,-1.882757,-1.882757,-1.882757,-1.882757,-1.882757,-1.882757,-1.882757,-1.882757,-1.882757,-1.882757,-1.882757,-1.882757,-1.882757,-1.882757,-1.882757,-1.882757,-1.882757,-1.882757,-1.882757,-1.882757,-1.882757,-1.882757,-1.882758,-1.882758,-1.882758,-1.882758,-1.882758,-1.882758,-1.882758,-1.882758,-1.882758,-1.882758,-1.882758,-1.882758,-1.882758,-1.882758,-1.882758,-1.882758,-1.882758,-1.882758,-1.882758,-1.882758,-1.882758,-1.882758,-1.882758,-1.882758,-1.882758,-1.882758,-1.882758,-1.882758,-1.882758,-1.882758,-1.882758,-1.882758,-1.882758,-1.882758,-1.882758,-1.882758,-1.882758,-1.882758,-1.922227,-1.912229,-1.907968,-1.907968,-1.90677,-1.906474,-1.906358,-1.906257,-1.906083,-1.90601,-1.905944,-1.905784,-1.905741,-1.905666,-1.905606,-1.90558,-1.905556,-1.905515,-1.905482,-1.905482,-1.905467,-1.905454,-1.905443,-1.905405,-1.905359,-1.905357,-1.905347,-1.905347,-1.905345,-1.905342,-1.905341,-1.905339,-1.905337,-1.905337,-1.905336,-1.905335,-1.905334,-1.905334,-1.905333,-1.905333
I6_phasor_ma,13,False,A,_2248cb01-e4ac-573f-a813-5d675310820f,,30.687462,30.687462,30.687462,30.687462,30.687462,30.687462,30.687462,30.687462,30.687462,30.687462,30.687462,30.687462,30.687462,30.687462,30.687462,30.687462,30.687462,30.687462,30.687462,30.687462,30.687462,30.687462,30.687462,30.687462,30.687462,30.687462,30.687462,30.687462,30.687462,30.687462,30.687462,30.687462,30.687462,30.687462,30.687462,19.883564,19.883564,19.16955,19.759693,19.869177,19.872511,19.873852,19.874807,19.875635,19.876383,19.877062,19.878239,19.878748,19.879211,19.880011,19.880671,19.880671,19.880955,19.881212,19.881447,19.881659,19.881851,19.881851,19.882025,19.882183,19.882183,19.882454,19.882454,19.882572,19.882572,19.882572,19.882677,19.882772,19.88286,19.882938,19.883009,19.883009,19.883074,19.883074,19.883131,19.883183,19.88323,19.883274,19.883312,19.883312,19.883406,19.883524,19.883537,19.883549,19.883549,19.88356,19.88357,19.883577,19.883585,19.883591,19.883596,19.883602,19.88361,19.88361,19.883614,19.883617,19.883619,19.883621,19.883621,19.883623,19.883625,19.883627,19.883627,19.883627,19.883629,19.883627,19.883627,19.883627,19.883625,19.883625,19.883623,19.883621,19.883619,19.883617,19.883615,19.883615,19.883614,19.883614,19.883614,19.883612,19.88361,19.883608,19.883608,19.883606,19.883606,19.883606,19.883604,19.883602,19.883602,19.883602,19.883602,19.8836,19.883598,19.883598,19.883598,19.883596,19.883596,19.883596,19.883593,19.883591,19.883591,19.883589,19.883587,19.883587,19.883583,19.883583,19.883581,19.883579,19.883577,19.883574,19.883572,19.883572,19.883572,19.88357,19.883562,19.88356,19.883558,19.883558,19.883558,19.883558,19.883556,19.883554,19.883554,19.883554,19.883553,19.883553,19.883553,19.883553,19.883551,19.883551,19.883551,19.883549,19.883549,19.883549,19.883547,19.883547,19.883547,19.883547,19.883545,19.883545,19.883545,19.883545,19.883543,19.883543,19.883543,19.883543,19.883543,19.883543,19.883541,19.883541,19.883541,19.883541,19.883541,19.883539,19.883539,19.883539,19.883539,19.883539,19.883539,19.883539,19.883539,19.883535,19.883533,19.883532,19.883532,19.883532,19.883532,19.883532,19.883532,19.883532,19.88353,19.88353,19.88353,19.88353,19.88353,19.88353,19.88353,19.883528,19.883528,19.883528,19.883528,19.883528,19.883528,19.883528,19.883526,19.883526,19.883526,19.883526,19.883526,19.883526,19.883526,19.883526,19.883526,19.883524,19.883524,19.883524,19.883524,19.883524,19.883524,19.883524,33.80645,31.223516,30.772514,30.772514,30.681498,30.678722,30.678799,30.679029,30.679716,30.680122,30.680546,30.681837,30.682253,30.683033,30.683741,30.684063,30.684366,30.68491,30.685379,30.685379,30.685589,30.685781,30.685959,30.686535,30.687273,30.687321,30.687475,30.687475,30.687506,30.687555,30.687576,30.687614,30.687643,30.687643,30.687666,30.687675,30.687683,30.687696,30.687702,30.68771
I7_phasor_an,14,False,rad,_f6849451-1b54-5b7c-bc67-4c766345b423,,-2.047992,-2.047992,-2.047992,-2.047992,-2.047992,-2.047992,-2.047992,-2.047992,-2.047992,-2.047992,-2.047992,-2.047992,-2.047992,-2.047992,-2.047992,-2.047992,-2.047992,-2.047992,-2.047992,-2.047992,-2.047992,-2.047992,-2.047992,-2.047992,-2.047992,-2.047992,-2.047992,-2.047992,-2.047992,-2.047992,-2.047992,-2.047992,-2.047992,-2.047992,-2.047992,-2.006681,-2.006681,-2.00917,-2.023479,-2.025276,-2.02503,-2.024771,-2.024532,-2.024315,-2.024119,-2.023943,-2.023639,-2.023509,-2.023391,-2.023189,-2.023024,-2.023024,-2.022953,-2.022888,-2.022831,-2.022778,-2.022731,-2.022731,-2.022688,-2.022649,-2.022649,-2.022582,-2.022582,-2.022553,-2.022553,-2.022553,-2.022527,-2.022504,-2.022483,-2.022464,-2.022446,-2.022446,-2.022431,-2.022431,-2.022417,-2.022404,-2.022392,-2.022382,-2.022372,-2.022372,-2.02235,-2.022321,-2.022318,-2.022315,-2.022315,-2.022312,-2.02231,-2.022308,-2.022306,-2.022305,-2.022303,-2.022302,-2.0223,-2.0223,-2.022299,-2.022298,-2.022298,-2.022297,-2.022297,-2.022296,-2.022296,-2.022296,-2.022295,-2.022295,-2.022295,-2.022295,-2.022295,-2.022295,-2.022296,-2.022296,-2.022296,-2.022297,-2.022297,-2.022298,-2.022298,-2.022298,-2.022298,-2.022298,-2.022298,-2.022299,-2.022299,-2.0223,-2.0223,-2.0223,-2.0223,-2.0223,-2.0223,-2.022301,-2.022301,-2.022301,-2.022301,-2.022301,-2.022302,-2.022302,-2.022302,-2.022302,-2.022302,-2.022302,-2.022303,-2.022304,-2.022304,-2.022304,-2.022304,-2.022305,-2.022305,-2.022305,-2.022305,-2.022306,-2.022307,-2.022308,-2.022308,-2.022308,-2.022308,-2.022309,-2.02231,-2.022311,-2.022311,-2.022311,-2.022311,-2.022311,-2.022312,-2.022312,-2.022312,-2.022312,-2.022312,-2.022312,-2.022313,-2.022313,-2.022313,-2.022313,-2.022313,-2.022313,-2.022313,-2.022313,-2.022314,-2.022314,-2.022314,-2.022314,-2.022314,-2.022314,-2.022314,-2.022314,-2.022315,-2.022315,-2.022315,-2.022315,-2.022315,-2.022315,-2.022315,-2.022315,-2.022315,-2.022315,-2.022315,-2.022315,-2.022316,-2.022316,-2.022316,-2.022316,-2.022316,-2.022316,-2.022316,-2.022316,-2.022317,-2.022317,-2.022317,-2.022317,-2.022317,-2.022317,-2.022318,-2.022318,-2.022318,-2.022318,-2.022318,-2.022318,-2.022318,-2.022318,-2.022318,-2.022318,-2.022318,-2.022318,-2.022318,-2.022318,-2.022319,-2.022319,-2.022319,-2.022319,-2.022319,-2.022319,-2.022319,-2.022319,-2.022319,-2.022319,-2.022319,-2.022319,-2.022319,-2.022319,-2.022319,-2.022319,-2.022319,-2.022319,-2.068485,-2.057762,-2.053044,-2.053044,-2.051382,-2.050739,-2.050474,-2.050236,-2.049827,-2.049652,-2.049493,-2.049101,-2.048994,-2.048808,-2.048656,-2.048589,-2.04853,-2.048426,-2.04834,-2.04834,-2.048303,-2.048269,-2.048239,-2.048141,-2.048023,-2.048015,-2.04799,-2.04799,-2.047986,-2.047977,-2.047974,-2.047968,-2.047964,-2.047964,-2.04796,-2.047959,-2.047957,-2.047955,-2.047954,-2.047953
I7_phasor_ma,13,False,A,_f6849451-1b54-5b7c-bc67-4c766345b423,,10.857265,10.857265,10.857265,10.857265,10.857265,10.857265,10.857265,10.857265,10.857265,10.857265,10.857265,10.857265,10.857265,10.857265,10.857265,10.857265,10.857265,10.857265,10.857265,10.857265,10.857265,10.857265,10.857265,10.857265,10.857265,10.857265,10.857265,10.857265,10.857265,10.857265,10.857265,10.857265,10.857265,10.857265,10.857265,7.004476,7.004476,6.827217,7.015829,7.050582,7.051584,7.051958,7.052217,7.052442,7.052646,7.052832,7.053152,7.05329,7.053417,7.053637,7.05382,7.05382,7.053898,7.05397,7.054035,7.054095,7.054149,7.054149,7.054197,7.054241,7.054241,7.054318,7.054318,7.054351,7.054351,7.054351,7.05438,7.054408,7.054432,7.054454,7.054473,7.054473,7.054492,7.054492,7.054508,7.054523,7.054536,7.054548,7.054559,7.054559,7.054585,7.054618,7.054622,7.054625,7.054625,7.054628,7.054631,7.054633,7.054635,7.054636,7.054638,7.05464,7.054642,7.054642,7.054643,7.054643,7.054644,7.054645,7.054645,7.054645,7.054646,7.054646,7.054646,7.054646,7.054646,7.054646,7.054646,7.054645,7.054645,7.054644,7.054644,7.054643,7.054643,7.054642,7.054641,7.054641,7.054641,7.05464,7.05464,7.054639,7.054639,7.054639,7.054638,7.054638,7.054638,7.054638,7.054637,7.054637,7.054637,7.054637,7.054636,7.054636,7.054636,7.054636,7.054636,7.054635,7.054635,7.054635,7.054633,7.054633,7.054633,7.054633,7.054632,7.054631,7.054631,7.05463,7.05463,7.054629,7.054629,7.054627,7.054627,7.054626,7.054626,7.054626,7.054623,7.054623,7.054623,7.054623,7.054622,7.054622,7.054622,7.054621,7.054621,7.054621,7.05462,7.05462,7.05462,7.05462,7.05462,7.05462,7.054619,7.054619,7.054619,7.054619,7.054619,7.054618,7.054618,7.054618,7.054618,7.054618,7.054618,7.054618,7.054617,7.054617,7.054617,7.054617,7.054617,7.054617,7.054617,7.054617,7.054616,7.054616,7.054616,7.054616,7.054616,7.054616,7.054616,7.054616,7.054616,7.054616,7.054616,7.054615,7.054614,7.054614,7.054614,7.054614,7.054614,7.054614,7.054613,7.054614,7.054613,7.054613,7.054613,7.054613,7.054613,7.054613,7.054613,7.054613,7.054613,7.054613,7.054612,7.054612,7.054612,7.054612,7.054612,7.054612,7.054612,7.054612,7.054612,7.054612,7.054612,7.054611,7.054611,7.054611,7.054611,7.054611,7.054611,7.054611,7.054611,7.054611,11.879212,11.035208,10.889291,10.889291,10.858682,10.856828,10.856484,10.856251,10.855996,10.855945,10.855927,10.856013,10.856069,10.856198,10.856337,10.856406,10.856474,10.856602,10.856717,10.856717,10.856771,10.85682,10.856866,10.85702,10.857224,10.857238,10.857281,10.857281,10.857288,10.857303,10.857308,10.857319,10.857327,10.857327,10.857333,10.857335,10.857337,10.857341,10.857342,10.857344
I8_phasor_an,14,False,rad,_7ee8d88c-1a83-5ce2-8056-333aa196ba71,,-2.034989,-2.034989,-2.034989,-2.034989,-2.034989,-2.034989,-2.034989,-2.034989,-2.034989,-2.034989,-2.034989,-2.034989,-2.034989,-2.034989,-2.034989,-2.034989,-2.034989,-2.034989,-2.034989,-2.034989,-2.034989,-2.034989,-2.034989,-2.034989,-2.034989,-2.034989,-2.034989,-2.034989,-2.034989,-2.034989,-2.034989,-2.034989,-2.034989,-2.034989,-2.034989,-2.046692,-2.046692,-2.024769,-2.027307,-2.027796,-2.027801,-2.027798,-2.027795,-2.027791,-2.027788,-2.027786,-2.02778,-2.027778,-2.027776,-2.027773,-2.02777,-2.02777,-2.027769,-2.027767,-2.027766,-2.027765,-2.027764,-2.027764,-2.027763,-2.027762,-2.027762,-2.027761,-2.027761,-2.02776,-2.02776,-2.02776,-2.02776,-2.027759,-2.027759,-2.027758,-2.027757,-2.027757,-2.027757,-2.027757,-2.027756,-2.027756,-2.027756,-2.027755,-2.027755,-2.027755,-2.027754,-2.027752,-2.027752,-2.027752,-2.027752,-2.027751,-2.027751,-2.027751,-2.027751,-2.02775,-2.02775,-2.02775,-2.02775,-2.02775,-2.02775,-2.027749,-2.027749,-2.027749,-2.027749,-2.027749,-2.027749,-2.027748,-2.027748,-2.027748,-2.027748,-2.027747,-2.027747,-2.027747,-2.027746,-2.027746,-2.027746,-2.027745,-2.027745,-2.027745,-2.027745,-2.027745,-2.027745,-2.027745,-2.027745,-2.027744,-2.027744,-2.027744,-2.027744,-2.027744,-2.027744,-2.027744,-2.027744,-2.027744,-2.027744,-2.027743,-2.027743,-2.027743,-2.027743,-2.027743,-2.027743,-2.027743,-2.027743,-2.027743,-2.027742,-2.027742,-2.027742,-2.027742,-2.027742,-2.027742,-2.027741,-2.027741,-2.027741,-2.027741,-2.027741,-2.02774,-2.02774,-2.02774,-2.02774,-2.02774,-2.027739,-2.027739,-2.027739,-2.027739,-2.027739,-2.027739,-2.027739,-2.027738,-2.027738,-2.027738,-2.027738,-2.027738,-2.027738,-2.027738,-2.027738,-2.027738,-2.027738,-2.027738,-2.027738,-2.027738,-2.027738,-2.027737,-2.027737,-2.027737,-2.027737,-2.027737,-2.027737,-2.027737,-2.027737,-2.027737,-2.027737,-2.027737,-2.027737,-2.027737,-2.027737,-2.027737,-2.027737,-2.027737,-2.027737,-2.027737,-2.027737,-2.027737,-2.027737,-2.027737,-2.027737,-2.027737,-2.027737,-2.027736,-2.027736,-2.027736,-2.027736,-2.027736,-2.027736,-2.027736,-2.027736,-2.027736,-2.027735,-2.027736,-2.027736,-2.027735,-2.027735,-2.027735,-2.027735,-2.027735,-2.027735,-2.027735,-2.027735,-2.027735,-2.027735,-2.027735,-2.027735,-2.027735,-2.027735,-2.027735,-2.027735,-2.027735,-2.027735,-2.027735,-2.027735,-2.027735,-2.027735,-2.027735,-2.027735,-2.027735,-2.027735,-2.027735,-2.039732,-2.036316,-2.03542,-2.03542,-2.035235,-2.035201,-2.035187,-2.035174,-2.035152,-2.035142,-2.035133,-2.03511,-2.035104,-2.035093,-2.035084,-2.035079,-2.035075,-2.035068,-2.035062,-2.035062,-2.03506,-2.035057,-2.035055,-2.035047,-2.035035,-2.035034,-2.035031,-2.035031,-2.03503,-2.035029,-2.035028,-2.035027,-2.035026,-2.035026,-2.035024,-2.035024,-2.035023,-2.035022,-2.035022,-2.035021
I8_phasor_ma,13,False,A,_7ee8d88c-1a83-5ce2-8056-333aa196ba71,,20.51185,20.51185,20.51185,20.51185,20.51185,20.51185,20.51185,20.51185,20.51185,20.51185,20.51185,20.51185,20.51185,20.51185,20.51185,20.51185,20.51185,20.51185,20.51185,20.51185,20.51185,20.51185,20.51185,20.51185,20.51185,20.51185,20.51185,20.51185,20.51185,20.51185,20.51185,20.51185,20.51185,20.51185,20.51185,19.545902,19.545902,19.82262,19.951529,19.973461,19.97389,19.973965,19.973986,19.973997,19.974009,19.974016,19.974033,19.974039,19.974047,19.974058,19.974068,19.974068,19.974073,19.974077,19.974081,19.974083,19.974087,19.974087,19.974091,19.974092,19.974092,19.974098,19.974098,19.9741,19.9741,19.9741,19.974102,19.974106,19.974108,19.974108,19.974112,19.974112,19.974112,19.974112,19.974113,19.974115,19.974115,19.974119,19.974119,19.974119,19.974123,19.974129,19.974131,19.974131,19.974131,19.974133,19.974134,19.974134,19.974134,19.974134,19.974136,19.974136,19.974138,19.974138,19.97414,19.97414,19.97414,19.974142,19.974142,19.974142,19.974142,19.974144,19.974144,19.974146,19.974146,19.974148,19.97415,19.974152,19.974152,19.974152,19.974154,19.974155,19.974155,19.974157,19.974157,19.974157,19.974157,19.974159,19.974159,19.974159,19.974161,19.974161,19.974161,19.974161,19.974161,19.974163,19.974163,19.974163,19.974163,19.974163,19.974163,19.974165,19.974165,19.974165,19.974165,19.974165,19.974167,19.974167,19.974167,19.974169,19.974169,19.974169,19.974171,19.974171,19.974171,19.974171,19.974173,19.974173,19.974174,19.974176,19.974176,19.974176,19.974176,19.974178,19.97418,19.974182,19.974182,19.974182,19.974182,19.974182,19.974184,19.974184,19.974184,19.974184,19.974184,19.974184,19.974186,19.974184,19.974186,19.974186,19.974186,19.974188,19.974186,19.974186,19.974188,19.974188,19.974188,19.974188,19.974188,19.974188,19.974188,19.974188,19.974188,19.974188,19.97419,19.97419,19.97419,19.97419,19.97419,19.97419,19.97419,19.97419,19.97419,19.97419,19.97419,19.97419,19.97419,19.974192,19.974192,19.974192,19.974192,19.974194,19.974194,19.974195,19.974195,19.974195,19.974195,19.974195,19.974195,19.974195,19.974195,19.974195,19.974195,19.974195,19.974195,19.974195,19.974195,19.974197,19.974197,19.974195,19.974197,19.974197,19.974197,19.974197,19.974197,19.974197,19.974197,19.974197,19.974197,19.974197,19.974197,19.974199,19.974197,19.974197,19.974197,19.974199,19.974197,19.974197,19.974199,19.974199,20.830074,20.559933,20.518572,20.518572,20.511395,20.51129,20.511316,20.511345,20.511396,20.511419,20.51144,20.511496,20.511511,20.511539,20.511564,20.511576,20.511585,20.511604,20.51162,20.51162,20.511627,20.511633,20.511641,20.511662,20.511694,20.511698,20.511707,20.511707,20.511709,20.511715,20.511717,20.511721,20.511724,20.511724,20.511728,20.511728,20.51173,20.511734,20.511736,20.511738
I9_phasor_an,14,False,rad,_26a560cd-5d87-5dd7-b588-cb2d8efa50ce,,-1.577245,-1.577245,-1.577245,-1.577245,-1.577245,-1.577245,-1.577245,-1.577245,-1.577245,-1.577245,-1.577245,-1.577245,-1.577245,-1.577246,-1.577245,-1.577245,-1.577245,-1.577245,-1.577245,-1.577245,-1.577245,-1.577245,-1.577245,-1.577245,-1.577245,-1.577245,-1.577245,-1.577245,-1.577245,-1.577245,-1.577245,-1.577245,-1.577245,-1.577245,-1.577245,-1.607581,-1.607581,-2.055702,-2.065466,-2.067139,-2.067171,-2.067178,-2.06718,-2.067182,-2.067184,-2.067185,-2.067188,-2.067189,-2.06719,-2.067192,-2.067194,-2.067194,-2.067195,-2.067195,-2.067196,-2.067197,-2.067197,-2.067197,-2.067198,-2.067199,-2.067199,-2.067199,-2.067199,-2.0672,-2.0672,-2.0672,-2.0672,-2.067201,-2.067201,-2.067201,-2.067202,-2.067202,-2.067202,-2.067202,-2.067202,-2.067203,-2.067203,-2.067203,-2.067204,-2.067204,-2.067204,-2.067206,-2.067207,-2.067207,-2.067207,-2.067207,-2.067207,-2.067208,-2.067208,-2.067208,-2.067208,-2.067209,-2.067209,-2.067209,-2.067209,-2.067209,-2.067209,-2.06721,-2.06721,-2.06721,-2.06721,-2.067211,-2.067211,-2.067211,-2.067212,-2.067213,-2.067213,-2.067213,-2.067214,-2.067214,-2.067214,-2.067215,-2.067215,-2.067216,-2.067216,-2.067216,-2.067216,-2.067217,-2.067217,-2.067217,-2.067217,-2.067217,-2.067218,-2.067218,-2.067218,-2.067218,-2.067218,-2.067218,-2.067218,-2.067219,-2.067219,-2.067219,-2.067219,-2.067219,-2.067219,-2.06722,-2.06722,-2.06722,-2.067221,-2.067221,-2.067221,-2.067222,-2.067222,-2.067222,-2.067223,-2.067223,-2.067223,-2.067224,-2.067224,-2.067225,-2.067226,-2.067226,-2.067226,-2.067227,-2.067229,-2.067229,-2.06723,-2.06723,-2.06723,-2.06723,-2.06723,-2.067231,-2.067231,-2.067231,-2.067231,-2.067232,-2.067232,-2.067232,-2.067232,-2.067232,-2.067233,-2.067233,-2.067233,-2.067233,-2.067234,-2.067234,-2.067234,-2.067234,-2.067235,-2.067235,-2.067235,-2.067235,-2.067235,-2.067235,-2.067235,-2.067235,-2.067236,-2.067236,-2.067236,-2.067236,-2.067236,-2.067236,-2.067236,-2.067236,-2.067237,-2.067237,-2.067237,-2.067237,-2.067237,-2.067237,-2.067237,-2.067239,-2.06724,-2.067241,-2.067241,-2.067241,-2.067241,-2.067241,-2.067241,-2.067242,-2.067242,-2.067242,-2.067242,-2.067242,-2.067242,-2.067243,-2.067243,-2.067243,-2.067243,-2.067243,-2.067244,-2.067244,-2.067244,-2.067244,-2.067244,-2.067244,-2.067245,-2.067245,-2.067245,-2.067245,-2.067245,-2.067245,-2.067246,-2.067246,-2.067246,-2.067246,-2.067246,-2.067246,-2.067247,-2.067247,-1.597692,-1.581486,-1.577881,-1.577881,-1.57725,-1.577237,-1.577238,-1.577238,-1.57724,-1.57724,-1.577241,-1.577242,-1.577242,-1.577243,-1.577243,-1.577243,-1.577244,-1.577244,-1.577244,-1.577244,-1.577244,-1.577244,-1.577244,-1.577245,-1.577245,-1.577245,-1.577245,-1.577245,-1.577245,-1.577245,-1.577245,-1.577245,-1.577245,-1.577245,-1.577245,-1.577245,-1.577245,-1.577245,-1.577245,-1.577245
I9_phasor_ma,13,False,A,_26a560cd-5d87-5dd7-b588-cb2d8efa50ce,,42.209042,42.209042,42.209042,42.209042,42.209042,42.209042,42.209042,42.209045,42.209045,42.209045,42.209045,42.209045,42.209045,42.209045,42.209042,42.209042,42.209042,42.209042,42.209042,42.209042,42.209042,42.209042,42.209042,42.209042,42.209042,42.209042,42.209042,42.209042,42.209042,42.209042,42.209042,42.209042,42.209042,42.209042,42.209042,13.810613,13.810613,4.43324,4.602629,4.630757,4.63127,4.631344,4.631355,4.631356,4.631355,4.631355,4.631354,4.631354,4.631353,4.631353,4.631352,4.631352,4.631352,4.631352,4.631352,4.631352,4.631352,4.631352,4.631352,4.631352,4.631352,4.631352,4.631352,4.631352,4.631352,4.631352,4.631352,4.631352,4.631352,4.631352,4.631352,4.631352,4.631352,4.631352,4.631352,4.631352,4.631352,4.631352,4.631352,4.631352,4.631352,4.631352,4.631352,4.631352,4.631352,4.631352,4.631352,4.631353,4.631353,4.631353,4.631353,4.631353,4.631353,4.631353,4.631353,4.631353,4.631353,4.631353,4.631353,4.631353,4.631353,4.631353,4.631354,4.631354,4.631354,4.631354,4.631354,4.631354,4.631354,4.631354,4.631354,4.631355,4.631355,4.631355,4.631355,4.631355,4.631355,4.631355,4.631355,4.631355,4.631355,4.631356,4.631355,4.631356,4.631356,4.631356,4.631356,4.631356,4.631356,4.631356,4.631356,4.631356,4.631356,4.631356,4.631356,4.631356,4.631356,4.631356,4.631356,4.631357,4.631357,4.631357,4.631357,4.631357,4.631357,4.631357,4.631357,4.631357,4.631358,4.631358,4.631358,4.631358,4.631358,4.631358,4.631359,4.631359,4.631359,4.631359,4.631359,4.631359,4.63136,4.63136,4.63136,4.63136,4.63136,4.63136,4.63136,4.63136,4.63136,4.63136,4.63136,4.63136,4.63136,4.63136,4.631361,4.631361,4.631361,4.631361,4.631361,4.631361,4.631361,4.631361,4.631361,4.631361,4.631361,4.631361,4.631361,4.631361,4.631361,4.631361,4.631361,4.631361,4.631361,4.631361,4.631361,4.631361,4.631361,4.631361,4.631361,4.631361,4.631361,4.631362,4.631362,4.631362,4.631362,4.631362,4.631362,4.631362,4.631362,4.631363,4.631363,4.631363,4.631363,4.631363,4.631363,4.631363,4.631363,4.631363,4.631363,4.631363,4.631363,4.631363,4.631363,4.631363,4.631363,4.631363,4.631364,4.631364,4.631364,4.631364,4.631364,4.631364,4.631364,4.631364,4.631364,4.631364,4.631364,4.631364,4.631364,4.631364,47.553246,43.029545,42.334057,42.334057,42.212872,42.209904,42.209782,42.209713,42.209606,42.20956,42.209518,42.209412,42.209381,42.209328,42.209282,42.209263,42.209248,42.209213,42.20919,42.20919,42.209179,42.209167,42.209156,42.209126,42.209087,42.209084,42.209076,42.209076,42.209076,42.209068,42.209068,42.209068,42.209064,42.209064,42.209064,42.209064,42.209061,42.209061,42.209061,42.209057
I10_phasor_an,14,False,rad,_ce4d9ad0-927b-5126-b1e2-b0e9090aae41,,-1.905727,-1.905727,-1.905727,-1.905727,-1.905727,-1.905727,-1.905727,-1.905727,-1.905727,-1.905727,-1.905727,-1.905727,-1.905727,-1.905727,-1.905727,-1.905727,-1.905727,-1.905727,-1.905727,-1.905727,-1.905727,-1.905727,-1.905727,-1.905727,-1.905727,-1.905727,-1.905727,-1.905727,-1.905727,-1.905727,-1.905727,-1.905727,-1.905727,-1.905727,-1.905727,-1.862147,-1.862147,-1.869843,-1.883007,-1.884988,-1.88491,-1.884804,-1.884704,-1.884613,-1.884531,-1.884458,-1.884332,-1.884279,-1.88423,-1.884148,-1.884081,-1.884081,-1.884052,-1.884026,-1.884002,-1.883981,-1.883962,-1.883962,-1.883945,-1.883929,-1.883929,-1.883902,-1.883902,-1.883891,-1.883891,-1.883891,-1.883881,-1.883871,-1.883863,-1.883855,-1.883848,-1.883848,-1.883842,-1.883842,-1.883837,-1.883832,-1.883827,-1.883823,-1.883819,-1.883819,-1.883811,-1.8838,-1.883798,-1.883797,-1.883797,-1.883796,-1.883796,-1.883795,-1.883794,-1.883794,-1.883793,-1.883793,-1.883792,-1.883792,-1.883792,-1.883792,-1.883792,-1.883791,-1.883791,-1.883791,-1.883791,-1.883791,-1.883791,-1.883791,-1.883792,-1.883792,-1.883792,-1.883792,-1.883792,-1.883793,-1.883793,-1.883793,-1.883793,-1.883794,-1.883794,-1.883794,-1.883794,-1.883794,-1.883794,-1.883795,-1.883795,-1.883795,-1.883795,-1.883795,-1.883795,-1.883795,-1.883796,-1.883796,-1.883796,-1.883796,-1.883796,-1.883796,-1.883796,-1.883796,-1.883797,-1.883797,-1.883797,-1.883797,-1.883798,-1.883798,-1.883798,-1.883798,-1.883798,-1.883798,-1.883799,-1.883799,-1.883799,-1.883799,-1.8838,-1.8838,-1.8838,-1.8838,-1.8838,-1.883801,-1.883802,-1.883802,-1.883802,-1.883802,-1.883802,-1.883802,-1.883803,-1.883803,-1.883803,-1.883803,-1.883803,-1.883803,-1.883803,-1.883803,-1.883803,-1.883803,-1.883803,-1.883803,-1.883804,-1.883804,-1.883804,-1.883804,-1.883804,-1.883804,-1.883804,-1.883804,-1.883804,-1.883804,-1.883804,-1.883804,-1.883804,-1.883804,-1.883804,-1.883804,-1.883804,-1.883805,-1.883804,-1.883804,-1.883805,-1.883805,-1.883805,-1.883805,-1.883805,-1.883805,-1.883805,-1.883805,-1.883805,-1.883805,-1.883806,-1.883806,-1.883806,-1.883806,-1.883806,-1.883806,-1.883806,-1.883806,-1.883806,-1.883806,-1.883806,-1.883806,-1.883806,-1.883806,-1.883806,-1.883806,-1.883806,-1.883806,-1.883806,-1.883806,-1.883806,-1.883806,-1.883806,-1.883806,-1.883806,-1.883806,-1.883806,-1.883806,-1.883807,-1.883806,-1.883807,-1.883807,-1.883807,-1.883807,-1.883807,-1.883807,-1.883807,-1.883807,-1.92202,-1.91264,-1.908417,-1.908417,-1.9072,-1.906889,-1.906769,-1.906662,-1.906481,-1.906404,-1.906336,-1.906168,-1.906123,-1.906046,-1.905983,-1.905956,-1.905932,-1.90589,-1.905855,-1.905855,-1.90584,-1.905827,-1.905815,-1.905776,-1.90573,-1.905727,-1.905718,-1.905718,-1.905716,-1.905713,-1.905712,-1.90571,-1.905708,-1.905708,-1.905707,-1.905706,-1.905706,-1.905705,-1.905705,-1.905705
I10_phasor_ma,13,False,A,_ce4d9ad0-927b-5126-b1e2-b0e9090aae41,,76.912643,76.912643,76.912643,76.912643,76.912643,76.912643,76.912643,76.912643,76.912643,76.912643,76.912643,76.912643,76.912643,76.912643,76.912643,76.912643,76.912643,76.912643,76.912643,76.912643,76.912643,76.912643,76.912643,76.912643,76.912643,76.912643,76.912643,76.912643,76.912643,76.912643,76.912643,76.912643,76.912643,76.912643,76.912643,49.779621,49.779621,47.921432,49.382942,49.655453,49.663963,49.667477,49.670017,49.672226,49.674213,49.676022,49.679157,49.680508,49.68174,49.683865,49.685612,49.685612,49.686363,49.68705,49.687668,49.688225,49.688732,49.688732,49.689194,49.689606,49.689606,49.690323,49.690323,49.690628,49.690628,49.690628,49.690903,49.691154,49.69138,49.691578,49.691765,49.691765,49.691929,49.691929,49.692074,49.692207,49.692329,49.692436,49.692535,49.692535,49.692768,49.693054,49.693089,49.693111,49.693111,49.693134,49.693157,49.693176,49.693192,49.693203,49.693214,49.693226,49.693241,49.693241,49.693245,49.693249,49.693253,49.693253,49.693253,49.693253,49.693256,49.693253,49.693253,49.693253,49.693245,49.693233,49.693233,49.693222,49.693211,49.693207,49.693203,49.693188,49.69318,49.693165,49.693165,49.693157,49.693153,49.693146,49.693146,49.693138,49.69313,49.693127,49.693123,49.693115,49.693115,49.693111,49.693108,49.6931,49.6931,49.693096,49.693092,49.693085,49.693081,49.693081,49.693077,49.693069,49.693066,49.693066,49.69305,49.693039,49.693039,49.693035,49.693027,49.693024,49.693012,49.693005,49.693001,49.692997,49.692986,49.692963,49.692959,49.692955,49.692955,49.692944,49.692913,49.692909,49.692905,49.692898,49.692898,49.692894,49.69289,49.692886,49.692886,49.692879,49.692879,49.692875,49.692871,49.692871,49.692863,49.692863,49.692863,49.69286,49.692856,49.692856,49.692852,49.692848,49.692848,49.692848,49.692844,49.692844,49.692841,49.692837,49.692837,49.692837,49.692837,49.692833,49.692833,49.692833,49.692829,49.692829,49.692825,49.692825,49.692825,49.692825,49.692822,49.692822,49.692818,49.692818,49.692818,49.692818,49.692814,49.692806,49.692795,49.692791,49.692791,49.692787,49.692787,49.692787,49.692783,49.692783,49.692783,49.69278,49.69278,49.69278,49.69278,49.69278,49.692776,49.692776,49.692776,49.692776,49.692772,49.692772,49.692768,49.692768,49.692768,49.692768,49.692768,49.692764,49.692764,49.692764,49.692764,49.69276,49.69276,49.69276,49.69276,49.692757,49.692757,49.692757,49.692757,49.692757,84.717705,78.267349,77.1287,77.1287,76.896652,76.889465,76.889679,76.890312,76.892189,76.893295,76.894455,76.897972,76.899101,76.901222,76.903137,76.904007,76.904823,76.906296,76.907555,76.907555,76.908119,76.908638,76.909111,76.910645,76.912567,76.912697,76.913086,76.913086,76.913155,76.913284,76.913338,76.913414,76.913483,76.913483,76.913528,76.913551,76.913567,76.913589,76.913597,76.913612
V5pmu_ph,8,False,rad,_ebb6bf0b-3921-514a-aeb3-529a2dc7d0a5,,-1.576625,-1.576625,-1.576625,-1.576625,-1.576625,-1.576625,-1.576625,-1.576625,-1.576625,-1.576625,-1.576625,-1.576625,-1.576625,-1.576625,-1.576625,-1.576625,-1.576625,-1.576625,-1.576625,-1.576625,-1.576625,-1.576625,-1.576625,-1.576625,-1.576625,-1.576625,-1.576625,-1.576625,-1.576625,-1.576625,-1.576625,-1.576625,-1.576625,-1.576625,-1.576625,-1.453005,-1.453005,-1.553528,-1.553049,-1.55299,-1.552986,-1.552982,-1.55298,-1.552977,-1.552975,-1.552973,-1.552969,-1.552967,-1.552966,-1.552963,-1.552961,-1.552961,-1.552961,-1.55296,-1.552959,-1.552958,-1.552958,-1.552958,-1.552957,-1.552957,-1.552957,-1.552956,-1.552956,-1.552956,-1.552956,-1.552956,-1.552955,-1.552955,-1.552955,-1.552954,-1.552954,-1.552954,-1.552954,-1.552954,-1.552954,-1.552954,-1.552954,-1.552953,-1.552953,-1.552953,-1.552953,-1.552953,-1.552953,-1.552953,-1.552953,-1.552953,-1.552952,-1.552953,-1.552952,-1.552952,-1.552952,-1.552952,-1.552952,-1.552952,-1.552952,-1.552952,-1.552952,-1.552952,-1.552952,-1.552952,-1.552952,-1.552952,-1.552952,-1.552952,-1.552952,-1.552952,-1.552952,-1.552952,-1.552952,-1.552952,-1.552952,-1.552952,-1.552952,-1.552952,-1.552952,-1.552952,-1.552952,-1.552952,-1.552952,-1.552952,-1.552952,-1.552952,-1.552952,-1.552952,-1.552952,-1.552952,-1.552952,-1.552952,-1.552952,-1.552952,-1.552952,-1.552952,-1.552952,-1.552952,-1.552952,-1.552952,-1.552952,-1.552952,-1.552952,-1.552952,-1.552952,-1.552952,-1.552952,-1.552952,-1.552952,-1.552952,-1.552952,-1.552952,-1.552952,-1.552952,-1.552952,-1.552952,-1.552952,-1.552952,-1.552952,-1.552952,-1.552952,-1.552952,-1.552952,-1.552952,-1.552952,-1.552952,-1.552952,-1.552952,-1.552952,-1.552952,-1.552952,-1.552952,-1.552952,-1.552952,-1.552952,-1.552952,-1.552952,-1.552952,-1.552952,-1.552952,-1.552952,-1.552952,-1.552952,-1.552952,-1.552952,-1.552952,-1.552952,-1.552952,-1.552952,-1.552952,-1.552952,-1.552952,-1.552952,-1.552952,-1.552952,-1.552952,-1.552952,-1.552952,-1.552952,-1.552952,-1.552952,-1.552952,-1.552952,-1.552952,-1.552952,-1.552952,-1.552952,-1.552952,-1.552952,-1.552952,-1.552952,-1.552952,-1.552952,-1.552952,-1.552952,-1.552952,-1.552952,-1.552952,-1.552952,-1.552952,-1.552952,-1.552952,-1.552952,-1.552952,-1.552952,-1.552952,-1.552952,-1.552952,-1.552952,-1.552952,-1.552952,-1.552952,-1.552952,-1.552952,-1.552952,-1.552952,-1.552952,-1.552952,-1.552952,-1.552952,-1.552952,-1.552952,-1.552952,-1.552952,-1.576375,-1.576505,-1.576634,-1.576634,-1.576655,-1.576651,-1.576649,-1.576647,-1.576644,-1.576642,-1.576641,-1.576637,-1.576636,-1.576635,-1.576633,-1.576632,-1.576632,-1.576631,-1.57663,-1.57663,-1.576629,-1.576629,-1.576628,-1.576627,-1.576626,-1.576626,-1.576626,-1.576626,-1.576626,-1.576626,-1.576625,-1.576625,-1.576625,-1.576625,-1.576625,-1.576625,-1.576625,-1.576625,-1.576625,-1.576625
V5pmu_mag,7,False,V,_ebb6bf0b-3921-514a-aeb3-529a2dc7d0a5,,6989.638672,6989.638672,6989.638672,6989.638672,6989.638672,6989.638672,6989.638672,6989.638672,6989.638672,6989.638672,6989.638672,6989.638672,6989.638672,6989.638672,6989.638672,6989.638672,6989.638672,6989.638672,6989.638672,6989.638672,6989.638672,6989.638672,6989.638672,6989.638672,6989.638672,6989.638672,6989.638672,6989.638672,6989.638672,6989.638672,6989.638672,6989.638672,6989.638672,6989.638672,6989.638672,4347.293457,4347.293457,3427.03833,3423.841309,3423.240479,3423.2146,3423.200195,3423.188721,3423.178223,3423.168945,3423.160645,3423.146484,3423.140137,3423.134766,3423.125,3423.117188,3423.117188,3423.11377,3423.11084,3423.10791,3423.105469,3423.103271,3423.103271,3423.101318,3423.099365,3423.099365,3423.096191,3423.096191,3423.094727,3423.094727,3423.094727,3423.093506,3423.092285,3423.091309,3423.090332,3423.089355,3423.089355,3423.088623,3423.088623,3423.087891,3423.087402,3423.08667,3423.086182,3423.085693,3423.085693,3423.084473,3423.083008,3423.082764,3423.08252,3423.08252,3423.082275,3423.082275,3423.082031,3423.082031,3423.081787,3423.081787,3423.081787,3423.081543,3423.081543,3423.081543,3423.081299,3423.081299,3423.081299,3423.081299,3423.081055,3423.081055,3423.081055,3423.081055,3423.080811,3423.080811,3423.080811,3423.080811,3423.080811,3423.080566,3423.080566,3423.080566,3423.080566,3423.080566,3423.080322,3423.080566,3423.080566,3423.080322,3423.080322,3423.080322,3423.080322,3423.080322,3423.080322,3423.080322,3423.080322,3423.080322,3423.080322,3423.080322,3423.080322,3423.080322,3423.080322,3423.080322,3423.080322,3423.080322,3423.080322,3423.080322,3423.080322,3423.080322,3423.080322,3423.080078,3423.080078,3423.080078,3423.080322,3423.080078,3423.080322,3423.080078,3423.080078,3423.080078,3423.080078,3423.080078,3423.080078,3423.080078,3423.080078,3423.080078,3423.080078,3423.079834,3423.079834,3423.079834,3423.079834,3423.079834,3423.079834,3423.079834,3423.079834,3423.079834,3423.079834,3423.079834,3423.079834,3423.079834,3423.079834,3423.079834,3423.079834,3423.079834,3423.079834,3423.079834,3423.079834,3423.079834,3423.079834,3423.079834,3423.079834,3423.079834,3423.079834,3423.079834,3423.079834,3423.079834,3423.079834,3423.079834,3423.079834,3423.079834,3423.079834,3423.079834,3423.079834,3423.079834,3423.079834,3423.079834,3423.079834,3423.079834,3423.079834,3423.079834,3423.079834,3423.079834,3423.079834,3423.079834,3423.079834,3423.07959,3423.079834,3423.079834,3423.079834,3423.07959,3423.07959,3423.079834,3423.079834,3423.079834,3423.079834,3423.079834,3423.079834,3423.07959,3423.07959,3423.079834,3423.07959,3423.07959,3423.07959,3423.07959,3423.07959,3423.07959,3423.07959,3423.07959,3423.07959,3423.079834,3423.07959,3423.07959,3423.07959,3423.07959,3423.079834,3423.079834,3423.07959,3423.07959,3423.079834,3423.07959,3423.07959,3423.07959,3423.07959,6964.425781,6985.564941,6989.14209,6989.14209,6989.818359,6989.818359,6989.809082,6989.798828,6989.778809,6989.769531,6989.760254,6989.735352,6989.728027,6989.715332,6989.703613,6989.698242,6989.693359,6989.685059,6989.677734,6989.677734,6989.674316,6989.671875,6989.668945,6989.660156,6989.648926,6989.648438,6989.645508,6989.645508,6989.64502,6989.644043,6989.643555,6989.643066,6989.642578,6989.642578,6989.64209,6989.64209,6989.641602,6989.641602,6989.641602,6989.641113
V7pmu_ph,8,False,rad,_f6849451-1b54-5b7c-bc67-4c766345b423,,-1.584377,-1.584377,-1.584377,-1.584377,-1.584377,-1.584377,-1.584377,-1.584377,-1.584377,-1.584377,-1.584377,-1.584377,-1.584377,-1.584377,-1.584377,-1.584377,-1.584377,-1.584377,-1.584377,-1.584377,-1.584377,-1.584377,-1.584377,-1.584377,-1.584377,-1.584377,-1.584377,-1.584377,-1.584377,-1.584377,-1.584377,-1.584377,-1.584377,-1.584377,-1.584377,-1.463358,-1.463358,-1.564381,-1.563861,-1.563746,-1.56374,-1.563736,-1.563732,-1.563729,-1.563726,-1.563724,-1.563718,-1.563716,-1.563713,-1.563709,-1.563706,-1.563706,-1.563705,-1.563703,-1.563702,-1.563701,-1.5637,-1.5637,-1.563699,-1.563698,-1.563698,-1.563697,-1.563697,-1.563697,-1.563697,-1.563697,-1.563696,-1.563695,-1.563695,-1.563695,-1.563694,-1.563694,-1.563694,-1.563694,-1.563694,-1.563693,-1.563693,-1.563693,-1.563693,-1.563693,-1.563692,-1.563692,-1.563692,-1.563691,-1.563691,-1.563691,-1.563691,-1.563691,-1.563691,-1.563691,-1.563691,-1.563691,-1.563691,-1.563691,-1.563691,-1.563691,-1.563691,-1.563691,-1.563691,-1.563691,-1.563691,-1.563691,-1.563691,-1.563691,-1.563691,-1.563691,-1.563691,-1.563691,-1.563691,-1.563691,-1.563691,-1.563691,-1.563691,-1.563691,-1.563691,-1.563691,-1.563691,-1.563691,-1.563691,-1.563691,-1.563691,-1.563691,-1.563691,-1.563691,-1.563691,-1.563691,-1.563691,-1.563691,-1.563691,-1.563691,-1.563691,-1.563691,-1.563691,-1.563691,-1.563691,-1.563691,-1.563691,-1.563691,-1.563691,-1.563691,-1.563691,-1.563691,-1.563691,-1.563691,-1.563691,-1.563691,-1.563691,-1.563691,-1.563691,-1.563691,-1.563691,-1.563691,-1.563691,-1.563691,-1.563691,-1.563691,-1.563691,-1.563691,-1.563691,-1.563691,-1.563691,-1.563691,-1.563691,-1.563691,-1.563691,-1.563691,-1.563691,-1.563691,-1.563691,-1.563691,-1.563691,-1.563691,-1.563691,-1.563691,-1.563691,-1.563691,-1.563691,-1.563691,-1.563691,-1.563691,-1.563691,-1.563691,-1.563691,-1.563691,-1.563691,-1.563691,-1.563691,-1.563691,-1.563691,-1.563691,-1.563691,-1.563691,-1.563691,-1.563691,-1.563691,-1.563691,-1.563691,-1.563691,-1.563691,-1.563691,-1.563691,-1.563691,-1.563691,-1.563691,-1.563691,-1.563691,-1.563691,-1.563691,-1.563691,-1.563691,-1.563691,-1.563691,-1.563691,-1.563691,-1.563691,-1.563691,-1.563691,-1.563691,-1.563691,-1.563691,-1.563691,-1.563691,-1.563691,-1.563691,-1.563691,-1.563691,-1.563691,-1.563691,-1.563691,-1.563691,-1.563691,-1.563691,-1.563691,-1.563691,-1.563691,-1.563691,-1.563691,-1.563691,-1.563691,-1.563691,-1.583107,-1.5842,-1.584391,-1.584391,-1.584422,-1.584416,-1.584413,-1.58441,-1.584405,-1.584402,-1.5844,-1.584395,-1.584393,-1.584391,-1.584388,-1.584388,-1.584387,-1.584385,-1.584384,-1.584384,-1.584383,-1.584383,-1.584382,-1.584381,-1.584379,-1.584379,-1.584378,-1.584378,-1.584378,-1.584378,-1.584378,-1.584378,-1.584378,-1.584378,-1.584378,-1.584378,-1.584378,-1.584378,-1.584377,-1.584378
V7pmu_mag,7,False,V,_f6849451-1b54-5b7c-bc67-4c766345b423,,6864.931152,6864.931152,6864.931152,6864.931152,6864.931152,6864.931152,6864.931152,6864.931152,6864.931152,6864.931152,6864.931152,6864.931152,6864.931152,6864.931152,6864.931152,6864.931152,6864.931152,6864.931152,6864.931152,6864.931152,6864.931152,6864.931152,6864.931152,6864.931152,6864.931152,6864.931152,6864.931152,6864.931152,6864.931152,6864.931152,6864.931152,6864.931152,6864.931152,6864.931152,6864.931152,4260.87207,4260.87207,3348.085205,3343.532715,3342.666504,3342.627686,3342.605469,3342.587402,3342.571289,3342.556885,3342.543701,3342.521484,3342.511963,3342.503418,3342.488525,3342.476562,3342.476562,3342.471191,3342.466553,3342.462158,3342.458496,3342.455078,3342.455078,3342.451904,3342.448975,3342.448975,3342.443848,3342.443848,3342.441895,3342.441895,3342.441895,3342.439941,3342.438232,3342.436523,3342.435059,3342.433838,3342.433838,3342.432617,3342.432617,3342.431641,3342.430664,3342.429688,3342.428955,3342.427979,3342.427979,3342.42627,3342.424072,3342.423828,3342.423584,3342.423584,3342.42334,3342.423096,3342.422852,3342.422607,3342.422607,3342.422363,3342.422363,3342.422119,3342.422119,3342.422119,3342.421875,3342.421875,3342.421875,3342.421875,3342.421875,3342.421875,3342.421631,3342.421631,3342.421631,3342.421387,3342.421387,3342.421387,3342.421387,3342.421387,3342.421387,3342.421387,3342.421387,3342.421387,3342.421143,3342.421143,3342.421143,3342.421143,3342.421143,3342.421143,3342.421143,3342.421143,3342.421143,3342.421143,3342.421143,3342.421143,3342.421387,3342.421143,3342.421143,3342.421143,3342.421387,3342.421143,3342.421387,3342.421143,3342.421143,3342.421387,3342.421143,3342.421143,3342.421143,3342.421143,3342.421143,3342.421143,3342.421387,3342.421143,3342.421143,3342.421143,3342.421143,3342.421143,3342.421143,3342.421387,3342.421387,3342.421387,3342.421143,3342.421143,3342.421143,3342.421387,3342.421143,3342.421387,3342.421387,3342.421387,3342.421387,3342.421387,3342.421387,3342.421387,3342.421143,3342.421387,3342.421387,3342.421387,3342.421387,3342.421143,3342.421143,3342.421387,3342.421387,3342.421143,3342.421143,3342.421387,3342.421387,3342.421387,3342.421387,3342.421387,3342.421387,3342.421387,3342.421387,3342.421387,3342.421387,3342.421387,3342.421387,3342.421387,3342.421387,3342.421387,3342.421387,3342.421387,3342.421387,3342.421387,3342.421387,3342.421387,3342.421387,3342.421387,3342.421387,3342.421387,3342.421387,3342.421387,3342.421387,3342.421387,3342.421387,3342.421387,3342.421387,3342.421387,3342.421387,3342.421387,3342.421387,3342.421387,3342.421387,3342.421387,3342.421387,3342.421387,3342.421387,3342.421387,3342.421387,3342.421387,3342.421387,3342.421387,3342.421387,3342.421387,3342.421387,3342.421387,3342.421387,3342.421387,3342.421387,3342.421387,3342.421387,3342.421387,3342.421387,3342.421387,3342.421387,3342.421387,3342.421387,3342.421387,3342.421387,3342.421387,3342.421387,6831.062012,6859.562012,6864.271973,6864.271973,6865.175781,6865.179199,6865.166992,6865.153809,6865.127441,6865.114258,6865.101562,6865.066406,6865.056152,6865.037109,6865.020508,6865.013184,6865.005859,6864.993652,6864.98291,6864.98291,6864.978516,6864.974609,6864.970215,6864.958008,6864.941895,6864.94043,6864.937012,6864.937012,6864.936523,6864.935059,6864.93457,6864.933594,6864.933105,6864.933105,6864.932617,6864.932129,6864.932129,6864.931641,6864.931152,6864.931152
V9pmu_ph,8,False,rad,_26a560cd-5d87-5dd7-b588-cb2d8efa50ce,,-1.576134,-1.576134,-1.576134,-1.576134,-1.576134,-1.576134,-1.576134,-1.576134,-1.576134,-1.576134,-1.576134,-1.576134,-1.576134,-1.576134,-1.576134,-1.576134,-1.576134,-1.576134,-1.576134,-1.576134,-1.576134,-1.576134,-1.576134,-1.576134,-1.576134,-1.576134,-1.576134,-1.576134,-1.576134,-1.576134,-1.576134,-1.576134,-1.576134,-1.576134,-1.576134,-1.52119,-1.52119,-2.060415,-2.059633,-2.059601,-2.059603,-2.059605,-2.059607,-2.059608,-2.05961,-2.059611,-2.059614,-2.059615,-2.059616,-2.059617,-2.059619,-2.059619,-2.059619,-2.05962,-2.05962,-2.059621,-2.059621,-2.059621,-2.059621,-2.059622,-2.059622,-2.059622,-2.059622,-2.059623,-2.059623,-2.059623,-2.059623,-2.059623,-2.059623,-2.059623,-2.059623,-2.059623,-2.059623,-2.059623,-2.059623,-2.059624,-2.059624,-2.059624,-2.059624,-2.059624,-2.059624,-2.059624,-2.059625,-2.059625,-2.059625,-2.059625,-2.059625,-2.059625,-2.059625,-2.059625,-2.059625,-2.059625,-2.059625,-2.059625,-2.059625,-2.059625,-2.059625,-2.059625,-2.059625,-2.059625,-2.059625,-2.059625,-2.059625,-2.059625,-2.059625,-2.059625,-2.059625,-2.059625,-2.059625,-2.059625,-2.059625,-2.059625,-2.059625,-2.059625,-2.059625,-2.059625,-2.059625,-2.059625,-2.059625,-2.059625,-2.059625,-2.059625,-2.059625,-2.059625,-2.059625,-2.059625,-2.059625,-2.059625,-2.059625,-2.059625,-2.059625,-2.059625,-2.059625,-2.059625,-2.059625,-2.059625,-2.059625,-2.059625,-2.059625,-2.059625,-2.059625,-2.059625,-2.059625,-2.059625,-2.059625,-2.059625,-2.059625,-2.059625,-2.059625,-2.059625,-2.059625,-2.059625,-2.059625,-2.059625,-2.059625,-2.059625,-2.059625,-2.059625,-2.059625,-2.059625,-2.059625,-2.059625,-2.059625,-2.059625,-2.059625,-2.059625,-2.059625,-2.059625,-2.059625,-2.059625,-2.059625,-2.059625,-2.059625,-2.059625,-2.059625,-2.059625,-2.059625,-2.059625,-2.059625,-2.059625,-2.059625,-2.059625,-2.059625,-2.059625,-2.059625,-2.059625,-2.059625,-2.059625,-2.059625,-2.059625,-2.059625,-2.059625,-2.059625,-2.059625,-2.059625,-2.059625,-2.059625,-2.059625,-2.059625,-2.059625,-2.059625,-2.059625,-2.059625,-2.059625,-2.059625,-2.059625,-2.059625,-2.059625,-2.059625,-2.059625,-2.059625,-2.059625,-2.059625,-2.059625,-2.059625,-2.059625,-2.059625,-2.059625,-2.059625,-2.059625,-2.059625,-2.059625,-2.059625,-2.059625,-2.059625,-2.059625,-2.059625,-2.059625,-2.059625,-2.059625,-2.059625,-2.059625,-2.059625,-2.059625,-2.059625,-2.059625,-2.059625,-2.059625,-2.059625,-2.059625,-1.565341,-1.574796,-1.576054,-1.576054,-1.576149,-1.576148,-1.576146,-1.576146,-1.576144,-1.576143,-1.576142,-1.576141,-1.57614,-1.576139,-1.576139,-1.576138,-1.576138,-1.576137,-1.576137,-1.576137,-1.576137,-1.576137,-1.576136,-1.576136,-1.576135,-1.576135,-1.576135,-1.576135,-1.576135,-1.576135,-1.576135,-1.576135,-1.576135,-1.576135,-1.576135,-1.576135,-1.576135,-1.576135,-1.576135,-1.576135
V9pmu_mag,7,False,V,_26a560cd-5d87-5dd7-b588-cb2d8efa50ce,,7107.48584,7107.48584,7107.48584,7107.48584,7107.48584,7107.48584,7107.48584,7107.48584,7107.48584,7107.48584,7107.48584,7107.48584,7107.48584,7107.48584,7107.48584,7107.48584,7107.48584,7107.48584,7107.48584,7107.48584,7107.48584,7107.48584,7107.48584,7107.48584,7107.48584,7107.48584,7107.48584,7107.48584,7107.48584,7107.48584,7107.48584,7107.48584,7107.48584,7107.48584,7107.48584,2265.542725,2265.542725,556.086548,555.794495,555.75177,555.750793,555.750549,555.750427,555.750305,555.750244,555.750122,555.75,555.749939,555.749878,555.749756,555.749695,555.749695,555.749695,555.749634,555.749573,555.749573,555.749573,555.749573,555.749512,555.749512,555.749512,555.749451,555.749451,555.749451,555.749451,555.749451,555.749451,555.749451,555.749451,555.74939,555.74939,555.74939,555.74939,555.74939,555.74939,555.74939,555.74939,555.749329,555.749329,555.749329,555.749329,555.749329,555.749329,555.749329,555.749329,555.749329,555.749329,555.749329,555.749329,555.749329,555.749268,555.749329,555.749329,555.749329,555.749268,555.749329,555.749268,555.749329,555.749329,555.749329,555.749268,555.749268,555.749268,555.749329,555.749268,555.749268,555.749268,555.749268,555.749268,555.749268,555.749268,555.749268,555.749268,555.749268,555.749268,555.749268,555.749268,555.749268,555.749268,555.749268,555.749268,555.749268,555.749268,555.749268,555.749268,555.749268,555.749268,555.749268,555.749268,555.749268,555.749268,555.749268,555.749268,555.749268,555.749268,555.749268,555.749268,555.749268,555.749268,555.749268,555.749268,555.749268,555.749268,555.749268,555.749268,555.749268,555.749268,555.749268,555.749268,555.749268,555.749268,555.749268,555.749268,555.749268,555.749268,555.749268,555.749268,555.749268,555.749268,555.749268,555.749268,555.749268,555.749268,555.749268,555.749268,555.749268,555.749268,555.749268,555.749268,555.749268,555.749268,555.749268,555.749268,555.749268,555.749268,555.749268,555.749268,555.749268,555.749268,555.749268,555.749268,555.749268,555.749268,555.749268,555.749268,555.749268,555.749268,555.749268,555.749268,555.749268,555.749268,555.749268,555.749268,555.749268,555.749268,555.749268,555.749268,555.749268,555.749268,555.749268,555.749268,555.749268,555.749268,555.749268,555.749268,555.749268,555.749268,555.749268,555.749268,555.749268,555.749268,555.749268,555.749268,555.749268,555.749268,555.749268,555.749268,555.749268,555.749268,555.749268,555.749268,555.749268,555.749268,555.749268,555.749268,555.749268,555.749268,555.749268,555.749268,555.749268,555.749268,555.749268,555.749268,555.749268,555.749268,555.749268,555.749268,555.749268,555.749268,555.749268,7089.76416,7104.708984,7107.142578,7107.142578,7107.571289,7107.57373,7107.568848,7107.563965,7107.554688,7107.549805,7107.545898,7107.533691,7107.530273,7107.523926,7107.518555,7107.516113,7107.51416,7107.509766,7107.506348,7107.506348,7107.504883,7107.503418,7107.501953,7107.498047,7107.492188,7107.492188,7107.490723,7107.490723,7107.490723,7107.490234,7107.489746,7107.489746,7107.489258,7107.489258,7107.489258,7107.489258,7107.48877,7107.48877,7107.488281,7107.488281
