Name,Type,Pu,Unit,UUID,Values,0,1,2,3,4,5,6,7,8,9,10,11,12,13,14,15,16,17,18,19,20,21,22,23,24,25,26,27,28,29,30,31,32,33,34,35,36,37,38,39,40,41,42,43,44,45,46,47,48,49,50,51,52,53,54,55,56,57,58,59,60,61,62,63,64,65,66,67,68,69,70,71,72,73,74,75,76,77,78,79,80,81,82,83,84,85,86,87,88,89,90,91,92,93,94,95,96,97,98,99,100,101,102,103,104,105,106,107,108,109,110,111,112,113,114,115,116,117,118,119,120,121,122,123,124,125,126,127,128,129,130,131,132,133,134,135,136,137,138,139,140,141,142,143,144,145,146,147,148,149,150,151,152,153,154,155,156,157,158,159,160,161,162,163,164,165,166,167,168,169,170,171,172,173,174,175,176,177,178,179,180,181,182,183,184,185,186,187,188,189,190,191,192,193,194,195,196,197,198,199,200,201,202,203,204,205,206,207,208,209,210,211,212,213,214,215,216,217,218,219,220,221,222,223,224,225,226,227,228,229,230,231,232,233,234,235,236,237,238,239,240,241,242,243,244,245,246,247,248,249,250,251,252,253,254,255,256,257,258,259,260,261,262
V1A_rms,1,False,kV,_2f314e3b-57eb-5d60-831d-99c69a1c0d81,,7.308825,7.308911,7.308911,7.308887,7.308825,7.308911,7.308887,7.308911,7.308887,7.308887,7.308911,7.308911,7.308887,7.308911,7.308887,7.308825,7.308911,7.308887,7.308887,7.304028,7.30409,7.304115,7.30409,7.304115,7.30409,7.304115,7.304028,7.304115,7.304115,7.304115,7.30409,7.304115,7.30409,7.304028,7.304028,7.30409,7.304115,7.304028,7.30409,7.304115,7.30409,7.304028,7.304028,7.30409,7.304115,7.30409,7.304028,7.304115,7.30409,7.304028,7.30409,7.304028,7.304115,7.304028,7.30409,7.304028,7.304115,7.30409,7.30409,7.304028,7.30409,7.304028,7.304028,7.304115,7.30409,7.304028,7.304115,7.304115,7.304028,7.304115,7.304028,7.304028,7.304115,7.30409,7.304028,7.304115,7.30409,7.30409,7.304115,7.30409,7.304028,7.304115,7.30409,7.304028,7.304115,7.30409,7.304028,7.304115,7.304028,7.304115,7.30409,7.30409,7.304028,7.304115,7.304028,7.304028,7.30409,7.304115,7.30409,7.30409,7.30409,7.304028,7.30409,7.304028,7.304115,7.30409,7.304115,7.30409,7.304115,7.30409,7.30409,7.30409,7.304028,7.304028,7.304115,7.30409,7.304028,7.304115,7.30409,7.304028,7.304115,7.304028,7.304115,7.30409,7.30409,7.30409,7.304028,7.30409,7.304028,7.304115,7.30409,7.304028,7.304115,7.30409,7.30409,7.304115,7.30409,7.304028,7.304115,7.30409,7.304028,7.304115,7.304028,7.304028,7.304115,7.304115,7.30409,7.304028,7.304115,7.304115,7.304115,7.30409,7.304028,7.304115,7.30409,7.304028,7.304028,7.304115,7.30409,7.304028,7.304028,7.304115,7.30409,7.304028,7.304028,7.304115,7.30409,7.304028,7.304115,7.30409,7.30409,7.304028,7.304115,7.30409,7.30409,7.304028,7.304115,7.30409,7.30409,7.304028,7.304115,7.30409,7.30409,7.304028,7.30409,7.30409,7.304028,7.304115,7.30409,7.30409,7.304028,7.304115,7.30409,7.30409,7.304028,7.304115,7.30409,7.304028,7.304028,7.304115,7.30409,7.304028,7.304115,7.308661,7.308815,7.308909,7.308909,7.308886,7.308824,7.308911,7.308911,7.308887,7.308825,7.308911,7.308911,7.308887,7.308825,7.308911,7.308887,7.308887,7.308825,7.308911,7.308887,7.308825,7.308887,7.308825,7.308887,7.308887,7.308825,7.308911,7.308887,7.308825,7.308911,7.308825,7.308911,7.308825,7.308825,7.308887,7.308911,7.308887,7.308911,7.308887,7.308825,7.308911,7.308887,7.308825,7.308911,7.308911,7.308825,7.308911,7.308911,7.308825,7.308911,7.308825,7.308887,7.308911,7.308825,7.308825,7.308911,7.308887,7.308825,7.308887,7.308911
V2A_rms,1,False,kV,_38c82309-1d7f-5e7c-b41e-09c7d6d37071,,7.271809,7.271711,7.271711,7.27184,7.271809,7.271711,7.27184,7.271711,7.27184,7.27184,7.271711,7.271711,7.27184,7.271711,7.27184,7.271809,7.271711,7.27184,7.27184,6.670078,6.670135,6.670157,6.670132,6.670154,6.670129,6.670151,6.670058,6.670147,6.670147,6.670146,6.670122,6.670145,6.670121,6.670054,6.670054,6.670121,6.670145,6.670053,6.670121,6.670145,6.670121,6.670053,6.670053,6.670121,6.670145,6.67012,6.670053,6.670145,6.67012,6.670053,6.67012,6.670053,6.670144,6.670053,6.67012,6.670053,6.670144,6.67012,6.67012,6.670053,6.67012,6.670053,6.670053,6.670144,6.67012,6.670053,6.670144,6.670144,6.670053,6.670144,6.670053,6.670053,6.670144,6.67012,6.670053,6.670144,6.67012,6.67012,6.670144,6.67012,6.670053,6.670144,6.67012,6.670053,6.670144,6.67012,6.670053,6.670144,6.670053,6.670144,6.67012,6.67012,6.670053,6.670144,6.670053,6.670053,6.67012,6.670144,6.67012,6.67012,6.67012,6.670053,6.67012,6.670053,6.670144,6.67012,6.670144,6.67012,6.670144,6.67012,6.67012,6.67012,6.670053,6.670053,6.670144,6.67012,6.670053,6.670144,6.67012,6.670053,6.670144,6.670053,6.670144,6.67012,6.67012,6.67012,6.670053,6.67012,6.670053,6.670144,6.67012,6.670053,6.670144,6.67012,6.67012,6.670144,6.67012,6.670053,6.670144,6.67012,6.670053,6.670144,6.670053,6.670053,6.670144,6.670144,6.67012,6.670053,6.670144,6.670144,6.670144,6.67012,6.670053,6.670144,6.67012,6.670053,6.670053,6.670144,6.67012,6.670053,6.670053,6.670144,6.67012,6.670053,6.670053,6.670144,6.67012,6.670053,6.670144,6.67012,6.67012,6.670053,6.670144,6.67012,6.67012,6.670053,6.670144,6.67012,6.67012,6.670053,6.670144,6.67012,6.67012,6.670053,6.67012,6.67012,6.670053,6.670144,6.67012,6.67012,6.670053,6.670144,6.67012,6.67012,6.670053,6.670144,6.67012,6.670053,6.670053,6.670144,6.67012,6.670053,6.670144,7.257562,7.270947,7.271512,7.271512,7.27176,7.271754,7.271665,7.271665,7.271797,7.271771,7.271677,7.271677,7.271808,7.27178,7.271686,7.271816,7.271816,7.271788,7.271692,7.271822,7.271793,7.271826,7.271797,7.27183,7.27183,7.2718,7.271702,7.271832,7.271802,7.271705,7.271803,7.271706,7.271804,7.271804,7.271836,7.271708,7.271837,7.271708,7.271837,7.271807,7.271709,7.271838,7.271807,7.271709,7.271709,7.271808,7.27171,7.27171,7.271808,7.27171,7.271808,7.271839,7.27171,7.271808,7.271809,7.27171,7.271839,7.271809,7.271839,7.27171
V3A_rms,1,False,kV,_8cfa0329-80eb-5ce6-abcb-2de22c2d216c,,7.126486,7.126401,7.126401,7.126515,7.126486,7.126401,7.126515,7.126401,7.126515,7.126515,7.126401,7.126401,7.126515,7.126401,7.126515,7.126486,7.126401,7.126515,7.126515,3.512592,3.512484,3.512485,3.512461,3.512466,3.512443,3.51243,3.512462,3.512429,3.512404,3.512419,3.512397,3.512415,3.512394,3.512438,3.512438,3.512393,3.512393,3.512436,3.512392,3.512412,3.512392,3.512435,3.512435,3.51239,3.512411,3.51239,3.512434,3.51239,3.51239,3.512434,3.51239,3.512434,3.51239,3.512434,3.512389,3.512434,3.51241,3.512389,3.512389,3.512434,3.512389,3.512434,3.512434,3.512389,3.512389,3.512434,3.51241,3.512389,3.512434,3.51241,3.512434,3.512434,3.51241,3.512388,3.512433,3.51241,3.512388,3.512388,3.51241,3.512388,3.512433,3.512388,3.512388,3.512433,3.51241,3.512388,3.512433,3.51241,3.512433,3.51241,3.512388,3.512388,3.512433,3.51241,3.512433,3.512433,3.512388,3.512409,3.512388,3.512388,3.512388,3.512433,3.512387,3.512433,3.512409,3.512387,3.512387,3.512387,3.512409,3.512387,3.512387,3.512387,3.512432,3.512432,3.512387,3.512387,3.512432,3.512409,3.512387,3.512432,3.512409,3.512432,3.512409,3.512387,3.512387,3.512387,3.512432,3.512386,3.512432,3.512409,3.512386,3.512432,3.512409,3.512386,3.512386,3.512409,3.512386,3.512432,3.512409,3.512386,3.512432,3.512386,3.512432,3.512432,3.512409,3.512386,3.512386,3.512432,3.512409,3.512386,3.512386,3.512386,3.512432,3.512409,3.512386,3.512432,3.512432,3.512409,3.512386,3.512432,3.512432,3.512409,3.512386,3.512432,3.512432,3.512386,3.512386,3.512432,3.512409,3.512386,3.512386,3.512432,3.512409,3.512386,3.512386,3.512432,3.512409,3.512386,3.512386,3.512432,3.512409,3.512386,3.512386,3.512432,3.512386,3.512386,3.512432,3.512409,3.512386,3.512386,3.512432,3.512409,3.512386,3.512386,3.512432,3.512409,3.512386,3.512432,3.512432,3.512409,3.512386,3.512432,3.512409,7.052882,7.121624,7.125316,7.125316,7.126094,7.126189,7.126152,7.126152,7.126285,7.126279,7.126217,7.126217,7.126343,7.126331,7.126263,7.126385,7.126385,7.126369,7.126297,7.126416,7.126397,7.126439,7.126418,7.126457,7.126457,7.126433,7.126354,7.12647,7.126445,7.126365,7.126454,7.126372,7.126461,7.126461,7.126493,7.126383,7.126497,7.126387,7.1265,7.126473,7.12639,7.126503,7.126475,7.126391,7.126393,7.126479,7.126394,7.126394,7.12648,7.126395,7.126481,7.126509,7.126397,7.126482,7.126482,7.126398,7.126511,7.126482,7.126511,7.126398
V4A_rms,1,False,kV,_e9f0016a-b8b8-5c13-bdac-c25cc7e3ae32,,7.052994,7.052913,7.052913,7.053022,7.052994,7.052913,7.053022,7.052913,7.053022,7.053022,7.052913,7.052913,7.053022,7.052913,7.053022,7.052994,7.052913,7.053022,7.053022,3.464838,3.464613,3.464612,3.464559,3.464567,3.464519,3.46449,3.46453,3.46448,3.464432,3.464457,3.464417,3.464447,3.464412,3.464476,3.464476,3.464411,3.464409,3.464473,3.464408,3.464442,3.464408,3.464471,3.464471,3.464406,3.46444,3.464406,3.46447,3.464406,3.464406,3.464469,3.464405,3.464469,3.464405,3.464469,3.464405,3.464468,3.464438,3.464405,3.464405,3.464468,3.464405,3.464468,3.464468,3.464405,3.464405,3.464468,3.464438,3.464404,3.464468,3.464438,3.464468,3.464468,3.464438,3.464404,3.464467,3.464437,3.464404,3.464404,3.464437,3.464404,3.464467,3.464404,3.464404,3.464467,3.464437,3.464404,3.464467,3.464437,3.464467,3.464437,3.464404,3.464404,3.464466,3.464437,3.464466,3.464466,3.464404,3.464437,3.464404,3.464404,3.464403,3.464466,3.464403,3.464466,3.464436,3.464403,3.464403,3.464403,3.464436,3.464403,3.464403,3.464403,3.464465,3.464465,3.464403,3.464403,3.464465,3.464436,3.464403,3.464465,3.464435,3.464465,3.464435,3.464403,3.464403,3.464403,3.464465,3.464403,3.464465,3.464435,3.464403,3.464465,3.464435,3.464403,3.464403,3.464435,3.464403,3.464464,3.464435,3.464403,3.464464,3.464403,3.464464,3.464464,3.464435,3.464403,3.464403,3.464464,3.464435,3.464403,3.464402,3.464402,3.464464,3.464435,3.464402,3.464464,3.464464,3.464435,3.464402,3.464464,3.464464,3.464435,3.464402,3.464464,3.464464,3.464402,3.464402,3.464464,3.464435,3.464402,3.464402,3.464464,3.464435,3.464402,3.464402,3.464464,3.464435,3.464402,3.464402,3.464464,3.464434,3.464402,3.464402,3.464464,3.464402,3.464402,3.464464,3.464434,3.464402,3.464402,3.464464,3.464434,3.464402,3.464402,3.464464,3.464434,3.464402,3.464464,3.464464,3.464434,3.464402,3.464464,3.464434,6.966793,7.046074,7.051384,7.051384,7.052392,7.052554,7.052543,7.052543,7.05268,7.052686,7.052639,7.052639,7.052765,7.052762,7.052707,7.052828,7.052828,7.052818,7.052757,7.052874,7.05286,7.052909,7.052892,7.052935,7.052935,7.052915,7.052843,7.052955,7.052933,7.052859,7.052947,7.052871,7.052957,7.052957,7.052989,7.052887,7.052996,7.052893,7.053001,7.052975,7.052897,7.053005,7.052979,7.0529,7.052902,7.052984,7.052904,7.052904,7.052985,7.052906,7.052987,7.053015,7.052908,7.052989,7.052989,7.052909,7.053017,7.052989,7.053017,7.05291
V5A_rms,1,False,kV,_ebb6bf0b-3921-514a-aeb3-529a2dc7d0a5,,6.989575,6.989499,6.989499,6.989602,6.989575,6.989499,6.989602,6.989499,6.989602,6.989602,6.989499,6.989499,6.989602,6.989499,6.989602,6.989575,6.989499,6.989602,6.989602,3.423867,3.423552,3.423528,3.423465,3.423458,3.423404,3.423359,3.423383,3.423326,3.423273,3.423292,3.423251,3.423279,3.423244,3.423305,3.423305,3.423242,3.423241,3.423301,3.423239,3.423271,3.423238,3.423298,3.423298,3.423236,3.423269,3.423236,3.423297,3.423236,3.423236,3.423297,3.423235,3.423296,3.423235,3.423296,3.423235,3.423296,3.423267,3.423235,3.423235,3.423296,3.423235,3.423296,3.423296,3.423234,3.423234,3.423295,3.423266,3.423234,3.423295,3.423266,3.423295,3.423295,3.423266,3.423234,3.423295,3.423266,3.423234,3.423234,3.423266,3.423234,3.423295,3.423234,3.423234,3.423295,3.423266,3.423234,3.423295,3.423265,3.423295,3.423265,3.423234,3.423234,3.423295,3.423265,3.423295,3.423295,3.423234,3.423265,3.423234,3.423234,3.423234,3.423294,3.423233,3.423294,3.423265,3.423233,3.423233,3.423233,3.423265,3.423233,3.423233,3.423233,3.423294,3.423294,3.423233,3.423233,3.423294,3.423264,3.423233,3.423294,3.423264,3.423294,3.423264,3.423233,3.423233,3.423233,3.423294,3.423233,3.423294,3.423264,3.423233,3.423294,3.423264,3.423233,3.423233,3.423264,3.423233,3.423294,3.423264,3.423233,3.423294,3.423233,3.423294,3.423294,3.423264,3.423233,3.423233,3.423294,3.423264,3.423233,3.423233,3.423233,3.423294,3.423264,3.423233,3.423294,3.423294,3.423264,3.423232,3.423294,3.423294,3.423263,3.423232,3.423294,3.423294,3.423232,3.423232,3.423294,3.423263,3.423232,3.423232,3.423294,3.423263,3.423232,3.423232,3.423293,3.423263,3.423232,3.423232,3.423293,3.423263,3.423232,3.423232,3.423294,3.423232,3.423232,3.423293,3.423263,3.423232,3.423232,3.423293,3.423263,3.423232,3.423232,3.423293,3.423263,3.423232,3.423293,3.423293,3.423263,3.423232,3.423293,3.423263,6.892795,6.980893,6.987552,6.987552,6.988802,6.989014,6.989025,6.989025,6.989164,6.98918,6.989146,6.989146,6.989273,6.989276,6.989232,6.989352,6.989352,6.989349,6.989296,6.989412,6.989403,6.989457,6.989444,6.989491,6.989491,6.989474,6.989409,6.989517,6.989498,6.989429,6.989515,6.989445,6.989529,6.989529,6.989563,6.989467,6.989571,6.989473,6.989578,6.989553,6.989479,6.989583,6.989558,6.989483,6.989486,6.989564,6.989489,6.989489,6.989566,6.989491,6.989567,6.989595,6.989493,6.98957,6.989571,6.989494,6.989597,6.989571,6.989598,6.989495
V6A_rms,1,False,kV,_2248cb01-e4ac-573f-a813-5d675310820f,,6.869755,6.869726,6.869726,6.869632,6.869755,6.869726,6.869632,6.869726,6.869632,6.869632,6.869726,6.869726,6.869632,6.869726,6.869632,6.869755,6.869726,6.869632,6.869632,3.346854,3.346353,3.346279,3.346203,3.346159,3.346099,3.346074,3.345936,3.345939,3.345916,3.345887,3.345853,3.345866,3.345843,3.345817,3.345817,3.34584,3.34586,3.345811,3.345835,3.345856,3.345834,3.345808,3.345808,3.345832,3.345853,3.345831,3.345806,3.345853,3.345831,3.345806,3.345831,3.345806,3.345852,3.345806,3.34583,3.345806,3.345852,3.34583,3.34583,3.345806,3.34583,3.345806,3.345806,3.345852,3.34583,3.345806,3.345852,3.345852,3.345806,3.345852,3.345806,3.345806,3.345852,3.34583,3.345806,3.345852,3.34583,3.34583,3.345852,3.34583,3.345806,3.345852,3.34583,3.345806,3.345852,3.34583,3.345806,3.345852,3.345806,3.345852,3.34583,3.34583,3.345806,3.345852,3.345806,3.345806,3.34583,3.345852,3.34583,3.34583,3.34583,3.345806,3.34583,3.345806,3.345852,3.34583,3.345852,3.34583,3.345852,3.34583,3.34583,3.34583,3.345806,3.345806,3.345852,3.34583,3.345806,3.345853,3.34583,3.345806,3.345853,3.345806,3.345853,3.34583,3.34583,3.34583,3.345806,3.34583,3.345806,3.345853,3.34583,3.345806,3.345853,3.34583,3.34583,3.345853,3.34583,3.345806,3.345853,3.34583,3.345806,3.345853,3.345806,3.345806,3.345853,3.345853,3.34583,3.345806,3.345853,3.345853,3.345853,3.34583,3.345806,3.345853,3.34583,3.345806,3.345806,3.345853,3.34583,3.345806,3.345806,3.345853,3.34583,3.345806,3.345806,3.345853,3.34583,3.345806,3.345853,3.34583,3.34583,3.345806,3.345853,3.34583,3.34583,3.345806,3.345853,3.34583,3.34583,3.345806,3.345853,3.34583,3.34583,3.345806,3.34583,3.34583,3.345806,3.345853,3.34583,3.34583,3.345806,3.345853,3.34583,3.34583,3.345806,3.345853,3.34583,3.345806,3.345806,3.345853,3.34583,3.345806,3.345853,6.756525,6.858337,6.867101,6.867101,6.868558,6.868974,6.869053,6.869053,6.869039,6.8692,6.869223,6.869223,6.869184,6.869335,6.869344,6.869292,6.869292,6.869436,6.869436,6.869374,6.869513,6.869436,6.869571,6.869483,6.869483,6.869616,6.869599,6.869519,6.869649,6.869629,6.869675,6.869653,6.869694,6.869694,6.869583,6.869684,6.869595,6.869694,6.869604,6.869728,6.869701,6.86961,6.869735,6.869707,6.869712,6.869743,6.869715,6.869715,6.869746,6.869718,6.869748,6.869627,6.869721,6.869751,6.869752,6.869723,6.86963,6.869753,6.869631,6.869724
V7A_rms,1,False,kV,_f6849451-1b54-5b7c-bc67-4c766345b423,,6.864885,6.864857,6.864857,6.864766,6.864885,6.864857,6.864766,6.864857,6.864766,6.864766,6.864857,6.864857,6.864766,6.864857,6.864766,6.864885,6.864857,6.864766,6.864766,3.343659,3.34321,3.343156,3.34306,3.343034,3.342956,3.342948,3.342791,3.342812,3.342789,3.34276,3.342708,3.342739,3.342697,3.342669,3.342669,3.342694,3.342732,3.342663,3.34269,3.342729,3.342688,3.342659,3.342659,3.342686,3.342726,3.342685,3.342658,3.342726,3.342685,3.342658,3.342685,3.342657,3.342726,3.342657,3.342684,3.342657,3.342726,3.342684,3.342684,3.342657,3.342684,3.342657,3.342657,3.342726,3.342684,3.342657,3.342726,3.342726,3.342657,3.342726,3.342657,3.342657,3.342726,3.342684,3.342657,3.342726,3.342684,3.342684,3.342726,3.342684,3.342657,3.342726,3.342684,3.342657,3.342726,3.342684,3.342657,3.342726,3.342657,3.342726,3.342684,3.342684,3.342657,3.342726,3.342657,3.342657,3.342684,3.342726,3.342684,3.342684,3.342684,3.342657,3.342684,3.342657,3.342726,3.342684,3.342726,3.342684,3.342726,3.342684,3.342684,3.342684,3.342657,3.342657,3.342726,3.342684,3.342657,3.342726,3.342684,3.342657,3.342726,3.342657,3.342726,3.342684,3.342684,3.342684,3.342657,3.342684,3.342657,3.342727,3.342684,3.342657,3.342727,3.342684,3.342684,3.342727,3.342684,3.342657,3.342727,3.342684,3.342657,3.342727,3.342657,3.342657,3.342727,3.342727,3.342684,3.342657,3.342727,3.342727,3.342727,3.342684,3.342657,3.342727,3.342684,3.342657,3.342657,3.342727,3.342684,3.342657,3.342657,3.342727,3.342684,3.342657,3.342657,3.342727,3.342684,3.342657,3.342727,3.342684,3.342684,3.342657,3.342727,3.342684,3.342684,3.342657,3.342727,3.342684,3.342684,3.342657,3.342727,3.342684,3.342684,3.342657,3.342684,3.342684,3.342657,3.342727,3.342684,3.342684,3.342657,3.342727,3.342684,3.342684,3.342658,3.342727,3.342684,3.342658,3.342658,3.342727,3.342684,3.342657,3.342727,6.751506,6.853443,6.862221,6.862221,6.863683,6.864097,6.864178,6.864178,6.864166,6.864325,6.864348,6.864348,6.864313,6.864461,6.864472,6.864423,6.864423,6.864564,6.864565,6.864506,6.864642,6.864569,6.8647,6.864616,6.864616,6.864745,6.864729,6.864652,6.864779,6.86476,6.864805,6.864783,6.864824,6.864824,6.864716,6.864815,6.864728,6.864825,6.864738,6.864859,6.864832,6.864745,6.864865,6.864839,6.864843,6.864874,6.864846,6.864846,6.864877,6.864849,6.864879,6.864761,6.864852,6.864882,6.864883,6.864854,6.864764,6.864883,6.864765,6.864856
V8A_rms,1,False,kV,_7ee8d88c-1a83-5ce2-8056-333aa196ba71,,7.267365,7.267268,7.267268,7.267396,7.267365,7.267268,7.267396,7.267268,7.267396,7.267396,7.267268,7.267268,7.267396,7.267268,7.267396,7.267365,7.267268,7.267396,7.267396,6.665753,6.665811,6.665833,6.665807,6.665829,6.665804,6.665827,6.665733,6.665823,6.665822,6.665821,6.665797,6.665821,6.665797,6.665729,6.665729,6.665796,6.66582,6.665729,6.665796,6.66582,6.665796,6.665729,6.665729,6.665796,6.66582,6.665796,6.665729,6.66582,6.665796,6.665729,6.665796,6.665729,6.66582,6.665729,6.665796,6.665729,6.66582,6.665796,6.665796,6.665729,6.665796,6.665729,6.665729,6.66582,6.665796,6.665729,6.66582,6.66582,6.665729,6.66582,6.665729,6.665729,6.66582,6.665796,6.665729,6.665819,6.665796,6.665796,6.665819,6.665796,6.665729,6.665819,6.665796,6.665729,6.665819,6.665796,6.665729,6.665819,6.665729,6.665819,6.665796,6.665796,6.665728,6.665819,6.665728,6.665728,6.665795,6.665819,6.665795,6.665795,6.665795,6.665728,6.665795,6.665728,6.665819,6.665795,6.665819,6.665795,6.665819,6.665795,6.665795,6.665795,6.665728,6.665728,6.665819,6.665795,6.665728,6.665819,6.665795,6.665728,6.665819,6.665728,6.665819,6.665795,6.665795,6.665795,6.665728,6.665795,6.665728,6.665819,6.665795,6.665728,6.665819,6.665795,6.665795,6.665819,6.665795,6.665728,6.665819,6.665795,6.665728,6.665819,6.665728,6.665728,6.665819,6.665819,6.665795,6.665728,6.665819,6.665819,6.665819,6.665795,6.665728,6.665819,6.665795,6.665728,6.665728,6.665819,6.665795,6.665728,6.665728,6.665819,6.665795,6.665728,6.665728,6.665819,6.665795,6.665728,6.665819,6.665795,6.665795,6.665728,6.665819,6.665795,6.665795,6.665728,6.665819,6.665795,6.665795,6.665728,6.665819,6.665795,6.665795,6.665728,6.665795,6.665795,6.665728,6.665819,6.665795,6.665795,6.665728,6.665819,6.665795,6.665795,6.665728,6.665819,6.665795,6.665728,6.665728,6.665819,6.665795,6.665728,6.665819,7.253009,7.266493,7.267076,7.267076,7.267316,7.267309,7.267221,7.267221,7.267353,7.267326,7.267233,7.267233,7.267364,7.267336,7.267242,7.267372,7.267372,7.267344,7.267249,7.267377,7.267348,7.267382,7.267353,7.267385,7.267385,7.267355,7.267259,7.267387,7.267357,7.267261,7.267359,7.267262,7.26736,7.26736,7.267392,7.267264,7.267392,7.267265,7.267393,7.267363,7.267265,7.267394,7.267363,7.267266,7.267266,7.267364,7.267266,7.267266,7.267364,7.267267,7.267364,7.267395,7.267267,7.267364,7.267365,7.267267,7.267395,7.267365,7.267395,7.267267
V9A_rms,1,False,kV,_26a560cd-5d87-5dd7-b588-cb2d8efa50ce,,7.10742,7.107341,7.107341,7.107448,7.10742,7.107341,7.107448,7.107341,7.107448,7.107448,7.107341,7.107341,7.107448,7.107341,7.107448,7.10742,7.107341,7.107448,7.107448,0.555756,0.555752,0.555752,0.555748,0.555748,0.555744,0.555746,0.555733,0.555741,0.555741,0.55574,0.555736,0.555739,0.555736,0.555729,0.555729,0.555735,0.555738,0.555729,0.555735,0.555738,0.555735,0.555728,0.555728,0.555735,0.555738,0.555735,0.555728,0.555738,0.555735,0.555728,0.555735,0.555728,0.555738,0.555728,0.555735,0.555728,0.555738,0.555735,0.555735,0.555728,0.555735,0.555728,0.555728,0.555738,0.555735,0.555728,0.555738,0.555738,0.555728,0.555738,0.555728,0.555728,0.555738,0.555735,0.555728,0.555738,0.555735,0.555735,0.555738,0.555735,0.555728,0.555738,0.555735,0.555728,0.555738,0.555735,0.555728,0.555738,0.555728,0.555738,0.555735,0.555735,0.555728,0.555738,0.555728,0.555728,0.555735,0.555737,0.555735,0.555735,0.555735,0.555728,0.555734,0.555728,0.555737,0.555734,0.555737,0.555734,0.555737,0.555734,0.555734,0.555734,0.555728,0.555728,0.555737,0.555734,0.555728,0.555737,0.555734,0.555728,0.555737,0.555728,0.555737,0.555734,0.555734,0.555734,0.555728,0.555734,0.555728,0.555737,0.555734,0.555728,0.555737,0.555734,0.555734,0.555737,0.555734,0.555728,0.555737,0.555734,0.555728,0.555737,0.555728,0.555728,0.555737,0.555737,0.555734,0.555728,0.555737,0.555737,0.555737,0.555734,0.555728,0.555737,0.555734,0.555728,0.555728,0.555737,0.555734,0.555728,0.555728,0.555737,0.555734,0.555728,0.555728,0.555737,0.555734,0.555728,0.555737,0.555734,0.555734,0.555728,0.555737,0.555734,0.555734,0.555728,0.555737,0.555734,0.555734,0.555728,0.555737,0.555734,0.555734,0.555728,0.555734,0.555734,0.555728,0.555737,0.555734,0.555734,0.555728,0.555737,0.555734,0.555734,0.555728,0.555737,0.555734,0.555728,0.555728,0.555737,0.555734,0.555728,0.555737,7.317954,7.102024,7.105885,7.105885,7.107051,7.107121,7.10709,7.10709,7.107218,7.107213,7.107157,7.107157,7.107276,7.107265,7.107203,7.107318,7.107318,7.107303,7.107236,7.107349,7.107331,7.107372,7.107351,7.107389,7.107389,7.107367,7.107294,7.107402,7.107379,7.107304,7.107388,7.107312,7.107395,7.107395,7.107425,7.107323,7.10743,7.107327,7.107433,7.107407,7.107329,7.107436,7.107409,7.107331,7.107333,7.107412,7.107334,7.107334,7.107413,7.107335,7.107414,7.107442,7.107336,7.107415,7.107416,7.107337,7.107443,7.107416,7.107444,7.107337
V10A_rms,1,False,kV,_ce4d9ad0-927b-5126-b1e2-b0e9090aae41,,6.852428,6.852399,6.852399,6.852307,6.852428,6.852399,6.852307,6.852399,6.852307,6.852307,6.852399,6.852399,6.852307,6.852399,6.852307,6.852428,6.852399,6.852307,6.852307,3.335726,3.335216,3.335114,3.335054,3.334986,3.334942,3.334896,3.33476,3.334754,3.33473,3.334699,3.33468,3.334678,3.334669,3.334635,3.334635,3.334665,3.334671,3.334629,3.334661,3.334667,3.334659,3.334625,3.334625,3.334657,3.334664,3.334657,3.334624,3.334664,3.334656,3.334624,3.334656,3.334624,3.334664,3.334623,3.334656,3.334623,3.334664,3.334656,3.334656,3.334623,3.334656,3.334623,3.334623,3.334664,3.334656,3.334623,3.334664,3.334664,3.334623,3.334664,3.334623,3.334623,3.334664,3.334656,3.334623,3.334664,3.334656,3.334656,3.334664,3.334656,3.334623,3.334664,3.334656,3.334623,3.334664,3.334656,3.334624,3.334664,3.334624,3.334664,3.334656,3.334656,3.334624,3.334664,3.334624,3.334624,3.334656,3.334664,3.334656,3.334656,3.334656,3.334624,3.334656,3.334624,3.334664,3.334656,3.334664,3.334656,3.334664,3.334656,3.334656,3.334656,3.334624,3.334624,3.334664,3.334656,3.334624,3.334664,3.334656,3.334624,3.334664,3.334624,3.334664,3.334656,3.334656,3.334656,3.334624,3.334656,3.334624,3.334664,3.334656,3.334624,3.334664,3.334656,3.334656,3.334664,3.334656,3.334624,3.334664,3.334656,3.334624,3.334664,3.334624,3.334624,3.334664,3.334664,3.334656,3.334624,3.334664,3.334664,3.334664,3.334656,3.334624,3.334664,3.334656,3.334624,3.334624,3.334664,3.334656,3.334624,3.334624,3.334664,3.334656,3.334624,3.334624,3.334664,3.334656,3.334624,3.334664,3.334656,3.334656,3.334624,3.334664,3.334656,3.334656,3.334624,3.334664,3.334656,3.334656,3.334624,3.334664,3.334656,3.334656,3.334624,3.334656,3.334656,3.334624,3.334664,3.334656,3.334656,3.334624,3.334664,3.334656,3.334656,3.334624,3.334665,3.334656,3.334624,3.334624,3.334664,3.334656,3.334624,3.334664,6.736511,6.840526,6.849665,6.849665,6.85119,6.851616,6.8517,6.8517,6.851689,6.85185,6.851875,6.851875,6.85184,6.85199,6.852001,6.851952,6.851952,6.852096,6.852097,6.852038,6.852176,6.852103,6.852237,6.852152,6.852152,6.852283,6.852267,6.85219,6.852318,6.852299,6.852345,6.852324,6.852365,6.852365,6.852256,6.852356,6.852269,6.852366,6.852278,6.852401,6.852375,6.852285,6.852408,6.852381,6.852386,6.852417,6.852389,6.852389,6.85242,6.852392,6.852422,6.852303,6.852395,6.852425,6.852426,6.852397,6.852305,6.852427,6.852306,6.852398
P1_n,2,True,pu,_2f314e3b-57eb-5d60-831d-99c69a1c0d81,,0.069403,0.069403,0.069403,0.069403,0.069403,0.069403,0.069403,0.069403,0.069403,0.069403,0.069403,0.069403,0.069403,0.069403,0.069403,0.069403,0.069403,0.069403,0.091362,0.133249,0.139592,0.736281,0.139562,0.139222,0.132853,0.126904,0.730591,0.73691,0.126869,0.732267,0.724485,0.732175,0.132928,0.730956,0.133059,0.738367,0.126845,0.126738,0.724605,0.732091,0.738308,0.731054,0.133048,0.132944,0.737308,0.738244,0.126748,0.126833,0.139438,0.72559,0.132948,0.731127,0.12683,0.126752,0.72474,0.725552,0.139339,0.724752,0.139432,0.72554,0.132954,0.731176,0.133034,0.126825,0.132955,0.725517,0.737409,0.126824,0.133031,0.731915,0.731208,0.13303,0.731905,0.132959,0.12676,0.73744,0.724816,0.139424,0.731886,0.132961,0.731238,0.126819,0.738095,0.126763,0.737468,0.724844,0.133025,0.731858,0.731264,0.737486,0.724861,0.132965,0.731273,0.139354,0.731281,0.133022,0.738053,0.73751,0.724885,0.139415,0.724892,0.133019,0.132971,0.731325,0.73179,0.139411,0.12681,0.724932,0.737565,0.737991,0.724944,0.139408,0.731361,0.133013,0.126807,0.737974,0.126775,0.139365,0.724961,0.725334,0.139366,0.725329,0.139366,0.724971,0.139405,0.132978,0.13301,0.132978,0.126777,0.737613,0.139403,0.72531,0.139369,0.139403,0.724994,0.13937,0.139401,0.725297,0.13937,0.725002,0.731413,0.126803,0.731417,0.12678,0.737638,0.126802,0.737919,0.12678,0.737642,0.126802,0.126801,0.139398,0.725271,0.139373,0.132983,0.731439,0.133005,0.731678,0.132984,0.731442,0.133005,0.731675,0.132984,0.731445,0.133004,0.1268,0.737892,0.126783,0.139375,0.72504,0.139397,0.725256,0.139375,0.725043,0.139396,0.725253,0.139375,0.725046,0.139396,0.72525,0.139376,0.725048,0.139396,0.725248,0.725051,0.139395,0.725245,0.139376,0.725054,0.139395,0.725242,0.139376,0.725056,0.139395,0.72524,0.73165,0.139394,0.73147,0.133002,0.731648,0.132987,0.731472,0.071495,0.066021,0.070173,0.073528,0.069005,0.065803,0.069777,0.072645,0.069075,0.0665,0.069697,0.072026,0.069142,0.069102,0.067195,0.069676,0.071412,0.069158,0.067575,0.069627,0.069592,0.070985,0.068025,0.069258,0.070615,0.069258,0.068277,0.068326,0.06952,0.070413,0.070372,0.068529,0.068559,0.070204,0.069317,0.068665,0.070109,0.068728,0.069341,0.06878,0.068796,0.069478,0.068823,0.068837,0.068848,0.069932,0.069454,0.069903,0.069354,0.069451,0.069357,0.06895,0.069453,0.068976,0.069821,0.069443,0.069799,0.069355,0.069022,0.069031,0.069768
P2_n,2,True,pu,_38c82309-1d7f-5e7c-b41e-09c7d6d37071,,-0.01,-0.01,-0.01,-0.01,-0.01,-0.01,-0.01,-0.01,-0.01,-0.01,-0.01,-0.01,-0.01,-0.01,-0.01,-0.01,-0.01,-0.01,-0.01,-0.01,-0.01,-0.01,-0.01,-0.01,-0.01,-0.01,-0.01,-0.01,-0.01,-0.01,-0.01,-0.01,-0.01,-0.01,-0.01,-0.01,-0.01,-0.01,-0.01,-0.01,-0.01,-0.01,-0.01,-0.01,-0.01,-0.01,-0.01,-0.01,-0.01,-0.01,-0.01,-0.01,-0.01,-0.01,-0.01,-0.01,-0.01,-0.01,-0.01,-0.01,-0.01,-0.01,-0.01,-0.01,-0.01,-0.01,-0.01,-0.01,-0.01,-0.01,-0.01,-0.01,-0.01,-0.01,-0.01,-0.01,-0.01,-0.01,-0.01,-0.01,-0.01,-0.01,-0.01,-0.01,-0.01,-0.01,-0.01,-0.01,-0.01,-0.01,-0.01,-0.01,-0.01,-0.01,-0.01,-0.01,-0.01,-0.01,-0.01,-0.01,-0.01,-0.01,-0.01,-0.01,-0.01,-0.01,-0.01,-0.01,-0.01,-0.01,-0.01,-0.01,-0.01,-0.01,-0.01,-0.01,-0.01,-0.01,-0.01,-0.01,-0.01,-0.01,-0.01,-0.01,-0.01,-0.01,-0.01,-0.01,-0.01,-0.01,-0.01,-0.01,-0.01,-0.01,-0.01,-0.01,-0.01,-0.01,-0.01,-0.01,-0.01,-0.01,-0.01,-0.01,-0.01,-0.01,-0.01,-0.01,-0.01,-0.01,-0.01,-0.01,-0.01,-0.01,-0.01,-0.01,-0.01,-0.01,-0.01,-0.01,-0.01,-0.01,-0.01,-0.01,-0.01,-0.01,-0.01,-0.01,-0.01,-0.01,-0.01,-0.01,-0.01,-0.01,-0.01,-0.01,-0.01,-0.01,-0.01,-0.01,-0.01,-0.01,-0.01,-0.01,-0.01,-0.01,-0.01,-0.01,-0.01,-0.01,-0.01,-0.01,-0.01,-0.01,-0.01,-0.01,-0.01,-0.01,-0.01,-0.01,-0.01,-0.01,-0.01,-0.01,-0.01,-0.01,-0.01,-0.01,-0.01,-0.01,-0.01,-0.01,-0.01,-0.01,-0.01,-0.01,-0.01,-0.01,-0.01,-0.01,-0.01,-0.01,-0.01,-0.01,-0.01,-0.01,-0.01,-0.01,-0.01,-0.01,-0.01,-0.01,-0.01,-0.01,-0.01,-0.01,-0.01,-0.01,-0.01,-0.01,-0.01,-0.01,-0.01,-0.01,-0.01,-0.01,-0.01,-0.01,-0.01,-0.01,-0.01,-0.01,-0.01,-0.01,-0.01,-0.01,-0.01,-0.01,-0.01,-0.01,-0.01,-0.01,-0.01
P3_n,2,True,pu,_8cfa0329-80eb-5ce6-abcb-2de22c2d216c,,-0.009,-0.009,-0.009,-0.009,-0.009,-0.009,-0.009,-0.009,-0.009,-0.009,-0.009,-0.009,-0.009,-0.009,-0.009,-0.009,-0.009,-0.009,-0.009,-0.009,-0.009,-0.009,-0.009,-0.009,-0.009,-0.009,-0.009,-0.009,-0.009,-0.009,-0.009,-0.009,-0.009,-0.009,-0.009,-0.009,-0.009,-0.009,-0.009,-0.009,-0.009,-0.009,-0.009,-0.009,-0.009,-0.009,-0.009,-0.009,-0.009,-0.009,-0.009,-0.009,-0.009,-0.009,-0.009,-0.009,-0.009,-0.009,-0.009,-0.009,-0.009,-0.009,-0.009,-0.009,-0.009,-0.009,-0.009,-0.009,-0.009,-0.009,-0.009,-0.009,-0.009,-0.009,-0.009,-0.009,-0.009,-0.009,-0.009,-0.009,-0.009,-0.009,-0.009,-0.009,-0.009,-0.009,-0.009,-0.009,-0.009,-0.009,-0.009,-0.009,-0.009,-0.009,-0.009,-0.009,-0.009,-0.009,-0.009,-0.009,-0.009,-0.009,-0.009,-0.009,-0.009,-0.009,-0.009,-0.009,-0.009,-0.009,-0.009,-0.009,-0.009,-0.009,-0.009,-0.009,-0.009,-0.009,-0.009,-0.009,-0.009,-0.009,-0.009,-0.009,-0.009,-0.009,-0.009,-0.009,-0.009,-0.009,-0.009,-0.009,-0.009,-0.009,-0.009,-0.009,-0.009,-0.009,-0.009,-0.009,-0.009,-0.009,-0.009,-0.009,-0.009,-0.009,-0.009,-0.009,-0.009,-0.009,-0.009,-0.009,-0.009,-0.009,-0.009,-0.009,-0.009,-0.009,-0.009,-0.009,-0.009,-0.009,-0.009,-0.009,-0.009,-0.009,-0.009,-0.009,-0.009,-0.009,-0.009,-0.009,-0.009,-0.009,-0.009,-0.009,-0.009,-0.009,-0.009,-0.009,-0.009,-0.009,-0.009,-0.009,-0.009,-0.009,-0.009,-0.009,-0.009,-0.009,-0.009,-0.009,-0.009,-0.009,-0.009,-0.009,-0.009,-0.009,-0.009,-0.009,-0.009,-0.009,-0.009,-0.009,-0.009,-0.009,-0.009,-0.009,-0.009,-0.009,-0.009,-0.009,-0.009,-0.009,-0.009,-0.009,-0.009,-0.009,-0.009,-0.009,-0.009,-0.009,-0.009,-0.009,-0.009,-0.009,-0.009,-0.009,-0.009,-0.009,-0.009,-0.009,-0.009,-0.009,-0.009,-0.009,-0.009,-0.009,-0.009,-0.009,-0.009,-0.009,-0.009,-0.009,-0.009,-0.009,-0.009,-0.009,-0.009,-0.009,-0.009,-0.009,-0.009,-0.009,-0.009,-0.009,-0.009,-0.009,-0.009,-0.009,-0.009,-0.009,-0.009
P4_n,2,True,pu,_e9f0016a-b8b8-5c13-bdac-c25cc7e3ae32,,-0.006,-0.006,-0.006,-0.006,-0.006,-0.006,-0.006,-0.006,-0.006,-0.006,-0.006,-0.006,-0.006,-0.006,-0.006,-0.006,-0.006,-0.006,-0.006,-0.006,-0.006,-0.006,-0.006,-0.006,-0.006,-0.006,-0.006,-0.006,-0.006,-0.006,-0.006,-0.006,-0.006,-0.006,-0.006,-0.006,-0.006,-0.006,-0.006,-0.006,-0.006,-0.006,-0.006,-0.006,-0.006,-0.006,-0.006,-0.006,-0.006,-0.006,-0.006,-0.006,-0.006,-0.006,-0.006,-0.006,-0.006,-0.006,-0.006,-0.006,-0.006,-0.006,-0.006,-0.006,-0.006,-0.006,-0.006,-0.006,-0.006,-0.006,-0.006,-0.006,-0.006,-0.006,-0.006,-0.006,-0.006,-0.006,-0.006,-0.006,-0.006,-0.006,-0.006,-0.006,-0.006,-0.006,-0.006,-0.006,-0.006,-0.006,-0.006,-0.006,-0.006,-0.006,-0.006,-0.006,-0.006,-0.006,-0.006,-0.006,-0.006,-0.006,-0.006,-0.006,-0.006,-0.006,-0.006,-0.006,-0.006,-0.006,-0.006,-0.006,-0.006,-0.006,-0.006,-0.006,-0.006,-0.006,-0.006,-0.006,-0.006,-0.006,-0.006,-0.006,-0.006,-0.006,-0.006,-0.006,-0.006,-0.006,-0.006,-0.006,-0.006,-0.006,-0.006,-0.006,-0.006,-0.006,-0.006,-0.006,-0.006,-0.006,-0.006,-0.006,-0.006,-0.006,-0.006,-0.006,-0.006,-0.006,-0.006,-0.006,-0.006,-0.006,-0.006,-0.006,-0.006,-0.006,-0.006,-0.006,-0.006,-0.006,-0.006,-0.006,-0.006,-0.006,-0.006,-0.006,-0.006,-0.006,-0.006,-0.006,-0.006,-0.006,-0.006,-0.006,-0.006,-0.006,-0.006,-0.006,-0.006,-0.006,-0.006,-0.006,-0.006,-0.006,-0.006,-0.006,-0.006,-0.006,-0.006,-0.006,-0.006,-0.006,-0.006,-0.006,-0.006,-0.006,-0.006,-0.006,-0.006,-0.006,-0.006,-0.006,-0.006,-0.006,-0.006,-0.006,-0.006,-0.006,-0.006,-0.006,-0.006,-0.006,-0.006,-0.006,-0.006,-0.006,-0.006,-0.006,-0.006,-0.006,-0.006,-0.006,-0.006,-0.006,-0.006,-0.006,-0.006,-0.006,-0.006,-0.006,-0.006,-0.006,-0.006,-0.006,-0.006,-0.006,-0.006,-0.006,-0.006,-0.006,-0.006,-0.006,-0.006,-0.006,-0.006,-0.006,-0.006,-0.006,-0.006,-0.006,-0.006,-0.006,-0.006,-0.006,-0.006,-0.006,-0.006,-0.006,-0.006,-0.006,-0.006
P5_n,2,True,pu,_ebb6bf0b-3921-514a-aeb3-529a2dc7d0a5,,-0.006,-0.006,-0.006,-0.006,-0.006,-0.006,-0.006,-0.006,-0.006,-0.006,-0.006,-0.006,-0.006,-0.006,-0.006,-0.006,-0.006,-0.006,-0.006,-0.006,-0.006,-0.006,-0.006,-0.006,-0.006,-0.006,-0.006,-0.006,-0.006,-0.006,-0.006,-0.006,-0.006,-0.006,-0.006,-0.006,-0.006,-0.006,-0.006,-0.006,-0.006,-0.006,-0.006,-0.006,-0.006,-0.006,-0.006,-0.006,-0.006,-0.006,-0.006,-0.006,-0.006,-0.006,-0.006,-0.006,-0.006,-0.006,-0.006,-0.006,-0.006,-0.006,-0.006,-0.006,-0.006,-0.006,-0.006,-0.006,-0.006,-0.006,-0.006,-0.006,-0.006,-0.006,-0.006,-0.006,-0.006,-0.006,-0.006,-0.006,-0.006,-0.006,-0.006,-0.006,-0.006,-0.006,-0.006,-0.006,-0.006,-0.006,-0.006,-0.006,-0.006,-0.006,-0.006,-0.006,-0.006,-0.006,-0.006,-0.006,-0.006,-0.006,-0.006,-0.006,-0.006,-0.006,-0.006,-0.006,-0.006,-0.006,-0.006,-0.006,-0.006,-0.006,-0.006,-0.006,-0.006,-0.006,-0.006,-0.006,-0.006,-0.006,-0.006,-0.006,-0.006,-0.006,-0.006,-0.006,-0.006,-0.006,-0.006,-0.006,-0.006,-0.006,-0.006,-0.006,-0.006,-0.006,-0.006,-0.006,-0.006,-0.006,-0.006,-0.006,-0.006,-0.006,-0.006,-0.006,-0.006,-0.006,-0.006,-0.006,-0.006,-0.006,-0.006,-0.006,-0.006,-0.006,-0.006,-0.006,-0.006,-0.006,-0.006,-0.006,-0.006,-0.006,-0.006,-0.006,-0.006,-0.006,-0.006,-0.006,-0.006,-0.006,-0.006,-0.006,-0.006,-0.006,-0.006,-0.006,-0.006,-0.006,-0.006,-0.006,-0.006,-0.006,-0.006,-0.006,-0.006,-0.006,-0.006,-0.006,-0.006,-0.006,-0.006,-0.006,-0.006,-0.006,-0.006,-0.006,-0.006,-0.006,-0.006,-0.006,-0.006,-0.006,-0.006,-0.006,-0.006,-0.006,-0.006,-0.006,-0.006,-0.006,-0.006,-0.006,-0.006,-0.006,-0.006,-0.006,-0.006,-0.006,-0.006,-0.006,-0.006,-0.006,-0.006,-0.006,-0.006,-0.006,-0.006,-0.006,-0.006,-0.006,-0.006,-0.006,-0.006,-0.006,-0.006,-0.006,-0.006,-0.006,-0.006,-0.006,-0.006,-0.006,-0.006,-0.006,-0.006,-0.006,-0.006,-0.006,-0.006,-0.006,-0.006,-0.006,-0.006,-0.006,-0.006,-0.006,-0.006,-0.006,-0.006
P6_n,2,True,pu,_2248cb01-e4ac-573f-a813-5d675310820f,,-0.006,-0.006,-0.006,-0.006,-0.006,-0.006,-0.006,-0.006,-0.006,-0.006,-0.006,-0.006,-0.006,-0.006,-0.006,-0.006,-0.006,-0.006,-0.006,-0.006,-0.006,-0.006,-0.006,-0.006,-0.006,-0.006,-0.006,-0.006,-0.006,-0.006,-0.006,-0.006,-0.006,-0.006,-0.006,-0.006,-0.006,-0.006,-0.006,-0.006,-0.006,-0.006,-0.006,-0.006,-0.006,-0.006,-0.006,-0.006,-0.006,-0.006,-0.006,-0.006,-0.006,-0.006,-0.006,-0.006,-0.006,-0.006,-0.006,-0.006,-0.006,-0.006,-0.006,-0.006,-0.006,-0.006,-0.006,-0.006,-0.006,-0.006,-0.006,-0.006,-0.006,-0.006,-0.006,-0.006,-0.006,-0.006,-0.006,-0.006,-0.006,-0.006,-0.006,-0.006,-0.006,-0.006,-0.006,-0.006,-0.006,-0.006,-0.006,-0.006,-0.006,-0.006,-0.006,-0.006,-0.006,-0.006,-0.006,-0.006,-0.006,-0.006,-0.006,-0.006,-0.006,-0.006,-0.006,-0.006,-0.006,-0.006,-0.006,-0.006,-0.006,-0.006,-0.006,-0.006,-0.006,-0.006,-0.006,-0.006,-0.006,-0.006,-0.006,-0.006,-0.006,-0.006,-0.006,-0.006,-0.006,-0.006,-0.006,-0.006,-0.006,-0.006,-0.006,-0.006,-0.006,-0.006,-0.006,-0.006,-0.006,-0.006,-0.006,-0.006,-0.006,-0.006,-0.006,-0.006,-0.006,-0.006,-0.006,-0.006,-0.006,-0.006,-0.006,-0.006,-0.006,-0.006,-0.006,-0.006,-0.006,-0.006,-0.006,-0.006,-0.006,-0.006,-0.006,-0.006,-0.006,-0.006,-0.006,-0.006,-0.006,-0.006,-0.006,-0.006,-0.006,-0.006,-0.006,-0.006,-0.006,-0.006,-0.006,-0.006,-0.006,-0.006,-0.006,-0.006,-0.006,-0.006,-0.006,-0.006,-0.006,-0.006,-0.006,-0.006,-0.006,-0.006,-0.006,-0.006,-0.006,-0.006,-0.006,-0.006,-0.006,-0.006,-0.006,-0.006,-0.006,-0.006,-0.006,-0.006,-0.006,-0.006,-0.006,-0.006,-0.006,-0.006,-0.006,-0.006,-0.006,-0.006,-0.006,-0.006,-0.006,-0.006,-0.006,-0.006,-0.006,-0.006,-0.006,-0.006,-0.006,-0.006,-0.006,-0.006,-0.006,-0.006,-0.006,-0.006,-0.006,-0.006,-0.006,-0.006,-0.006,-0.006,-0.006,-0.006,-0.006,-0.006,-0.006,-0.006,-0.006,-0.006,-0.006,-0.006,-0.006,-0.006,-0.006,-0.006,-0.006,-0.006,-0.006
P7_n,2,True,pu,_f6849451-1b54-5b7c-bc67-4c766345b423,,-0.002,-0.002,-0.002,-0.002,-0.002,-0.002,-0.002,-0.002,-0.002,-0.002,-0.002,-0.002,-0.002,-0.002,-0.002,-0.002,-0.002,-0.002,-0.002,-0.002,-0.002,-0.002,-0.002,-0.002,-0.002,-0.002,-0.002,-0.002,-0.002,-0.002,-0.002,-0.002,-0.002,-0.002,-0.002,-0.002,-0.002,-0.002,-0.002,-0.002,-0.002,-0.002,-0.002,-0.002,-0.002,-0.002,-0.002,-0.002,-0.002,-0.002,-0.002,-0.002,-0.002,-0.002,-0.002,-0.002,-0.002,-0.002,-0.002,-0.002,-0.002,-0.002,-0.002,-0.002,-0.002,-0.002,-0.002,-0.002,-0.002,-0.002,-0.002,-0.002,-0.002,-0.002,-0.002,-0.002,-0.002,-0.002,-0.002,-0.002,-0.002,-0.002,-0.002,-0.002,-0.002,-0.002,-0.002,-0.002,-0.002,-0.002,-0.002,-0.002,-0.002,-0.002,-0.002,-0.002,-0.002,-0.002,-0.002,-0.002,-0.002,-0.002,-0.002,-0.002,-0.002,-0.002,-0.002,-0.002,-0.002,-0.002,-0.002,-0.002,-0.002,-0.002,-0.002,-0.002,-0.002,-0.002,-0.002,-0.002,-0.002,-0.002,-0.002,-0.002,-0.002,-0.002,-0.002,-0.002,-0.002,-0.002,-0.002,-0.002,-0.002,-0.002,-0.002,-0.002,-0.002,-0.002,-0.002,-0.002,-0.002,-0.002,-0.002,-0.002,-0.002,-0.002,-0.002,-0.002,-0.002,-0.002,-0.002,-0.002,-0.002,-0.002,-0.002,-0.002,-0.002,-0.002,-0.002,-0.002,-0.002,-0.002,-0.002,-0.002,-0.002,-0.002,-0.002,-0.002,-0.002,-0.002,-0.002,-0.002,-0.002,-0.002,-0.002,-0.002,-0.002,-0.002,-0.002,-0.002,-0.002,-0.002,-0.002,-0.002,-0.002,-0.002,-0.002,-0.002,-0.002,-0.002,-0.002,-0.002,-0.002,-0.002,-0.002,-0.002,-0.002,-0.002,-0.002,-0.002,-0.002,-0.002,-0.002,-0.002,-0.002,-0.002,-0.002,-0.002,-0.002,-0.002,-0.002,-0.002,-0.002,-0.002,-0.002,-0.002,-0.002,-0.002,-0.002,-0.002,-0.002,-0.002,-0.002,-0.002,-0.002,-0.002,-0.002,-0.002,-0.002,-0.002,-0.002,-0.002,-0.002,-0.002,-0.002,-0.002,-0.002,-0.002,-0.002,-0.002,-0.002,-0.002,-0.002,-0.002,-0.002,-0.002,-0.002,-0.002,-0.002,-0.002,-0.002,-0.002,-0.002,-0.002,-0.002,-0.002,-0.002,-0.002,-0.002,-0.002,-0.002,-0.002,-0.002
P8_n,2,True,pu,_7ee8d88c-1a83-5ce2-8056-333aa196ba71,,-0.004,-0.004,-0.004,-0.004,-0.004,-0.004,-0.004,-0.004,-0.004,-0.004,-0.004,-0.004,-0.004,-0.004,-0.004,-0.004,-0.004,-0.004,-0.004,-0.004,-0.004,-0.004,-0.004,-0.004,-0.004,-0.004,-0.004,-0.004,-0.004,-0.004,-0.004,-0.004,-0.004,-0.004,-0.004,-0.004,-0.004,-0.004,-0.004,-0.004,-0.004,-0.004,-0.004,-0.004,-0.004,-0.004,-0.004,-0.004,-0.004,-0.004,-0.004,-0.004,-0.004,-0.004,-0.004,-0.004,-0.004,-0.004,-0.004,-0.004,-0.004,-0.004,-0.004,-0.004,-0.004,-0.004,-0.004,-0.004,-0.004,-0.004,-0.004,-0.004,-0.004,-0.004,-0.004,-0.004,-0.004,-0.004,-0.004,-0.004,-0.004,-0.004,-0.004,-0.004,-0.004,-0.004,-0.004,-0.004,-0.004,-0.004,-0.004,-0.004,-0.004,-0.004,-0.004,-0.004,-0.004,-0.004,-0.004,-0.004,-0.004,-0.004,-0.004,-0.004,-0.004,-0.004,-0.004,-0.004,-0.004,-0.004,-0.004,-0.004,-0.004,-0.004,-0.004,-0.004,-0.004,-0.004,-0.004,-0.004,-0.004,-0.004,-0.004,-0.004,-0.004,-0.004,-0.004,-0.004,-0.004,-0.004,-0.004,-0.004,-0.004,-0.004,-0.004,-0.004,-0.004,-0.004,-0.004,-0.004,-0.004,-0.004,-0.004,-0.004,-0.004,-0.004,-0.004,-0.004,-0.004,-0.004,-0.004,-0.004,-0.004,-0.004,-0.004,-0.004,-0.004,-0.004,-0.004,-0.004,-0.004,-0.004,-0.004,-0.004,-0.004,-0.004,-0.004,-0.004,-0.004,-0.004,-0.004,-0.004,-0.004,-0.004,-0.004,-0.004,-0.004,-0.004,-0.004,-0.004,-0.004,-0.004,-0.004,-0.004,-0.004,-0.004,-0.004,-0.004,-0.004,-0.004,-0.004,-0.004,-0.004,-0.004,-0.004,-0.004,-0.004,-0.004,-0.004,-0.004,-0.004,-0.004,-0.004,-0.004,-0.004,-0.004,-0.004,-0.004,-0.004,-0.004,-0.004,-0.004,-0.004,-0.004,-0.004,-0.004,-0.004,-0.004,-0.004,-0.004,-0.004,-0.004,-0.004,-0.004,-0.004,-0.004,-0.004,-0.004,-0.004,-0.004,-0.004,-0.004,-0.004,-0.004,-0.004,-0.004,-0.004,-0.004,-0.004,-0.004,-0.004,-0.004,-0.004,-0.004,-0.004,-0.004,-0.004,-0.004,-0.004,-0.004,-0.004,-0.004,-0.004,-0.004,-0.004,-0.004,-0.004,-0.004,-0.004,-0.004,-0.004,-0.004,-0.004
P9_n,2,True,pu,_26a560cd-5d87-5dd7-b588-cb2d8efa50ce,,-0.009,-0.009,-0.009,-0.009,-0.009,-0.009,-0.009,-0.009,-0.009,-0.009,-0.009,-0.009,-0.009,-0.009,-0.009,-0.009,-0.009,-0.009,-0.009,-0.009,-0.009,-0.009,-0.009,-0.009,-0.009,-0.009,-0.009,-0.009,-0.009,-0.009,-0.009,-0.009,-0.009,-0.009,-0.009,-0.009,-0.009,-0.009,-0.009,-0.009,-0.009,-0.009,-0.009,-0.009,-0.009,-0.009,-0.009,-0.009,-0.009,-0.009,-0.009,-0.009,-0.009,-0.009,-0.009,-0.009,-0.009,-0.009,-0.009,-0.009,-0.009,-0.009,-0.009,-0.009,-0.009,-0.009,-0.009,-0.009,-0.009,-0.009,-0.009,-0.009,-0.009,-0.009,-0.009,-0.009,-0.009,-0.009,-0.009,-0.009,-0.009,-0.009,-0.009,-0.009,-0.009,-0.009,-0.009,-0.009,-0.009,-0.009,-0.009,-0.009,-0.009,-0.009,-0.009,-0.009,-0.009,-0.009,-0.009,-0.009,-0.009,-0.009,-0.009,-0.009,-0.009,-0.009,-0.009,-0.009,-0.009,-0.009,-0.009,-0.009,-0.009,-0.009,-0.009,-0.009,-0.009,-0.009,-0.009,-0.009,-0.009,-0.009,-0.009,-0.009,-0.009,-0.009,-0.009,-0.009,-0.009,-0.009,-0.009,-0.009,-0.009,-0.009,-0.009,-0.009,-0.009,-0.009,-0.009,-0.009,-0.009,-0.009,-0.009,-0.009,-0.009,-0.009,-0.009,-0.009,-0.009,-0.009,-0.009,-0.009,-0.009,-0.009,-0.009,-0.009,-0.009,-0.009,-0.009,-0.009,-0.009,-0.009,-0.009,-0.009,-0.009,-0.009,-0.009,-0.009,-0.009,-0.009,-0.009,-0.009,-0.009,-0.009,-0.009,-0.009,-0.009,-0.009,-0.009,-0.009,-0.009,-0.009,-0.009,-0.009,-0.009,-0.009,-0.009,-0.009,-0.009,-0.009,-0.009,-0.009,-0.009,-0.009,-0.009,-0.009,-0.009,-0.009,-0.009,-0.009,-0.009,-0.009,-0.009,-0.009,-0.009,-0.009,-0.009,-0.009,-0.009,-0.009,-0.009,-0.009,-0.009,-0.009,-0.009,-0.009,-0.009,-0.009,-0.009,-0.009,-0.009,-0.009,-0.009,-0.009,-0.009,-0.009,-0.009,-0.009,-0.009,-0.009,-0.009,-0.009,-0.009,-0.009,-0.009,-0.009,-0.009,-0.009,-0.009,-0.009,-0.009,-0.009,-0.009,-0.009,-0.009,-0.009,-0.009,-0.009,-0.009,-0.009,-0.009,-0.009,-0.009,-0.009,-0.009,-0.009,-0.009,-0.009,-0.009,-0.009,-0.009,-0.009,-0.009
P10_n,2,True,pu,_ce4d9ad0-927b-5126-b1e2-b0e9090aae41,,-0.015,-0.015,-0.015,-0.015,-0.015,-0.015,-0.015,-0.015,-0.015,-0.015,-0.015,-0.015,-0.015,-0.015,-0.015,-0.015,-0.015,-0.015,-0.015,-0.015,-0.015,-0.015,-0.015,-0.015,-0.015,-0.015,-0.015,-0.015,-0.015,-0.015,-0.015,-0.015,-0.015,-0.015,-0.015,-0.015,-0.015,-0.015,-0.015,-0.015,-0.015,-0.015,-0.015,-0.015,-0.015,-0.015,-0.015,-0.015,-0.015,-0.015,-0.015,-0.015,-0.015,-0.015,-0.015,-0.015,-0.015,-0.015,-0.015,-0.015,-0.015,-0.015,-0.015,-0.015,-0.015,-0.015,-0.015,-0.015,-0.015,-0.015,-0.015,-0.015,-0.015,-0.015,-0.015,-0.015,-0.015,-0.015,-0.015,-0.015,-0.015,-0.015,-0.015,-0.015,-0.015,-0.015,-0.015,-0.015,-0.015,-0.015,-0.015,-0.015,-0.015,-0.015,-0.015,-0.015,-0.015,-0.015,-0.015,-0.015,-0.015,-0.015,-0.015,-0.015,-0.015,-0.015,-0.015,-0.015,-0.015,-0.015,-0.015,-0.015,-0.015,-0.015,-0.015,-0.015,-0.015,-0.015,-0.015,-0.015,-0.015,-0.015,-0.015,-0.015,-0.015,-0.015,-0.015,-0.015,-0.015,-0.015,-0.015,-0.015,-0.015,-0.015,-0.015,-0.015,-0.015,-0.015,-0.015,-0.015,-0.015,-0.015,-0.015,-0.015,-0.015,-0.015,-0.015,-0.015,-0.015,-0.015,-0.015,-0.015,-0.015,-0.015,-0.015,-0.015,-0.015,-0.015,-0.015,-0.015,-0.015,-0.015,-0.015,-0.015,-0.015,-0.015,-0.015,-0.015,-0.015,-0.015,-0.015,-0.015,-0.015,-0.015,-0.015,-0.015,-0.015,-0.015,-0.015,-0.015,-0.015,-0.015,-0.015,-0.015,-0.015,-0.015,-0.015,-0.015,-0.015,-0.015,-0.015,-0.015,-0.015,-0.015,-0.015,-0.015,-0.015,-0.015,-0.015,-0.015,-0.015,-0.015,-0.015,-0.015,-0.015,-0.015,-0.015,-0.015,-0.015,-0.015,-0.015,-0.015,-0.015,-0.015,-0.015,-0.015,-0.015,-0.015,-0.015,-0.015,-0.015,-0.015,-0.015,-0.015,-0.015,-0.015,-0.015,-0.015,-0.015,-0.015,-0.015,-0.015,-0.015,-0.015,-0.015,-0.015,-0.015,-0.015,-0.015,-0.015,-0.015,-0.015,-0.015,-0.015,-0.015,-0.015,-0.015,-0.015,-0.015,-0.015,-0.015,-0.015,-0.015,-0.015,-0.015,-0.015,-0.015,-0.015,-0.015,-0.015,-0.015,-0.015,-0.015
Q1_n,3,True,pu,_2f314e3b-57eb-5d60-831d-99c69a1c0d81,,0.026353,0.026353,0.026353,0.026353,0.026353,0.026353,0.026353,0.026353,0.026353,0.026353,0.026353,0.026353,0.026353,0.026353,0.026353,0.026353,0.026353,0.026353,0.219049,0.472621,0.479599,-0.0238,0.479385,0.476777,0.469343,0.46399,-0.031535,-0.023869,0.463668,-0.031723,-0.039097,-0.031712,0.469957,-0.031578,0.471128,-0.024013,0.463449,0.46236,-0.039113,-0.031702,-0.024007,-0.03159,0.471034,0.470085,-0.023911,-0.024,0.462456,0.463336,0.478471,-0.039232,0.470126,-0.031598,0.46331,0.462495,-0.039131,-0.039227,0.477646,-0.039132,0.478421,-0.039226,0.470174,-0.031604,0.470917,0.463264,0.470185,-0.039223,-0.023922,0.463253,0.470896,-0.031682,-0.031608,0.470886,-0.031681,0.470216,0.462571,-0.023925,-0.03914,0.478359,-0.031678,0.470235,-0.031611,0.463205,-0.023985,0.462599,-0.023928,-0.039144,0.47084,-0.031675,-0.031614,-0.02393,-0.039146,0.470269,-0.031615,0.477762,-0.031616,0.470816,-0.02398,-0.023932,-0.039149,0.478292,-0.03915,0.470787,0.47032,-0.031621,-0.031668,0.478258,0.463116,-0.039155,-0.023937,-0.023974,-0.039157,0.478235,-0.031625,0.470739,0.463087,-0.023972,0.462714,0.477852,-0.039159,-0.0392,0.477857,-0.039199,0.477862,-0.03916,0.478209,0.470381,0.470714,0.470385,0.462738,-0.023942,0.478195,-0.039197,0.47788,0.478191,-0.039163,0.477889,0.478182,-0.039195,0.477893,-0.039164,-0.031631,0.463038,-0.031631,0.462763,-0.023944,0.463034,-0.023967,0.462767,-0.023945,0.463031,0.463023,0.478157,-0.039192,0.477918,0.470431,-0.031633,0.470664,-0.031655,0.470434,-0.031634,0.470661,-0.031655,0.470437,-0.031634,0.470658,0.463008,-0.023965,0.462793,0.47793,-0.039168,0.478141,-0.03919,0.477933,-0.039168,0.478139,-0.03919,0.477936,-0.039169,0.478136,-0.03919,0.477939,-0.039169,0.478133,-0.03919,-0.039169,0.478131,-0.039189,0.477944,-0.03917,0.478128,-0.039189,0.477946,-0.03917,0.478126,-0.039189,-0.031652,0.478123,-0.031637,0.470634,-0.031652,0.470464,-0.031637,0.027244,0.026816,0.030774,0.025997,0.022448,0.026672,0.029866,0.02607,0.023218,0.026605,0.029183,0.026127,0.02381,0.023981,0.026599,0.028509,0.02613,0.024399,0.026556,0.02814,0.028038,0.026199,0.02647,0.025041,0.026219,0.025167,0.026479,0.02646,0.027412,0.026253,0.02627,0.026452,0.026438,0.026272,0.025564,0.026419,0.02629,0.026414,0.025712,0.02641,0.026425,0.026955,0.026407,0.02642,0.026412,0.026304,0.026863,0.026306,0.025858,0.026836,0.025883,0.026408,0.026798,0.0264,0.026308,0.026755,0.026316,0.025967,0.0264,0.026389,0.026318
Q2_n,3,True,pu,_38c82309-1d7f-5e7c-b41e-09c7d6d37071,,-0.006,-0.006,-0.006,-0.006,-0.006,-0.006,-0.006,-0.006,-0.006,-0.006,-0.006,-0.006,-0.006,-0.006,-0.006,-0.006,-0.006,-0.006,-0.006,-0.006,-0.006,-0.006,-0.006,-0.006,-0.006,-0.006,-0.006,-0.006,-0.006,-0.006,-0.006,-0.006,-0.006,-0.006,-0.006,-0.006,-0.006,-0.006,-0.006,-0.006,-0.006,-0.006,-0.006,-0.006,-0.006,-0.006,-0.006,-0.006,-0.006,-0.006,-0.006,-0.006,-0.006,-0.006,-0.006,-0.006,-0.006,-0.006,-0.006,-0.006,-0.006,-0.006,-0.006,-0.006,-0.006,-0.006,-0.006,-0.006,-0.006,-0.006,-0.006,-0.006,-0.006,-0.006,-0.006,-0.006,-0.006,-0.006,-0.006,-0.006,-0.006,-0.006,-0.006,-0.006,-0.006,-0.006,-0.006,-0.006,-0.006,-0.006,-0.006,-0.006,-0.006,-0.006,-0.006,-0.006,-0.006,-0.006,-0.006,-0.006,-0.006,-0.006,-0.006,-0.006,-0.006,-0.006,-0.006,-0.006,-0.006,-0.006,-0.006,-0.006,-0.006,-0.006,-0.006,-0.006,-0.006,-0.006,-0.006,-0.006,-0.006,-0.006,-0.006,-0.006,-0.006,-0.006,-0.006,-0.006,-0.006,-0.006,-0.006,-0.006,-0.006,-0.006,-0.006,-0.006,-0.006,-0.006,-0.006,-0.006,-0.006,-0.006,-0.006,-0.006,-0.006,-0.006,-0.006,-0.006,-0.006,-0.006,-0.006,-0.006,-0.006,-0.006,-0.006,-0.006,-0.006,-0.006,-0.006,-0.006,-0.006,-0.006,-0.006,-0.006,-0.006,-0.006,-0.006,-0.006,-0.006,-0.006,-0.006,-0.006,-0.006,-0.006,-0.006,-0.006,-0.006,-0.006,-0.006,-0.006,-0.006,-0.006,-0.006,-0.006,-0.006,-0.006,-0.006,-0.006,-0.006,-0.006,-0.006,-0.006,-0.006,-0.006,-0.006,-0.006,-0.006,-0.006,-0.006,-0.006,-0.006,-0.006,-0.006,-0.006,-0.006,-0.006,-0.006,-0.006,-0.006,-0.006,-0.006,-0.006,-0.006,-0.006,-0.006,-0.006,-0.006,-0.006,-0.006,-0.006,-0.006,-0.006,-0.006,-0.006,-0.006,-0.006,-0.006,-0.006,-0.006,-0.006,-0.006,-0.006,-0.006,-0.006,-0.006,-0.006,-0.006,-0.006,-0.006,-0.006,-0.006,-0.006,-0.006,-0.006,-0.006,-0.006,-0.006,-0.006,-0.006,-0.006,-0.006,-0.006,-0.006,-0.006,-0.006,-0.006,-0.006,-0.006,-0.006,-0.006,-0.006,-0.006,-0.006
Q3_n,3,True,pu,_8cfa0329-80eb-5ce6-abcb-2de22c2d216c,,-0.004,-0.004,-0.004,-0.004,-0.004,-0.004,-0.004,-0.004,-0.004,-0.004,-0.004,-0.004,-0.004,-0.004,-0.004,-0.004,-0.004,-0.004,-0.004,-0.004,-0.004,-0.004,-0.004,-0.004,-0.004,-0.004,-0.004,-0.004,-0.004,-0.004,-0.004,-0.004,-0.004,-0.004,-0.004,-0.004,-0.004,-0.004,-0.004,-0.004,-0.004,-0.004,-0.004,-0.004,-0.004,-0.004,-0.004,-0.004,-0.004,-0.004,-0.004,-0.004,-0.004,-0.004,-0.004,-0.004,-0.004,-0.004,-0.004,-0.004,-0.004,-0.004,-0.004,-0.004,-0.004,-0.004,-0.004,-0.004,-0.004,-0.004,-0.004,-0.004,-0.004,-0.004,-0.004,-0.004,-0.004,-0.004,-0.004,-0.004,-0.004,-0.004,-0.004,-0.004,-0.004,-0.004,-0.004,-0.004,-0.004,-0.004,-0.004,-0.004,-0.004,-0.004,-0.004,-0.004,-0.004,-0.004,-0.004,-0.004,-0.004,-0.004,-0.004,-0.004,-0.004,-0.004,-0.004,-0.004,-0.004,-0.004,-0.004,-0.004,-0.004,-0.004,-0.004,-0.004,-0.004,-0.004,-0.004,-0.004,-0.004,-0.004,-0.004,-0.004,-0.004,-0.004,-0.004,-0.004,-0.004,-0.004,-0.004,-0.004,-0.004,-0.004,-0.004,-0.004,-0.004,-0.004,-0.004,-0.004,-0.004,-0.004,-0.004,-0.004,-0.004,-0.004,-0.004,-0.004,-0.004,-0.004,-0.004,-0.004,-0.004,-0.004,-0.004,-0.004,-0.004,-0.004,-0.004,-0.004,-0.004,-0.004,-0.004,-0.004,-0.004,-0.004,-0.004,-0.004,-0.004,-0.004,-0.004,-0.004,-0.004,-0.004,-0.004,-0.004,-0.004,-0.004,-0.004,-0.004,-0.004,-0.004,-0.004,-0.004,-0.004,-0.004,-0.004,-0.004,-0.004,-0.004,-0.004,-0.004,-0.004,-0.004,-0.004,-0.004,-0.004,-0.004,-0.004,-0.004,-0.004,-0.004,-0.004,-0.004,-0.004,-0.004,-0.004,-0.004,-0.004,-0.004,-0.004,-0.004,-0.004,-0.004,-0.004,-0.004,-0.004,-0.004,-0.004,-0.004,-0.004,-0.004,-0.004,-0.004,-0.004,-0.004,-0.004,-0.004,-0.004,-0.004,-0.004,-0.004,-0.004,-0.004,-0.004,-0.004,-0.004,-0.004,-0.004,-0.004,-0.004,-0.004,-0.004,-0.004,-0.004,-0.004,-0.004,-0.004,-0.004,-0.004,-0.004,-0.004,-0.004,-0.004,-0.004,-0.004,-0.004,-0.004,-0.004,-0.004,-0.004,-0.004,-0.004
Q4_n,3,True,pu,_e9f0016a-b8b8-5c13-bdac-c25cc7e3ae32,,-0.003,-0.003,-0.003,-0.003,-0.003,-0.003,-0.003,-0.003,-0.003,-0.003,-0.003,-0.003,-0.003,-0.003,-0.003,-0.003,-0.003,-0.003,-0.003,-0.003,-0.003,-0.003,-0.003,-0.003,-0.003,-0.003,-0.003,-0.003,-0.003,-0.003,-0.003,-0.003,-0.003,-0.003,-0.003,-0.003,-0.003,-0.003,-0.003,-0.003,-0.003,-0.003,-0.003,-0.003,-0.003,-0.003,-0.003,-0.003,-0.003,-0.003,-0.003,-0.003,-0.003,-0.003,-0.003,-0.003,-0.003,-0.003,-0.003,-0.003,-0.003,-0.003,-0.003,-0.003,-0.003,-0.003,-0.003,-0.003,-0.003,-0.003,-0.003,-0.003,-0.003,-0.003,-0.003,-0.003,-0.003,-0.003,-0.003,-0.003,-0.003,-0.003,-0.003,-0.003,-0.003,-0.003,-0.003,-0.003,-0.003,-0.003,-0.003,-0.003,-0.003,-0.003,-0.003,-0.003,-0.003,-0.003,-0.003,-0.003,-0.003,-0.003,-0.003,-0.003,-0.003,-0.003,-0.003,-0.003,-0.003,-0.003,-0.003,-0.003,-0.003,-0.003,-0.003,-0.003,-0.003,-0.003,-0.003,-0.003,-0.003,-0.003,-0.003,-0.003,-0.003,-0.003,-0.003,-0.003,-0.003,-0.003,-0.003,-0.003,-0.003,-0.003,-0.003,-0.003,-0.003,-0.003,-0.003,-0.003,-0.003,-0.003,-0.003,-0.003,-0.003,-0.003,-0.003,-0.003,-0.003,-0.003,-0.003,-0.003,-0.003,-0.003,-0.003,-0.003,-0.003,-0.003,-0.003,-0.003,-0.003,-0.003,-0.003,-0.003,-0.003,-0.003,-0.003,-0.003,-0.003,-0.003,-0.003,-0.003,-0.003,-0.003,-0.003,-0.003,-0.003,-0.003,-0.003,-0.003,-0.003,-0.003,-0.003,-0.003,-0.003,-0.003,-0.003,-0.003,-0.003,-0.003,-0.003,-0.003,-0.003,-0.003,-0.003,-0.003,-0.003,-0.003,-0.003,-0.003,-0.003,-0.003,-0.003,-0.003,-0.003,-0.003,-0.003,-0.003,-0.003,-0.003,-0.003,-0.003,-0.003,-0.003,-0.003,-0.003,-0.003,-0.003,-0.003,-0.003,-0.003,-0.003,-0.003,-0.003,-0.003,-0.003,-0.003,-0.003,-0.003,-0.003,-0.003,-0.003,-0.003,-0.003,-0.003,-0.003,-0.003,-0.003,-0.003,-0.003,-0.003,-0.003,-0.003,-0.003,-0.003,-0.003,-0.003,-0.003,-0.003,-0.003,-0.003,-0.003,-0.003,-0.003,-0.003,-0.003,-0.003,-0.003,-0.003,-0.003,-0.003,-0.003,-0.003
Q5_n,3,True,pu,_ebb6bf0b-3921-514a-aeb3-529a2dc7d0a5,,-0.002,-0.002,-0.002,-0.002,-0.002,-0.002,-0.002,-0.002,-0.002,-0.002,-0.002,-0.002,-0.002,-0.002,-0.002,-0.002,-0.002,-0.002,-0.002,-0.002,-0.002,-0.002,-0.002,-0.002,-0.002,-0.002,-0.002,-0.002,-0.002,-0.002,-0.002,-0.002,-0.002,-0.002,-0.002,-0.002,-0.002,-0.002,-0.002,-0.002,-0.002,-0.002,-0.002,-0.002,-0.002,-0.002,-0.002,-0.002,-0.002,-0.002,-0.002,-0.002,-0.002,-0.002,-0.002,-0.002,-0.002,-0.002,-0.002,-0.002,-0.002,-0.002,-0.002,-0.002,-0.002,-0.002,-0.002,-0.002,-0.002,-0.002,-0.002,-0.002,-0.002,-0.002,-0.002,-0.002,-0.002,-0.002,-0.002,-0.002,-0.002,-0.002,-0.002,-0.002,-0.002,-0.002,-0.002,-0.002,-0.002,-0.002,-0.002,-0.002,-0.002,-0.002,-0.002,-0.002,-0.002,-0.002,-0.002,-0.002,-0.002,-0.002,-0.002,-0.002,-0.002,-0.002,-0.002,-0.002,-0.002,-0.002,-0.002,-0.002,-0.002,-0.002,-0.002,-0.002,-0.002,-0.002,-0.002,-0.002,-0.002,-0.002,-0.002,-0.002,-0.002,-0.002,-0.002,-0.002,-0.002,-0.002,-0.002,-0.002,-0.002,-0.002,-0.002,-0.002,-0.002,-0.002,-0.002,-0.002,-0.002,-0.002,-0.002,-0.002,-0.002,-0.002,-0.002,-0.002,-0.002,-0.002,-0.002,-0.002,-0.002,-0.002,-0.002,-0.002,-0.002,-0.002,-0.002,-0.002,-0.002,-0.002,-0.002,-0.002,-0.002,-0.002,-0.002,-0.002,-0.002,-0.002,-0.002,-0.002,-0.002,-0.002,-0.002,-0.002,-0.002,-0.002,-0.002,-0.002,-0.002,-0.002,-0.002,-0.002,-0.002,-0.002,-0.002,-0.002,-0.002,-0.002,-0.002,-0.002,-0.002,-0.002,-0.002,-0.002,-0.002,-0.002,-0.002,-0.002,-0.002,-0.002,-0.002,-0.002,-0.002,-0.002,-0.002,-0.002,-0.002,-0.002,-0.002,-0.002,-0.002,-0.002,-0.002,-0.002,-0.002,-0.002,-0.002,-0.002,-0.002,-0.002,-0.002,-0.002,-0.002,-0.002,-0.002,-0.002,-0.002,-0.002,-0.002,-0.002,-0.002,-0.002,-0.002,-0.002,-0.002,-0.002,-0.002,-0.002,-0.002,-0.002,-0.002,-0.002,-0.002,-0.002,-0.002,-0.002,-0.002,-0.002,-0.002,-0.002,-0.002,-0.002,-0.002,-0.002,-0.002,-0.002,-0.002,-0.002,-0.002,-0.002,-0.002
Q6_n,3,True,pu,_2248cb01-e4ac-573f-a813-5d675310820f,,-0.002,-0.002,-0.002,-0.002,-0.002,-0.002,-0.002,-0.002,-0.002,-0.002,-0.002,-0.002,-0.002,-0.002,-0.002,-0.002,-0.002,-0.002,-0.002,-0.002,-0.002,-0.002,-0.002,-0.002,-0.002,-0.002,-0.002,-0.002,-0.002,-0.002,-0.002,-0.002,-0.002,-0.002,-0.002,-0.002,-0.002,-0.002,-0.002,-0.002,-0.002,-0.002,-0.002,-0.002,-0.002,-0.002,-0.002,-0.002,-0.002,-0.002,-0.002,-0.002,-0.002,-0.002,-0.002,-0.002,-0.002,-0.002,-0.002,-0.002,-0.002,-0.002,-0.002,-0.002,-0.002,-0.002,-0.002,-0.002,-0.002,-0.002,-0.002,-0.002,-0.002,-0.002,-0.002,-0.002,-0.002,-0.002,-0.002,-0.002,-0.002,-0.002,-0.002,-0.002,-0.002,-0.002,-0.002,-0.002,-0.002,-0.002,-0.002,-0.002,-0.002,-0.002,-0.002,-0.002,-0.002,-0.002,-0.002,-0.002,-0.002,-0.002,-0.002,-0.002,-0.002,-0.002,-0.002,-0.002,-0.002,-0.002,-0.002,-0.002,-0.002,-0.002,-0.002,-0.002,-0.002,-0.002,-0.002,-0.002,-0.002,-0.002,-0.002,-0.002,-0.002,-0.002,-0.002,-0.002,-0.002,-0.002,-0.002,-0.002,-0.002,-0.002,-0.002,-0.002,-0.002,-0.002,-0.002,-0.002,-0.002,-0.002,-0.002,-0.002,-0.002,-0.002,-0.002,-0.002,-0.002,-0.002,-0.002,-0.002,-0.002,-0.002,-0.002,-0.002,-0.002,-0.002,-0.002,-0.002,-0.002,-0.002,-0.002,-0.002,-0.002,-0.002,-0.002,-0.002,-0.002,-0.002,-0.002,-0.002,-0.002,-0.002,-0.002,-0.002,-0.002,-0.002,-0.002,-0.002,-0.002,-0.002,-0.002,-0.002,-0.002,-0.002,-0.002,-0.002,-0.002,-0.002,-0.002,-0.002,-0.002,-0.002,-0.002,-0.002,-0.002,-0.002,-0.002,-0.002,-0.002,-0.002,-0.002,-0.002,-0.002,-0.002,-0.002,-0.002,-0.002,-0.002,-0.002,-0.002,-0.002,-0.002,-0.002,-0.002,-0.002,-0.002,-0.002,-0.002,-0.002,-0.002,-0.002,-0.002,-0.002,-0.002,-0.002,-0.002,-0.002,-0.002,-0.002,-0.002,-0.002,-0.002,-0.002,-0.002,-0.002,-0.002,-0.002,-0.002,-0.002,-0.002,-0.002,-0.002,-0.002,-0.002,-0.002,-0.002,-0.002,-0.002,-0.002,-0.002,-0.002,-0.002,-0.002,-0.002,-0.002,-0.002,-0.002,-0.002,-0.002,-0.002,-0.002
Q7_n,3,True,pu,_f6849451-1b54-5b7c-bc67-4c766345b423,,-0.001,-0.001,-0.001,-0.001,-0.001,-0.001,-0.001,-0.001,-0.001,-0.001,-0.001,-0.001,-0.001,-0.001,-0.001,-0.001,-0.001,-0.001,-0.001,-0.001,-0.001,-0.001,-0.001,-0.001,-0.001,-0.001,-0.001,-0.001,-0.001,-0.001,-0.001,-0.001,-0.001,-0.001,-0.001,-0.001,-0.001,-0.001,-0.001,-0.001,-0.001,-0.001,-0.001,-0.001,-0.001,-0.001,-0.001,-0.001,-0.001,-0.001,-0.001,-0.001,-0.001,-0.001,-0.001,-0.001,-0.001,-0.001,-0.001,-0.001,-0.001,-0.001,-0.001,-0.001,-0.001,-0.001,-0.001,-0.001,-0.001,-0.001,-0.001,-0.001,-0.001,-0.001,-0.001,-0.001,-0.001,-0.001,-0.001,-0.001,-0.001,-0.001,-0.001,-0.001,-0.001,-0.001,-0.001,-0.001,-0.001,-0.001,-0.001,-0.001,-0.001,-0.001,-0.001,-0.001,-0.001,-0.001,-0.001,-0.001,-0.001,-0.001,-0.001,-0.001,-0.001,-0.001,-0.001,-0.001,-0.001,-0.001,-0.001,-0.001,-0.001,-0.001,-0.001,-0.001,-0.001,-0.001,-0.001,-0.001,-0.001,-0.001,-0.001,-0.001,-0.001,-0.001,-0.001,-0.001,-0.001,-0.001,-0.001,-0.001,-0.001,-0.001,-0.001,-0.001,-0.001,-0.001,-0.001,-0.001,-0.001,-0.001,-0.001,-0.001,-0.001,-0.001,-0.001,-0.001,-0.001,-0.001,-0.001,-0.001,-0.001,-0.001,-0.001,-0.001,-0.001,-0.001,-0.001,-0.001,-0.001,-0.001,-0.001,-0.001,-0.001,-0.001,-0.001,-0.001,-0.001,-0.001,-0.001,-0.001,-0.001,-0.001,-0.001,-0.001,-0.001,-0.001,-0.001,-0.001,-0.001,-0.001,-0.001,-0.001,-0.001,-0.001,-0.001,-0.001,-0.001,-0.001,-0.001,-0.001,-0.001,-0.001,-0.001,-0.001,-0.001,-0.001,-0.001,-0.001,-0.001,-0.001,-0.001,-0.001,-0.001,-0.001,-0.001,-0.001,-0.001,-0.001,-0.001,-0.001,-0.001,-0.001,-0.001,-0.001,-0.001,-0.001,-0.001,-0.001,-0.001,-0.001,-0.001,-0.001,-0.001,-0.001,-0.001,-0.001,-0.001,-0.001,-0.001,-0.001,-0.001,-0.001,-0.001,-0.001,-0.001,-0.001,-0.001,-0.001,-0.001,-0.001,-0.001,-0.001,-0.001,-0.001,-0.001,-0.001,-0.001,-0.001,-0.001,-0.001,-0.001,-0.001,-0.001,-0.001,-0.001,-0.001,-0.001,-0.001,-0.001,-0.001,-0.001
Q8_n,3,True,pu,_7ee8d88c-1a83-5ce2-8056-333aa196ba71,,-0.002,-0.002,-0.002,-0.002,-0.002,-0.002,-0.002,-0.002,-0.002,-0.002,-0.002,-0.002,-0.002,-0.002,-0.002,-0.002,-0.002,-0.002,-0.002,-0.002,-0.002,-0.002,-0.002,-0.002,-0.002,-0.002,-0.002,-0.002,-0.002,-0.002,-0.002,-0.002,-0.002,-0.002,-0.002,-0.002,-0.002,-0.002,-0.002,-0.002,-0.002,-0.002,-0.002,-0.002,-0.002,-0.002,-0.002,-0.002,-0.002,-0.002,-0.002,-0.002,-0.002,-0.002,-0.002,-0.002,-0.002,-0.002,-0.002,-0.002,-0.002,-0.002,-0.002,-0.002,-0.002,-0.002,-0.002,-0.002,-0.002,-0.002,-0.002,-0.002,-0.002,-0.002,-0.002,-0.002,-0.002,-0.002,-0.002,-0.002,-0.002,-0.002,-0.002,-0.002,-0.002,-0.002,-0.002,-0.002,-0.002,-0.002,-0.002,-0.002,-0.002,-0.002,-0.002,-0.002,-0.002,-0.002,-0.002,-0.002,-0.002,-0.002,-0.002,-0.002,-0.002,-0.002,-0.002,-0.002,-0.002,-0.002,-0.002,-0.002,-0.002,-0.002,-0.002,-0.002,-0.002,-0.002,-0.002,-0.002,-0.002,-0.002,-0.002,-0.002,-0.002,-0.002,-0.002,-0.002,-0.002,-0.002,-0.002,-0.002,-0.002,-0.002,-0.002,-0.002,-0.002,-0.002,-0.002,-0.002,-0.002,-0.002,-0.002,-0.002,-0.002,-0.002,-0.002,-0.002,-0.002,-0.002,-0.002,-0.002,-0.002,-0.002,-0.002,-0.002,-0.002,-0.002,-0.002,-0.002,-0.002,-0.002,-0.002,-0.002,-0.002,-0.002,-0.002,-0.002,-0.002,-0.002,-0.002,-0.002,-0.002,-0.002,-0.002,-0.002,-0.002,-0.002,-0.002,-0.002,-0.002,-0.002,-0.002,-0.002,-0.002,-0.002,-0.002,-0.002,-0.002,-0.002,-0.002,-0.002,-0.002,-0.002,-0.002,-0.002,-0.002,-0.002,-0.002,-0.002,-0.002,-0.002,-0.002,-0.002,-0.002,-0.002,-0.002,-0.002,-0.002,-0.002,-0.002,-0.002,-0.002,-0.002,-0.002,-0.002,-0.002,-0.002,-0.002,-0.002,-0.002,-0.002,-0.002,-0.002,-0.002,-0.002,-0.002,-0.002,-0.002,-0.002,-0.002,-0.002,-0.002,-0.002,-0.002,-0.002,-0.002,-0.002,-0.002,-0.002,-0.002,-0.002,-0.002,-0.002,-0.002,-0.002,-0.002,-0.002,-0.002,-0.002,-0.002,-0.002,-0.002,-0.002,-0.002,-0.002,-0.002,-0.002,-0.002,-0.002,-0.002,-0.002,-0.002
Q9_n,3,True,pu,_26a560cd-5d87-5dd7-b588-cb2d8efa50ce,,-1e-05,-1e-05,-1e-05,-1e-05,-1e-05,-1e-05,-1e-05,-1e-05,-1e-05,-1e-05,-1e-05,-1e-05,-1e-05,-1e-05,-1e-05,-1e-05,-1e-05,-1e-05,-1e-05,-1e-05,-1e-05,-1e-05,-1e-05,-1e-05,-1e-05,-1e-05,-1e-05,-1e-05,-1e-05,-1e-05,-1e-05,-1e-05,-1e-05,-1e-05,-1e-05,-1e-05,-1e-05,-1e-05,-1e-05,-1e-05,-1e-05,-1e-05,-1e-05,-1e-05,-1e-05,-1e-05,-1e-05,-1e-05,-1e-05,-1e-05,-1e-05,-1e-05,-1e-05,-1e-05,-1e-05,-1e-05,-1e-05,-1e-05,-1e-05,-1e-05,-1e-05,-1e-05,-1e-05,-1e-05,-1e-05,-1e-05,-1e-05,-1e-05,-1e-05,-1e-05,-1e-05,-1e-05,-1e-05,-1e-05,-1e-05,-1e-05,-1e-05,-1e-05,-1e-05,-1e-05,-1e-05,-1e-05,-1e-05,-1e-05,-1e-05,-1e-05,-1e-05,-1e-05,-1e-05,-1e-05,-1e-05,-1e-05,-1e-05,-1e-05,-1e-05,-1e-05,-1e-05,-1e-05,-1e-05,-1e-05,-1e-05,-1e-05,-1e-05,-1e-05,-1e-05,-1e-05,-1e-05,-1e-05,-1e-05,-1e-05,-1e-05,-1e-05,-1e-05,-1e-05,-1e-05,-1e-05,-1e-05,-1e-05,-1e-05,-1e-05,-1e-05,-1e-05,-1e-05,-1e-05,-1e-05,-1e-05,-1e-05,-1e-05,-1e-05,-1e-05,-1e-05,-1e-05,-1e-05,-1e-05,-1e-05,-1e-05,-1e-05,-1e-05,-1e-05,-1e-05,-1e-05,-1e-05,-1e-05,-1e-05,-1e-05,-1e-05,-1e-05,-1e-05,-1e-05,-1e-05,-1e-05,-1e-05,-1e-05,-1e-05,-1e-05,-1e-05,-1e-05,-1e-05,-1e-05,-1e-05,-1e-05,-1e-05,-1e-05,-1e-05,-1e-05,-1e-05,-1e-05,-1e-05,-1e-05,-1e-05,-1e-05,-1e-05,-1e-05,-1e-05,-1e-05,-1e-05,-1e-05,-1e-05,-1e-05,-1e-05,-1e-05,-1e-05,-1e-05,-1e-05,-1e-05,-1e-05,-1e-05,-1e-05,-1e-05,-1e-05,-1e-05,-1e-05,-1e-05,-1e-05,-1e-05,-1e-05,-1e-05,-1e-05,-1e-05,-1e-05,-1e-05,-1e-05,-1e-05,-1e-05,-1e-05,-1e-05,-1e-05,-1e-05,-1e-05,-1e-05,-1e-05,-1e-05,-1e-05,-1e-05,-1e-05,-1e-05,-1e-05,-1e-05,-1e-05,-1e-05,-1e-05,-1e-05,-1e-05,-1e-05,-1e-05,-1e-05,-1e-05,-1e-05,-1e-05,-1e-05,-1e-05,-1e-05,-1e-05,-1e-05,-1e-05,-1e-05,-1e-05,-1e-05,-1e-05,-1e-05,-1e-05,-1e-05,-1e-05,-1e-05,-1e-05,-1e-05,-1e-05,-1e-05,-1e-05,-1e-05,-1e-05,-1e-05,-1e-05,-1e-05,-1e-05,-1e-05,-1e-05,-1e-05,-1e-05,-1e-05,-1e-05,-1e-05,-1e-05
Q10_n,3,True,pu,_ce4d9ad0-927b-5126-b1e2-b0e9090aae41,,-0.005,-0.005,-0.005,-0.005,-0.005,-0.005,-0.005,-0.005,-0.005,-0.005,-0.005,-0.005,-0.005,-0.005,-0.005,-0.005,-0.005,-0.005,-0.005,-0.005,-0.005,-0.005,-0.005,-0.005,-0.005,-0.005,-0.005,-0.005,-0.005,-0.005,-0.005,-0.005,-0.005,-0.005,-0.005,-0.005,-0.005,-0.005,-0.005,-0.005,-0.005,-0.005,-0.005,-0.005,-0.005,-0.005,-0.005,-0.005,-0.005,-0.005,-0.005,-0.005,-0.005,-0.005,-0.005,-0.005,-0.005,-0.005,-0.005,-0.005,-0.005,-0.005,-0.005,-0.005,-0.005,-0.005,-0.005,-0.005,-0.005,-0.005,-0.005,-0.005,-0.005,-0.005,-0.005,-0.005,-0.005,-0.005,-0.005,-0.005,-0.005,-0.005,-0.005,-0.005,-0.005,-0.005,-0.005,-0.005,-0.005,-0.005,-0.005,-0.005,-0.005,-0.005,-0.005,-0.005,-0.005,-0.005,-0.005,-0.005,-0.005,-0.005,-0.005,-0.005,-0.005,-0.005,-0.005,-0.005,-0.005,-0.005,-0.005,-0.005,-0.005,-0.005,-0.005,-0.005,-0.005,-0.005,-0.005,-0.005,-0.005,-0.005,-0.005,-0.005,-0.005,-0.005,-0.005,-0.005,-0.005,-0.005,-0.005,-0.005,-0.005,-0.005,-0.005,-0.005,-0.005,-0.005,-0.005,-0.005,-0.005,-0.005,-0.005,-0.005,-0.005,-0.005,-0.005,-0.005,-0.005,-0.005,-0.005,-0.005,-0.005,-0.005,-0.005,-0.005,-0.005,-0.005,-0.005,-0.005,-0.005,-0.005,-0.005,-0.005,-0.005,-0.005,-0.005,-0.005,-0.005,-0.005,-0.005,-0.005,-0.005,-0.005,-0.005,-0.005,-0.005,-0.005,-0.005,-0.005,-0.005,-0.005,-0.005,-0.005,-0.005,-0.005,-0.005,-0.005,-0.005,-0.005,-0.005,-0.005,-0.005,-0.005,-0.005,-0.005,-0.005,-0.005,-0.005,-0.005,-0.005,-0.005,-0.005,-0.005,-0.005,-0.005,-0.005,-0.005,-0.005,-0.005,-0.005,-0.005,-0.005,-0.005,-0.005,-0.005,-0.005,-0.005,-0.005,-0.005,-0.005,-0.005,-0.005,-0.005,-0.005,-0.005,-0.005,-0.005,-0.005,-0.005,-0.005,-0.005,-0.005,-0.005,-0.005,-0.005,-0.005,-0.005,-0.005,-0.005,-0.005,-0.005,-0.005,-0.005,-0.005,-0.005,-0.005,-0.005,-0.005,-0.005,-0.005,-0.005,-0.005,-0.005,-0.005,-0.005,-0.005,-0.005,-0.005,-0.005,-0.005,-0.005,-0.005
P12a_n,4,False,pu,_27843fdd-4c6e-5abb-a9d4-24f3d946f1a1,,0.069403,0.069403,0.069403,0.069403,0.069403,0.069403,0.069403,0.069403,0.069403,0.069403,0.069403,0.069403,0.069403,0.069403,0.069403,0.069403,0.069403,0.069403,0.070226,0.345525,0.402725,0.402222,0.41772,0.422366,0.424702,0.42901,0.425103,0.426805,0.435099,0.42777,0.427754,0.427932,0.435758,0.427946,0.435803,0.428072,0.435691,0.435658,0.427844,0.427961,0.428084,0.427968,0.435819,0.435789,0.428091,0.428087,0.435667,0.435696,0.435938,0.427844,0.435791,0.427968,0.435696,0.435669,0.427848,0.427844,0.435912,0.427848,0.435937,0.427844,0.435792,0.427968,0.435817,0.435694,0.435793,0.427844,0.428091,0.435694,0.435816,0.427965,0.427968,0.435816,0.427965,0.435794,0.435671,0.428091,0.427848,0.435935,0.427965,0.435794,0.427968,0.435692,0.428088,0.435672,0.42809,0.427848,0.435814,0.427965,0.427968,0.42809,0.427848,0.435795,0.427968,0.435915,0.427968,0.435813,0.428088,0.42809,0.427848,0.435933,0.427848,0.435812,0.435797,0.427968,0.427965,0.435932,0.435689,0.427847,0.42809,0.428088,0.427847,0.435931,0.427967,0.435811,0.435688,0.428088,0.435676,0.435918,0.427847,0.427845,0.435918,0.427845,0.435919,0.427847,0.43593,0.435799,0.43581,0.435799,0.435677,0.42809,0.43593,0.427846,0.435919,0.435929,0.427847,0.435919,0.435929,0.427846,0.43592,0.427847,0.427967,0.435687,0.427967,0.435678,0.42809,0.435687,0.428088,0.435678,0.42809,0.435687,0.435686,0.435928,0.427846,0.43592,0.435801,0.427967,0.435808,0.427966,0.435801,0.427967,0.435808,0.427966,0.435801,0.427967,0.435808,0.435686,0.428089,0.435679,0.435921,0.427847,0.435928,0.427846,0.435921,0.427847,0.435928,0.427846,0.435921,0.427847,0.435928,0.427846,0.435921,0.427847,0.435928,0.427846,0.427847,0.435927,0.427846,0.435921,0.427847,0.435927,0.427846,0.435921,0.427847,0.435927,0.427846,0.427966,0.435927,0.427967,0.435807,0.427966,0.435802,0.427967,0.386419,0.329423,0.293415,0.262106,0.235159,0.212187,0.1924,0.175165,0.160344,0.147769,0.136935,0.127446,0.119288,0.110269,0.104648,0.0998,0.095501,0.091811,0.088749,0.086105,0.083079,0.081124,0.076516,0.074901,0.073715,0.073081,0.072604,0.072023,0.071689,0.071339,0.070988,0.070369,0.070194,0.069985,0.069881,0.069759,0.069664,0.069599,0.069507,0.069511,0.069493,0.069498,0.069463,0.069453,0.069444,0.069426,0.069435,0.069415,0.069399,0.069427,0.069395,0.069409,0.069421,0.069407,0.069404,0.069417,0.069403,0.069392,0.069405,0.069405,0.069403
P23a_n,4,False,pu,_1732b6e8-3160-53e9-a59f-842b74f42405,,0.05506,0.05506,0.05506,0.05506,0.05506,0.05506,0.05506,0.05506,0.05506,0.05506,0.05506,0.05506,0.05506,0.05506,0.05506,0.05506,0.05506,0.05506,0.055801,0.305884,0.35785,0.357428,0.371473,0.375715,0.377837,0.38173,0.378215,0.379762,0.387264,0.380642,0.380624,0.380788,0.387877,0.380798,0.387906,0.380916,0.387804,0.387785,0.380706,0.380815,0.380927,0.380819,0.387921,0.387904,0.380931,0.380929,0.387793,0.38781,0.38803,0.380708,0.387905,0.380819,0.38781,0.387794,0.38071,0.380708,0.388015,0.38071,0.38803,0.380708,0.387906,0.380819,0.38792,0.387809,0.387906,0.380708,0.380931,0.387809,0.38792,0.380818,0.380819,0.38792,0.380818,0.387906,0.387795,0.380931,0.38071,0.388029,0.380818,0.387907,0.380819,0.387808,0.38093,0.387796,0.380931,0.38071,0.387919,0.380818,0.380819,0.380931,0.38071,0.387907,0.380819,0.388017,0.380819,0.387919,0.38093,0.380931,0.38071,0.388027,0.38071,0.387918,0.387908,0.380819,0.380818,0.388027,0.387806,0.38071,0.380931,0.38093,0.380709,0.388027,0.380819,0.387917,0.387806,0.38093,0.387798,0.388018,0.380709,0.380708,0.388018,0.380708,0.388018,0.380709,0.388026,0.387909,0.387917,0.387909,0.387798,0.380931,0.388026,0.380708,0.388019,0.388026,0.380709,0.388019,0.388026,0.380708,0.388019,0.380709,0.380819,0.387805,0.380819,0.387798,0.380931,0.387805,0.38093,0.387798,0.380931,0.387805,0.387805,0.388025,0.380709,0.388019,0.38791,0.380819,0.387916,0.380818,0.38791,0.380819,0.387916,0.380818,0.38791,0.380819,0.387916,0.387804,0.38093,0.387799,0.388019,0.380709,0.388025,0.380709,0.38802,0.380709,0.388025,0.380709,0.38802,0.380709,0.388025,0.380709,0.38802,0.380709,0.388025,0.380709,0.380709,0.388025,0.380709,0.38802,0.380709,0.388025,0.380709,0.38802,0.380709,0.388025,0.380709,0.380818,0.388025,0.380819,0.387915,0.380818,0.387911,0.380819,0.343111,0.291347,0.258631,0.230179,0.205691,0.184815,0.166832,0.151171,0.137703,0.126274,0.116427,0.107806,0.100394,0.092199,0.087088,0.08268,0.078777,0.075425,0.07264,0.070234,0.067485,0.065711,0.061523,0.060059,0.058978,0.058405,0.057968,0.05744,0.057133,0.056819,0.0565,0.055937,0.055778,0.055589,0.055498,0.055383,0.055297,0.055238,0.055158,0.055158,0.055141,0.055143,0.055114,0.055105,0.055097,0.055081,0.055086,0.055071,0.055059,0.055079,0.055055,0.055065,0.055073,0.055063,0.055061,0.05507,0.05506,0.055052,0.055061,0.055061,0.05506
P28a_n,4,False,pu,_9aa80551-1b6f-57a0-a385-5cf78e8c5b7b,,0.004002,0.004002,0.004002,0.004002,0.004002,0.004002,0.004002,0.004002,0.004002,0.004002,0.004002,0.004002,0.004002,0.004002,0.004002,0.004002,0.004002,0.004002,0.004,0.003993,0.003999,0.004003,0.004,0.003997,0.003997,0.004001,0.004005,0.004005,0.004001,0.004005,0.004006,0.004005,0.003999,0.004005,0.004001,0.004005,0.004001,0.003999,0.004005,0.004005,0.004005,0.004005,0.004001,0.003999,0.004005,0.004005,0.003999,0.004001,0.004001,0.004005,0.003999,0.004005,0.004001,0.003999,0.004005,0.004005,0.003999,0.004005,0.004,0.004005,0.003999,0.004005,0.004,0.004001,0.003999,0.004005,0.004005,0.004001,0.004,0.004005,0.004005,0.004,0.004005,0.003999,0.003999,0.004005,0.004005,0.004,0.004005,0.003999,0.004005,0.004,0.004005,0.004,0.004005,0.004005,0.004,0.004005,0.004005,0.004005,0.004005,0.003999,0.004005,0.003999,0.004005,0.004,0.004005,0.004005,0.004005,0.004,0.004005,0.004,0.004,0.004005,0.004005,0.004,0.004,0.004005,0.004005,0.004005,0.004005,0.004,0.004005,0.004,0.004,0.004005,0.004,0.004,0.004005,0.004005,0.004,0.004005,0.004,0.004005,0.004,0.004,0.004,0.004,0.004,0.004005,0.004,0.004005,0.004,0.004,0.004005,0.004,0.004,0.004005,0.004,0.004005,0.004005,0.004,0.004005,0.004,0.004005,0.004,0.004005,0.004,0.004005,0.004,0.004,0.004,0.004005,0.004,0.004,0.004005,0.004,0.004005,0.004,0.004005,0.004,0.004005,0.004,0.004005,0.004,0.004,0.004005,0.004,0.004,0.004005,0.004,0.004005,0.004,0.004005,0.004,0.004005,0.004,0.004005,0.004,0.004005,0.004,0.004005,0.004,0.004005,0.004005,0.004,0.004005,0.004,0.004005,0.004,0.004005,0.004,0.004005,0.004,0.004005,0.004005,0.004,0.004005,0.004,0.004005,0.004,0.004005,0.004025,0.004027,0.004027,0.004021,0.004016,0.004017,0.004017,0.004012,0.004009,0.00401,0.004011,0.004008,0.004005,0.004004,0.004006,0.004007,0.004004,0.004002,0.004004,0.004006,0.004005,0.004003,0.004003,0.004001,0.004002,0.004001,0.004003,0.004003,0.004004,0.004002,0.004002,0.004002,0.004002,0.004002,0.004001,0.004002,0.004002,0.004002,0.004001,0.004002,0.004002,0.004003,0.004002,0.004002,0.004002,0.004002,0.004003,0.004002,0.004001,0.004003,0.004001,0.004002,0.004003,0.004002,0.004002,0.004003,0.004002,0.004001,0.004002,0.004002,0.004002
P34a_n,4,False,pu,_ceee713b-5155-57a3-a7af-70ed055874db,,0.035991,0.035991,0.035991,0.035991,0.035991,0.035991,0.035991,0.035991,0.035991,0.035991,0.035991,0.035991,0.035991,0.035991,0.035991,0.035991,0.035991,0.035991,0.035915,0.034658,0.034652,0.034848,0.03465,0.034618,0.034624,0.034655,0.034857,0.034853,0.03465,0.034856,0.034861,0.034856,0.03464,0.034857,0.034643,0.034852,0.034647,0.034645,0.034861,0.034857,0.034852,0.034857,0.034642,0.034641,0.034852,0.034852,0.034646,0.034646,0.034637,0.034861,0.034642,0.034857,0.034646,0.034646,0.034861,0.034861,0.034637,0.034861,0.034637,0.034861,0.034642,0.034857,0.034641,0.034645,0.034642,0.034861,0.034852,0.034645,0.034641,0.034857,0.034857,0.034641,0.034857,0.034642,0.034647,0.034852,0.034861,0.034636,0.034857,0.034642,0.034857,0.034645,0.034853,0.034647,0.034852,0.034861,0.034641,0.034857,0.034857,0.034852,0.034861,0.034643,0.034857,0.034638,0.034857,0.034641,0.034853,0.034852,0.034861,0.034636,0.034861,0.03464,0.034643,0.034857,0.034857,0.034636,0.034645,0.034861,0.034852,0.034853,0.034861,0.034636,0.034857,0.03464,0.034645,0.034853,0.034647,0.034639,0.034861,0.034861,0.034639,0.034861,0.034639,0.034861,0.034636,0.034643,0.03464,0.034643,0.034647,0.034852,0.034636,0.034861,0.034639,0.034636,0.034861,0.034639,0.034636,0.034861,0.034639,0.034861,0.034857,0.034644,0.034857,0.034647,0.034852,0.034644,0.034853,0.034647,0.034852,0.034644,0.034644,0.034636,0.034861,0.034639,0.034643,0.034857,0.03464,0.034857,0.034643,0.034857,0.03464,0.034857,0.034643,0.034857,0.03464,0.034644,0.034853,0.034648,0.034639,0.034861,0.034636,0.034861,0.034639,0.034861,0.034636,0.034861,0.034639,0.034861,0.034636,0.034861,0.034639,0.034861,0.034636,0.034861,0.034861,0.034636,0.034861,0.034639,0.034861,0.034636,0.034861,0.034639,0.034861,0.034636,0.034861,0.034857,0.034636,0.034857,0.03464,0.034857,0.034643,0.034857,0.03602,0.036361,0.03645,0.036311,0.036195,0.036244,0.036275,0.036168,0.036086,0.036131,0.036162,0.036087,0.036029,0.036018,0.036056,0.036081,0.036032,0.035996,0.036027,0.036049,0.036041,0.036009,0.036004,0.035982,0.035997,0.035982,0.035998,0.035996,0.036007,0.035993,0.035993,0.035993,0.035993,0.035992,0.035985,0.035992,0.035991,0.035992,0.035988,0.035991,0.035991,0.035994,0.035991,0.035991,0.035991,0.035991,0.035993,0.035991,0.03599,0.035992,0.03599,0.035991,0.035992,0.035991,0.035991,0.035992,0.035991,0.035991,0.035991,0.035991,0.035991
P39a_n,4,False,pu,_474c5e1e-bf6a-57f6-9587-580cf6b18994,,0.009024,0.009024,0.009024,0.009024,0.009024,0.009024,0.009024,0.009024,0.009024,0.009024,0.009024,0.009024,0.009024,0.009024,0.009024,0.009024,0.009024,0.009024,0.009437,0.138563,0.165229,0.164947,0.172221,0.174488,0.17557,0.177481,0.175604,0.176402,0.18033,0.176863,0.176837,0.176937,0.180693,0.176931,0.180669,0.177006,0.180614,0.180641,0.17688,0.17695,0.177011,0.176942,0.18068,0.180703,0.177004,0.177011,0.180642,0.180621,0.180742,0.176891,0.180702,0.176943,0.180622,0.180641,0.176884,0.17689,0.180761,0.176884,0.180743,0.17689,0.180701,0.176944,0.180684,0.180623,0.180701,0.17689,0.177005,0.180623,0.180684,0.17695,0.176944,0.180684,0.17695,0.1807,0.180639,0.177005,0.176884,0.180744,0.17695,0.1807,0.176944,0.180624,0.17701,0.180639,0.177005,0.176884,0.180685,0.176949,0.176944,0.177006,0.176885,0.180699,0.176945,0.180759,0.176945,0.180686,0.17701,0.177006,0.176885,0.180746,0.176885,0.180686,0.180698,0.176945,0.176949,0.180746,0.180626,0.176885,0.177006,0.17701,0.176885,0.180747,0.176945,0.180687,0.180627,0.17701,0.180636,0.180757,0.176885,0.176889,0.180757,0.176889,0.180757,0.176885,0.180748,0.180697,0.180688,0.180697,0.180636,0.177006,0.180748,0.176888,0.180756,0.180748,0.176886,0.180756,0.180748,0.176888,0.180756,0.176886,0.176946,0.180628,0.176946,0.180635,0.177007,0.180628,0.177009,0.180635,0.177007,0.180628,0.180628,0.180749,0.176888,0.180755,0.180696,0.176946,0.180689,0.176948,0.180696,0.176946,0.180689,0.176948,0.180695,0.176946,0.180689,0.180628,0.177009,0.180634,0.180755,0.176886,0.180749,0.176888,0.180755,0.176886,0.180749,0.176888,0.180755,0.176886,0.180749,0.176888,0.180755,0.176886,0.180749,0.176888,0.176886,0.180749,0.176888,0.180755,0.176886,0.180749,0.176888,0.180755,0.176886,0.180749,0.176888,0.176948,0.180749,0.176946,0.18069,0.176948,0.180695,0.176946,0.156891,0.130136,0.113278,0.098761,0.086263,0.075504,0.066243,0.058273,0.051414,0.045509,0.040426,0.036053,0.032288,0.028087,0.025431,0.023145,0.021179,0.019486,0.018028,0.016774,0.015366,0.014483,0.012334,0.011603,0.011033,0.010754,0.010513,0.010242,0.010072,0.009927,0.009763,0.009472,0.009391,0.009296,0.009258,0.009189,0.009146,0.009115,0.009082,0.009074,0.009065,0.009059,0.009051,0.009046,0.009042,0.009035,0.009031,0.00903,0.009029,0.009028,0.009027,0.009026,0.009025,0.009025,0.009025,0.009024,0.009024,0.009024,0.009024,0.009024,0.009024
P45a_n,4,False,pu,_9251e76f-3237-536b-801b-a92221dc6d32,,0.029635,0.029635,0.029635,0.029635,0.029635,0.029635,0.029635,0.029635,0.029635,0.029635,0.029635,0.029635,0.029635,0.029635,0.029635,0.029635,0.029635,0.029635,0.029574,0.028404,0.028367,0.028522,0.028357,0.02834,0.028344,0.028355,0.028517,0.028513,0.028348,0.028517,0.028519,0.028517,0.028349,0.028516,0.028343,0.028513,0.028347,0.028353,0.028519,0.028517,0.028513,0.028516,0.028343,0.028349,0.028512,0.028513,0.028353,0.028347,0.02834,0.02852,0.028349,0.028516,0.028347,0.028353,0.028519,0.02852,0.028345,0.028519,0.02834,0.02852,0.028349,0.028516,0.028344,0.028347,0.028349,0.02852,0.028512,0.028348,0.028344,0.028516,0.028516,0.028344,0.028516,0.028349,0.028352,0.028512,0.028519,0.028341,0.028516,0.028349,0.028516,0.028348,0.028513,0.028352,0.028512,0.028519,0.028344,0.028516,0.028516,0.028512,0.028519,0.028348,0.028516,0.028345,0.028516,0.028344,0.028513,0.028512,0.028519,0.028341,0.028519,0.028345,0.028348,0.028516,0.028516,0.028341,0.028348,0.028519,0.028512,0.028513,0.028519,0.028341,0.028516,0.028345,0.028348,0.028513,0.028351,0.028344,0.028519,0.02852,0.028344,0.02852,0.028344,0.028519,0.028341,0.028348,0.028345,0.028348,0.028351,0.028512,0.028341,0.02852,0.028344,0.028341,0.028519,0.028344,0.028342,0.02852,0.028344,0.028519,0.028516,0.028349,0.028516,0.028351,0.028512,0.028349,0.028513,0.028351,0.028512,0.028349,0.028349,0.028342,0.02852,0.028344,0.028347,0.028516,0.028345,0.028516,0.028347,0.028516,0.028345,0.028516,0.028347,0.028516,0.028345,0.028349,0.028513,0.028351,0.028344,0.028519,0.028342,0.02852,0.028344,0.028519,0.028342,0.02852,0.028344,0.028519,0.028342,0.02852,0.028344,0.028519,0.028342,0.02852,0.028519,0.028342,0.02852,0.028344,0.028519,0.028342,0.02852,0.028344,0.028519,0.028342,0.02852,0.028516,0.028342,0.028516,0.028345,0.028516,0.028347,0.028516,0.029478,0.029791,0.029876,0.02979,0.029718,0.029761,0.029789,0.029721,0.02967,0.029705,0.029727,0.029681,0.029647,0.029643,0.029667,0.029682,0.029655,0.029635,0.029653,0.029664,0.029659,0.029644,0.029641,0.029634,0.029638,0.029634,0.029638,0.029637,0.029639,0.029637,0.029637,0.029636,0.029636,0.029636,0.029638,0.029635,0.029636,0.029635,0.02964,0.029635,0.029635,0.029631,0.029635,0.029635,0.029635,0.029636,0.02963,0.029636,0.02964,0.02963,0.02964,0.029635,0.02963,0.029635,0.029636,0.029631,0.029636,0.02964,0.029635,0.029635,0.029636
P56a_n,4,False,pu,_ad9f201a-d517-5acd-8fef-6402b5b9c56b,,0.023381,0.023381,0.023381,0.023381,0.023381,0.023381,0.023381,0.023381,0.023381,0.023381,0.023381,0.023381,0.023381,0.023381,0.023381,0.023381,0.023381,0.023381,0.023333,0.0223,0.022244,0.022367,0.02223,0.02222,0.022221,0.022223,0.022353,0.022349,0.022216,0.022352,0.022353,0.022352,0.02222,0.022351,0.022212,0.022349,0.022215,0.022223,0.022353,0.022352,0.022349,0.022351,0.022212,0.022219,0.022348,0.022349,0.022222,0.022215,0.02221,0.022354,0.022219,0.022351,0.022216,0.022222,0.022353,0.022354,0.022216,0.022353,0.02221,0.022354,0.022218,0.022351,0.022213,0.022216,0.022218,0.022354,0.022348,0.022216,0.022214,0.022351,0.022351,0.022214,0.022351,0.022218,0.022221,0.022348,0.022353,0.022211,0.022351,0.022218,0.022351,0.022217,0.022348,0.022221,0.022348,0.022353,0.022214,0.022351,0.022351,0.022348,0.022353,0.022218,0.022351,0.022215,0.022351,0.022214,0.022348,0.022348,0.022354,0.022212,0.022354,0.022215,0.022217,0.022351,0.022351,0.022212,0.022218,0.022354,0.022348,0.022348,0.022354,0.022212,0.022351,0.022215,0.022218,0.022348,0.022219,0.022214,0.022354,0.022354,0.022214,0.022354,0.022214,0.022354,0.022212,0.022217,0.022215,0.022216,0.022219,0.022348,0.022212,0.022354,0.022214,0.022213,0.022354,0.022214,0.022213,0.022354,0.022214,0.022354,0.022351,0.022218,0.022351,0.022219,0.022348,0.022218,0.022348,0.022219,0.022348,0.022218,0.022218,0.022213,0.022354,0.022213,0.022216,0.022351,0.022216,0.022351,0.022216,0.022351,0.022216,0.022351,0.022216,0.022351,0.022216,0.022218,0.022348,0.022219,0.022213,0.022354,0.022213,0.022354,0.022213,0.022354,0.022213,0.022354,0.022213,0.022354,0.022213,0.022354,0.022213,0.022354,0.022213,0.022354,0.022354,0.022213,0.022354,0.022213,0.022354,0.022213,0.022354,0.022213,0.022354,0.022213,0.022354,0.022351,0.022213,0.022351,0.022216,0.022351,0.022216,0.022351,0.023115,0.023387,0.023469,0.023417,0.023374,0.023416,0.023444,0.023401,0.023371,0.0234,0.02342,0.023391,0.023371,0.023372,0.02339,0.0234,0.023385,0.023375,0.023385,0.023392,0.023389,0.023383,0.023382,0.023382,0.023382,0.023383,0.023381,0.023381,0.023378,0.023382,0.023382,0.02338,0.02338,0.023382,0.023387,0.02338,0.023382,0.02338,0.023388,0.02338,0.02338,0.023374,0.02338,0.02338,0.02338,0.023382,0.023374,0.023382,0.023388,0.023374,0.023388,0.02338,0.023374,0.02338,0.023382,0.023374,0.023381,0.023387,0.02338,0.02338,0.023381
P610a_n,4,False,pu,_d65ac903-578e-55df-b34b-62fafe577f64,,0.015036,0.015036,0.015036,0.015036,0.015036,0.015036,0.015036,0.015036,0.015036,0.015036,0.015036,0.015036,0.015036,0.015036,0.015036,0.015036,0.015036,0.015036,0.015006,0.014284,0.014236,0.014312,0.014223,0.014217,0.014217,0.014216,0.014298,0.014295,0.01421,0.014297,0.014298,0.014296,0.014213,0.014296,0.014208,0.014295,0.01421,0.014215,0.014297,0.014296,0.014295,0.014296,0.014208,0.014213,0.014294,0.014295,0.014214,0.01421,0.014207,0.014298,0.014212,0.014296,0.01421,0.014214,0.014298,0.014298,0.01421,0.014298,0.014207,0.014298,0.014212,0.014296,0.014209,0.014211,0.014212,0.014298,0.014294,0.014211,0.014209,0.014296,0.014296,0.014209,0.014296,0.014212,0.014214,0.014294,0.014298,0.014208,0.014296,0.014212,0.014296,0.014211,0.014294,0.014213,0.014294,0.014298,0.014209,0.014296,0.014296,0.014294,0.014298,0.014212,0.014296,0.01421,0.014296,0.01421,0.014294,0.014294,0.014298,0.014208,0.014298,0.01421,0.014211,0.014296,0.014296,0.014208,0.014212,0.014298,0.014294,0.014294,0.014298,0.014208,0.014296,0.01421,0.014212,0.014294,0.014213,0.014209,0.014298,0.014298,0.014209,0.014298,0.014209,0.014298,0.014208,0.014211,0.01421,0.014211,0.014213,0.014294,0.014209,0.014298,0.014209,0.014209,0.014298,0.014209,0.014209,0.014298,0.014209,0.014298,0.014296,0.014212,0.014296,0.014212,0.014294,0.014212,0.014294,0.014212,0.014294,0.014212,0.014212,0.014209,0.014298,0.014209,0.014211,0.014296,0.01421,0.014296,0.014211,0.014296,0.01421,0.014296,0.014211,0.014296,0.014211,0.014212,0.014294,0.014212,0.014209,0.014298,0.014209,0.014298,0.014209,0.014298,0.014209,0.014298,0.014209,0.014298,0.014209,0.014298,0.014209,0.014298,0.014209,0.014298,0.014298,0.014209,0.014298,0.014209,0.014298,0.014209,0.014298,0.014209,0.014298,0.014209,0.014298,0.014296,0.014209,0.014296,0.014211,0.014296,0.01421,0.014296,0.014788,0.014975,0.015034,0.015011,0.014992,0.015022,0.015044,0.015022,0.015008,0.015028,0.015042,0.015028,0.015018,0.015021,0.015032,0.015039,0.015032,0.015028,0.015034,0.015037,0.015037,0.015034,0.015035,0.015036,0.015036,0.015037,0.015035,0.015035,0.015033,0.015036,0.015036,0.015035,0.015036,0.015036,0.01504,0.015036,0.015036,0.015036,0.015041,0.015036,0.015035,0.015031,0.015036,0.015035,0.015036,0.015036,0.015031,0.015036,0.015041,0.015031,0.015041,0.015036,0.015031,0.015036,0.015036,0.015032,0.015036,0.01504,0.015036,0.015036,0.015036
P67a_n,4,False,pu,_550c5fc9-098c-5b3c-959f-b0620e5b99e7,,0.002001,0.002001,0.002001,0.002001,0.002001,0.002001,0.002001,0.002001,0.002001,0.002001,0.002001,0.002001,0.002001,0.002001,0.002001,0.002001,0.002001,0.002001,0.001996,0.001899,0.001893,0.001906,0.001891,0.00189,0.00189,0.00189,0.001904,0.001904,0.001889,0.001904,0.001904,0.001904,0.00189,0.001904,0.001889,0.001904,0.001889,0.00189,0.001904,0.001904,0.001904,0.001904,0.001889,0.00189,0.001904,0.001904,0.00189,0.001889,0.001889,0.001904,0.00189,0.001904,0.001889,0.00189,0.001904,0.001904,0.001889,0.001904,0.001889,0.001904,0.00189,0.001904,0.001889,0.001889,0.001889,0.001904,0.001904,0.001889,0.001889,0.001904,0.001904,0.001889,0.001904,0.001889,0.00189,0.001904,0.001904,0.001889,0.001904,0.001889,0.001904,0.001889,0.001904,0.00189,0.001904,0.001904,0.001889,0.001904,0.001904,0.001904,0.001904,0.001889,0.001904,0.001889,0.001904,0.001889,0.001904,0.001904,0.001904,0.001889,0.001904,0.001889,0.001889,0.001904,0.001904,0.001889,0.001889,0.001904,0.001904,0.001904,0.001904,0.001889,0.001904,0.001889,0.001889,0.001904,0.00189,0.001889,0.001904,0.001904,0.001889,0.001904,0.001889,0.001904,0.001889,0.001889,0.001889,0.001889,0.00189,0.001904,0.001889,0.001904,0.001889,0.001889,0.001904,0.001889,0.001889,0.001904,0.001889,0.001904,0.001904,0.001889,0.001904,0.00189,0.001904,0.001889,0.001904,0.00189,0.001904,0.001889,0.001889,0.001889,0.001904,0.001889,0.001889,0.001904,0.001889,0.001904,0.001889,0.001904,0.001889,0.001904,0.001889,0.001904,0.001889,0.001889,0.001904,0.001889,0.001889,0.001904,0.001889,0.001904,0.001889,0.001904,0.001889,0.001904,0.001889,0.001904,0.001889,0.001904,0.001889,0.001904,0.001889,0.001904,0.001904,0.001889,0.001904,0.001889,0.001904,0.001889,0.001904,0.001889,0.001904,0.001889,0.001904,0.001904,0.001889,0.001904,0.001889,0.001904,0.001889,0.001904,0.00197,0.001995,0.002004,0.001998,0.001994,0.002,0.002004,0.001999,0.001996,0.002,0.002003,0.002,0.001997,0.001998,0.002,0.002002,0.002,0.001999,0.002,0.002002,0.002001,0.002,0.002001,0.002,0.002001,0.002001,0.002001,0.002001,0.002,0.002001,0.002001,0.002001,0.002001,0.002001,0.002001,0.002001,0.002001,0.002001,0.002001,0.002001,0.002001,0.002,0.002001,0.002001,0.002001,0.002001,0.002,0.002001,0.002001,0.002,0.002001,0.002001,0.002,0.002001,0.002001,0.002,0.002001,0.002001,0.002001,0.002001,0.002001
Q12a_n,5,False,pu,_27843fdd-4c6e-5abb-a9d4-24f3d946f1a1,,0.026353,0.026353,0.026353,0.026353,0.026353,0.026353,0.026353,0.026353,0.026353,0.026353,0.026353,0.026353,0.026353,0.026353,0.026353,0.026353,0.026353,0.026353,0.028775,0.174877,0.205774,0.200099,0.213919,0.21649,0.217922,0.220382,0.21267,0.213428,0.223694,0.21407,0.214265,0.214161,0.223912,0.214203,0.223916,0.214074,0.224019,0.22402,0.214311,0.214179,0.214083,0.214212,0.223926,0.223927,0.214115,0.214086,0.224024,0.224024,0.223827,0.214283,0.223927,0.21421,0.224024,0.224024,0.214309,0.214284,0.223827,0.214309,0.223827,0.214285,0.223927,0.214209,0.223927,0.224024,0.223927,0.214285,0.214112,0.224024,0.223927,0.214186,0.214208,0.223927,0.214186,0.223927,0.224024,0.214111,0.214307,0.223827,0.214187,0.223927,0.214207,0.224024,0.21409,0.224024,0.21411,0.214306,0.223927,0.214188,0.214206,0.214109,0.214306,0.223927,0.214206,0.223827,0.214205,0.223927,0.214092,0.214108,0.214305,0.223827,0.214305,0.223927,0.223927,0.214204,0.21419,0.223827,0.224024,0.214303,0.214107,0.214094,0.214303,0.223827,0.214203,0.223927,0.224024,0.214094,0.224024,0.223827,0.214303,0.214291,0.223827,0.214291,0.223827,0.214302,0.223827,0.223927,0.223927,0.223927,0.224024,0.214105,0.223827,0.214292,0.223827,0.223827,0.214301,0.223827,0.223827,0.214292,0.223827,0.214301,0.214201,0.224024,0.214201,0.224024,0.214104,0.224024,0.214096,0.224024,0.214104,0.224024,0.224024,0.223827,0.214293,0.223827,0.223927,0.214201,0.223927,0.214193,0.223927,0.2142,0.223927,0.214193,0.223927,0.2142,0.223927,0.224024,0.214097,0.224024,0.223827,0.2143,0.223827,0.214293,0.223827,0.2143,0.223827,0.214293,0.223827,0.2143,0.223827,0.214294,0.223827,0.2143,0.223827,0.214294,0.2143,0.223827,0.214294,0.223827,0.2143,0.223827,0.214294,0.223827,0.2143,0.223827,0.214294,0.214194,0.223827,0.2142,0.223927,0.214194,0.223927,0.2142,0.200565,0.168975,0.148978,0.131775,0.117214,0.104669,0.093652,0.084179,0.076222,0.069366,0.063287,0.058063,0.053725,0.048784,0.045726,0.04296,0.040586,0.038666,0.037006,0.035466,0.033811,0.032725,0.030292,0.02939,0.028678,0.028391,0.028141,0.027822,0.027585,0.027383,0.027191,0.026909,0.026812,0.026647,0.026631,0.026571,0.026474,0.026482,0.026423,0.026432,0.026421,0.026393,0.026404,0.026398,0.026393,0.02635,0.026361,0.026345,0.026361,0.026357,0.026358,0.02637,0.026354,0.026368,0.026341,0.026353,0.026341,0.026355,0.026366,0.026365,0.026342
Q23a_n,5,False,pu,_1732b6e8-3160-53e9-a59f-842b74f42405,,0.018191,0.018191,0.018191,0.018191,0.018191,0.018191,0.018191,0.018191,0.018191,0.018191,0.018191,0.018191,0.018191,0.018191,0.018191,0.018191,0.018191,0.018191,0.020618,0.165075,0.195612,0.18989,0.203662,0.206202,0.207619,0.210053,0.202317,0.203065,0.213326,0.203714,0.203896,0.203803,0.21354,0.203834,0.213544,0.203716,0.213648,0.213648,0.203943,0.20382,0.203724,0.203844,0.213555,0.213555,0.203747,0.203726,0.213652,0.213652,0.213455,0.203923,0.213555,0.203843,0.213652,0.213652,0.203942,0.203924,0.213455,0.203942,0.213455,0.203924,0.213555,0.203842,0.213555,0.213652,0.213555,0.203925,0.203745,0.213652,0.213555,0.203825,0.203841,0.213555,0.203825,0.213555,0.213652,0.203744,0.203941,0.213455,0.203826,0.213555,0.203841,0.213652,0.203729,0.213652,0.203744,0.20394,0.213555,0.203826,0.20384,0.203743,0.20394,0.213555,0.20384,0.213455,0.20384,0.213555,0.20373,0.203743,0.203939,0.213455,0.203939,0.213555,0.213555,0.203839,0.203828,0.213455,0.213652,0.203938,0.203742,0.203731,0.203938,0.213455,0.203838,0.213555,0.213652,0.203732,0.213652,0.213455,0.203938,0.203928,0.213455,0.203929,0.213455,0.203938,0.213455,0.213555,0.213555,0.213555,0.213652,0.203741,0.213455,0.203929,0.213455,0.213455,0.203937,0.213455,0.213455,0.203929,0.213455,0.203937,0.203837,0.213652,0.203837,0.213652,0.20374,0.213652,0.203733,0.213652,0.20374,0.213652,0.213652,0.213455,0.20393,0.213455,0.213555,0.203837,0.213555,0.20383,0.213555,0.203837,0.213555,0.20383,0.213555,0.203837,0.213555,0.213652,0.203733,0.213652,0.213455,0.203936,0.213455,0.20393,0.213455,0.203936,0.213455,0.20393,0.213455,0.203936,0.213455,0.20393,0.213455,0.203936,0.213455,0.20393,0.203936,0.213455,0.20393,0.213455,0.203936,0.213455,0.20393,0.213455,0.203936,0.213455,0.20393,0.203831,0.213455,0.203836,0.213555,0.203831,0.213555,0.203836,0.190434,0.159197,0.139435,0.122435,0.108027,0.095615,0.084732,0.075374,0.067498,0.06071,0.054709,0.049551,0.045253,0.040368,0.037338,0.034611,0.032271,0.030364,0.028716,0.027201,0.025565,0.024497,0.022079,0.021193,0.020495,0.020205,0.019952,0.019637,0.019409,0.019214,0.019025,0.018735,0.018639,0.018487,0.018464,0.018401,0.018315,0.018313,0.018259,0.018264,0.018253,0.01823,0.018236,0.01823,0.018225,0.018191,0.018198,0.018186,0.018198,0.018195,0.018195,0.018204,0.018192,0.018202,0.018182,0.018191,0.018182,0.018192,0.0182,0.018199,0.018183
Q28a_n,5,False,pu,_9aa80551-1b6f-57a0-a385-5cf78e8c5b7b,,0.002002,0.002002,0.002002,0.002002,0.002002,0.002002,0.002002,0.002002,0.002002,0.002002,0.002002,0.002002,0.002002,0.002002,0.002002,0.002002,0.002002,0.002002,0.002001,0.001998,0.001998,0.001999,0.001998,0.001999,0.001999,0.001998,0.001999,0.001999,0.001998,0.001996,0.001998,0.001996,0.001999,0.001998,0.001999,0.001996,0.001999,0.001999,0.001998,0.001996,0.001996,0.001998,0.001999,0.001999,0.001998,0.001996,0.001999,0.001999,0.001999,0.001996,0.001999,0.001998,0.001999,0.001999,0.001998,0.001996,0.001999,0.001998,0.001999,0.001996,0.001999,0.001998,0.001999,0.001999,0.001999,0.001996,0.001998,0.001999,0.001999,0.001996,0.001998,0.001999,0.001996,0.001999,0.001999,0.001998,0.001998,0.001999,0.001996,0.001999,0.001998,0.001999,0.001997,0.001999,0.001997,0.001997,0.001999,0.001997,0.001997,0.001997,0.001997,0.001999,0.001997,0.001999,0.001997,0.001999,0.001997,0.001997,0.001997,0.001999,0.001997,0.001999,0.001999,0.001997,0.001997,0.001999,0.001999,0.001997,0.001997,0.001997,0.001997,0.001999,0.001997,0.001999,0.001999,0.001997,0.001999,0.001999,0.001997,0.001997,0.001999,0.001997,0.001999,0.001997,0.001999,0.001999,0.001999,0.001999,0.001999,0.001997,0.001999,0.001997,0.001999,0.001999,0.001997,0.001999,0.001999,0.001997,0.001999,0.001997,0.001997,0.001999,0.001997,0.001999,0.001997,0.001999,0.001997,0.001999,0.001997,0.001999,0.001999,0.001999,0.001997,0.001999,0.001999,0.001997,0.001999,0.001997,0.001999,0.001997,0.001999,0.001997,0.001999,0.001997,0.001999,0.001999,0.001997,0.001999,0.001999,0.001997,0.001999,0.001997,0.001999,0.001997,0.001999,0.001997,0.001999,0.001997,0.001999,0.001997,0.001999,0.001997,0.001999,0.001997,0.001997,0.001999,0.001997,0.001999,0.001997,0.001999,0.001997,0.001999,0.001997,0.001999,0.001997,0.001997,0.001999,0.001997,0.001999,0.001997,0.001999,0.001997,0.002005,0.002005,0.002001,0.001999,0.002002,0.002004,0.002001,0.001999,0.002002,0.002004,0.002001,0.001999,0.002002,0.002002,0.002004,0.002001,0.002,0.002002,0.002004,0.002001,0.002001,0.002,0.002004,0.002002,0.002,0.002002,0.002003,0.002003,0.002002,0.002,0.002,0.002003,0.002003,0.002,0.002002,0.002003,0.002,0.002003,0.002002,0.002003,0.002003,0.002002,0.002003,0.002003,0.002003,0.002001,0.002002,0.002001,0.002002,0.002002,0.002002,0.002003,0.002002,0.002003,0.002001,0.002002,0.002001,0.002002,0.002003,0.002003,0.002001
Q34a_n,5,False,pu,_ceee713b-5155-57a3-a7af-70ed055874db,,0.013632,0.013632,0.013632,0.013632,0.013632,0.013632,0.013632,0.013632,0.013632,0.013632,0.013632,0.013632,0.013632,0.013632,0.013632,0.013632,0.013632,0.013632,0.013616,0.012226,0.011963,0.011946,0.011895,0.011876,0.011864,0.011843,0.011814,0.011802,0.011815,0.011778,0.011789,0.01178,0.011812,0.011787,0.011812,0.011781,0.011813,0.011812,0.011785,0.011782,0.011782,0.011784,0.011812,0.011812,0.011784,0.011783,0.011812,0.011812,0.011812,0.011783,0.011812,0.011783,0.011812,0.011812,0.011783,0.011784,0.011812,0.011783,0.011812,0.011784,0.011812,0.011783,0.011812,0.011812,0.011812,0.011784,0.011783,0.011812,0.011812,0.011784,0.011782,0.011812,0.011784,0.011812,0.011812,0.011782,0.011782,0.011812,0.011785,0.011812,0.011782,0.011812,0.011785,0.011812,0.011782,0.011782,0.011812,0.011785,0.011782,0.011782,0.011781,0.011812,0.011782,0.011812,0.011782,0.011812,0.011785,0.011782,0.011781,0.011812,0.011781,0.011812,0.011812,0.011781,0.011786,0.011812,0.011812,0.011781,0.011781,0.011786,0.011781,0.011812,0.011781,0.011812,0.011812,0.011786,0.011812,0.011812,0.011781,0.011786,0.011812,0.011786,0.011812,0.011781,0.011812,0.011812,0.011812,0.011812,0.011812,0.011781,0.011812,0.011786,0.011812,0.011812,0.01178,0.011812,0.011812,0.011786,0.011812,0.01178,0.011781,0.011812,0.011781,0.011812,0.011781,0.011812,0.011786,0.011812,0.011781,0.011812,0.011812,0.011812,0.011786,0.011812,0.011812,0.01178,0.011812,0.011786,0.011812,0.01178,0.011812,0.011786,0.011812,0.01178,0.011812,0.011812,0.011786,0.011812,0.011812,0.01178,0.011812,0.011786,0.011812,0.01178,0.011812,0.011786,0.011812,0.01178,0.011812,0.011786,0.011812,0.01178,0.011812,0.011786,0.01178,0.011812,0.011786,0.011812,0.01178,0.011812,0.011786,0.011812,0.01178,0.011812,0.011786,0.011786,0.011812,0.01178,0.011812,0.011786,0.011812,0.01178,0.012294,0.012565,0.012617,0.012673,0.012894,0.013074,0.013076,0.013087,0.01323,0.013345,0.013327,0.013319,0.013413,0.013455,0.01352,0.013494,0.013478,0.013536,0.01358,0.013556,0.01357,0.013554,0.013623,0.01361,0.013596,0.013618,0.013634,0.013635,0.013622,0.013611,0.013614,0.013638,0.013638,0.013622,0.013631,0.013637,0.013626,0.013637,0.013632,0.013636,0.013636,0.013632,0.013635,0.013635,0.013635,0.01363,0.013632,0.01363,0.013633,0.013632,0.013633,0.013634,0.013632,0.013634,0.013631,0.013632,0.013632,0.013633,0.013633,0.013633,0.013632
Q39a_n,5,False,pu,_474c5e1e-bf6a-57f6-9587-580cf6b18994,,2.6e-05,2.6e-05,2.6e-05,2.6e-05,2.6e-05,2.6e-05,2.6e-05,2.6e-05,2.6e-05,2.6e-05,2.6e-05,2.6e-05,2.6e-05,2.6e-05,2.6e-05,2.6e-05,2.6e-05,2.6e-05,0.002269,0.141136,0.170455,0.165165,0.178187,0.180621,0.181995,0.184348,0.177144,0.177855,0.187492,0.178565,0.17869,0.178646,0.187685,0.17862,0.187689,0.178548,0.1878,0.187801,0.17874,0.178659,0.178553,0.178634,0.187699,0.187699,0.17853,0.178553,0.187805,0.187805,0.187591,0.178766,0.187699,0.178636,0.187805,0.187805,0.178745,0.178766,0.18759,0.178746,0.187591,0.178765,0.187699,0.178638,0.187699,0.187805,0.187699,0.178765,0.178532,0.187805,0.187699,0.178656,0.178638,0.187699,0.178656,0.187699,0.187805,0.178533,0.178747,0.187591,0.178655,0.187699,0.178639,0.187805,0.178549,0.187805,0.178534,0.178748,0.187699,0.178655,0.17864,0.178534,0.178748,0.187699,0.17864,0.18759,0.17864,0.187699,0.178548,0.178535,0.178749,0.187591,0.178749,0.187699,0.187699,0.178641,0.178653,0.187591,0.187805,0.17875,0.178536,0.178547,0.17875,0.187591,0.178642,0.187699,0.187805,0.178547,0.187805,0.18759,0.178751,0.178761,0.18759,0.17876,0.18759,0.178751,0.187591,0.187699,0.187699,0.187699,0.187805,0.178537,0.187591,0.17876,0.18759,0.187591,0.178751,0.18759,0.187591,0.17876,0.18759,0.178751,0.178643,0.187805,0.178643,0.187805,0.178537,0.187805,0.178545,0.187805,0.178538,0.187805,0.187805,0.187591,0.178759,0.18759,0.187699,0.178644,0.187699,0.178651,0.187699,0.178644,0.187699,0.17865,0.187699,0.178644,0.187699,0.187805,0.178545,0.187805,0.18759,0.178752,0.187591,0.178759,0.18759,0.178752,0.187591,0.178759,0.18759,0.178752,0.187591,0.178759,0.18759,0.178753,0.187591,0.178759,0.178753,0.187591,0.178759,0.18759,0.178753,0.187591,0.178759,0.18759,0.178753,0.187591,0.178758,0.17865,0.187591,0.178644,0.187699,0.17865,0.187699,0.178644,0.165638,0.135564,0.116685,0.100435,0.086449,0.074411,0.06405,0.055132,0.047456,0.04085,0.035163,0.030269,0.026056,0.021355,0.018384,0.015827,0.013626,0.011732,0.010101,0.008698,0.007123,0.006135,0.00373,0.002912,0.002275,0.001961,0.001692,0.001389,0.0012,0.001036,0.000853,0.000528,0.000437,0.000331,0.000288,0.000211,0.000163,0.000128,9.1e-05,8.2e-05,7.2e-05,6.6e-05,5.7e-05,5.1e-05,4.7e-05,3.9e-05,3.4e-05,3.3e-05,3.2e-05,3.1e-05,3e-05,2.9e-05,2.8e-05,2.7e-05,2.7e-05,2.7e-05,2.7e-05,2.7e-05,2.7e-05,2.7e-05,2.7e-05
Q45a_n,5,False,pu,_9251e76f-3237-536b-801b-a92221dc6d32,,0.010452,0.010452,0.010452,0.010452,0.010452,0.010452,0.010452,0.010452,0.010452,0.010452,0.010452,0.010452,0.010452,0.010452,0.010452,0.010452,0.010452,0.010452,0.010439,0.00932,0.009107,0.009086,0.009051,0.009036,0.009027,0.009009,0.008979,0.008969,0.008987,0.00897,0.00896,0.008971,0.008984,0.008959,0.008984,0.008971,0.008984,0.008984,0.008959,0.008971,0.008971,0.008959,0.008984,0.008984,0.00896,0.008971,0.008984,0.008984,0.008984,0.00897,0.008984,0.00896,0.008984,0.008984,0.00896,0.00897,0.008984,0.00896,0.008984,0.00897,0.008984,0.00896,0.008984,0.008984,0.008984,0.008969,0.008961,0.008984,0.008984,0.008969,0.008961,0.008984,0.008969,0.008984,0.008984,0.008961,0.008961,0.008984,0.008969,0.008984,0.008961,0.008984,0.008969,0.008984,0.008961,0.008961,0.008984,0.008969,0.008961,0.008961,0.008961,0.008984,0.008961,0.008984,0.008961,0.008984,0.008969,0.008962,0.008961,0.008984,0.008961,0.008984,0.008984,0.008962,0.008968,0.008984,0.008984,0.008962,0.008962,0.008968,0.008962,0.008984,0.008962,0.008984,0.008984,0.008968,0.008984,0.008984,0.008962,0.008968,0.008984,0.008967,0.008984,0.008962,0.008984,0.008984,0.008984,0.008984,0.008984,0.008963,0.008984,0.008967,0.008984,0.008984,0.008963,0.008984,0.008984,0.008967,0.008984,0.008963,0.008963,0.008984,0.008963,0.008984,0.008963,0.008984,0.008967,0.008984,0.008963,0.008984,0.008984,0.008984,0.008967,0.008984,0.008984,0.008963,0.008984,0.008967,0.008984,0.008963,0.008984,0.008967,0.008984,0.008963,0.008984,0.008984,0.008967,0.008984,0.008984,0.008963,0.008984,0.008967,0.008984,0.008963,0.008984,0.008967,0.008984,0.008963,0.008984,0.008967,0.008984,0.008963,0.008984,0.008967,0.008963,0.008984,0.008967,0.008984,0.008963,0.008984,0.008966,0.008984,0.008963,0.008984,0.008966,0.008967,0.008984,0.008963,0.008984,0.008967,0.008984,0.008963,0.009362,0.009579,0.009628,0.00968,0.009853,0.009991,0.010001,0.010017,0.010125,0.01021,0.010204,0.010205,0.010273,0.010307,0.010352,0.01034,0.010335,0.010373,0.010401,0.01039,0.010401,0.010396,0.010435,0.010432,0.01043,0.010439,0.010444,0.010446,0.010443,0.010443,0.010445,0.010448,0.010448,0.010451,0.01045,0.010448,0.010453,0.010448,0.010451,0.010447,0.010447,0.010452,0.010447,0.010447,0.010447,0.010456,0.010452,0.010456,0.010451,0.010452,0.010451,0.010447,0.010452,0.010447,0.010456,0.010452,0.010456,0.010451,0.010447,0.010447,0.010456
Q56a_n,5,False,pu,_ad9f201a-d517-5acd-8fef-6402b5b9c56b,,0.008323,0.008323,0.008323,0.008323,0.008323,0.008323,0.008323,0.008323,0.008323,0.008323,0.008323,0.008323,0.008323,0.008323,0.008323,0.008323,0.008323,0.008323,0.008313,0.007389,0.007212,0.007191,0.007165,0.007153,0.007145,0.00713,0.007102,0.007095,0.007112,0.007104,0.007088,0.007104,0.007109,0.007088,0.00711,0.007104,0.00711,0.007109,0.007088,0.007103,0.007103,0.007089,0.00711,0.007109,0.007089,0.007102,0.007109,0.00711,0.00711,0.007102,0.007109,0.00709,0.00711,0.007109,0.00709,0.007101,0.007109,0.00709,0.00711,0.007101,0.007109,0.007091,0.00711,0.00711,0.007109,0.0071,0.007091,0.00711,0.00711,0.0071,0.007091,0.00711,0.0071,0.007109,0.007109,0.007092,0.007092,0.00711,0.0071,0.007109,0.007092,0.00711,0.0071,0.007109,0.007092,0.007092,0.00711,0.007099,0.007092,0.007093,0.007092,0.007109,0.007093,0.007109,0.007093,0.00711,0.007099,0.007093,0.007093,0.007109,0.007093,0.00711,0.007109,0.007094,0.007098,0.007109,0.00711,0.007094,0.007094,0.007098,0.007094,0.007109,0.007094,0.00711,0.00711,0.007098,0.00711,0.007109,0.007094,0.007097,0.007109,0.007097,0.007109,0.007094,0.007109,0.007109,0.007109,0.007109,0.00711,0.007095,0.007109,0.007097,0.007109,0.007109,0.007095,0.007109,0.007109,0.007097,0.007109,0.007095,0.007095,0.00711,0.007095,0.00711,0.007095,0.00711,0.007097,0.00711,0.007095,0.00711,0.00711,0.007109,0.007096,0.007109,0.007109,0.007095,0.007109,0.007096,0.007109,0.007095,0.007109,0.007096,0.007109,0.007095,0.007109,0.00711,0.007096,0.00711,0.007109,0.007095,0.007109,0.007096,0.007109,0.007095,0.007109,0.007096,0.007109,0.007095,0.007109,0.007096,0.007109,0.007095,0.007109,0.007096,0.007095,0.007109,0.007096,0.007109,0.007095,0.007109,0.007096,0.007109,0.007096,0.007109,0.007096,0.007096,0.007109,0.007096,0.007109,0.007096,0.007109,0.007096,0.007414,0.007594,0.007638,0.007686,0.007825,0.007936,0.007948,0.007966,0.008051,0.008118,0.008118,0.008123,0.008175,0.008202,0.008235,0.008231,0.008231,0.008257,0.008276,0.008273,0.008282,0.008282,0.008305,0.008307,0.00831,0.008312,0.008313,0.008314,0.008317,0.00832,0.008322,0.008316,0.008316,0.008327,0.008321,0.008316,0.008329,0.008316,0.008322,0.008316,0.008316,0.008324,0.008316,0.008316,0.008316,0.00833,0.008324,0.00833,0.008323,0.008324,0.008323,0.008316,0.008324,0.008317,0.00833,0.008324,0.00833,0.008323,0.008317,0.008317,0.008329
Q610a_n,5,False,pu,_d65ac903-578e-55df-b34b-62fafe577f64,,0.005018,0.005018,0.005018,0.005018,0.005018,0.005018,0.005018,0.005018,0.005018,0.005018,0.005018,0.005018,0.005018,0.005018,0.005018,0.005018,0.005018,0.005018,0.005012,0.004417,0.0043,0.004286,0.00427,0.004261,0.004256,0.004246,0.004228,0.004223,0.004234,0.004231,0.004219,0.00423,0.004233,0.004219,0.004233,0.00423,0.004233,0.004233,0.004219,0.00423,0.00423,0.00422,0.004233,0.004233,0.00422,0.004229,0.004233,0.004233,0.004233,0.004229,0.004233,0.004221,0.004233,0.004233,0.004221,0.004228,0.004233,0.004221,0.004233,0.004228,0.004233,0.004221,0.004233,0.004233,0.004233,0.004228,0.004222,0.004233,0.004233,0.004228,0.004222,0.004233,0.004227,0.004233,0.004233,0.004222,0.004222,0.004233,0.004227,0.004233,0.004222,0.004233,0.004227,0.004233,0.004223,0.004222,0.004233,0.004227,0.004223,0.004223,0.004223,0.004233,0.004223,0.004233,0.004223,0.004233,0.004227,0.004223,0.004223,0.004233,0.004223,0.004233,0.004233,0.004223,0.004226,0.004233,0.004233,0.004224,0.004224,0.004226,0.004224,0.004233,0.004224,0.004233,0.004233,0.004226,0.004233,0.004233,0.004224,0.004225,0.004233,0.004225,0.004233,0.004224,0.004233,0.004233,0.004233,0.004233,0.004233,0.004224,0.004233,0.004225,0.004233,0.004233,0.004224,0.004233,0.004233,0.004225,0.004233,0.004224,0.004224,0.004233,0.004224,0.004233,0.004224,0.004233,0.004225,0.004233,0.004224,0.004233,0.004233,0.004233,0.004225,0.004233,0.004233,0.004225,0.004233,0.004225,0.004233,0.004225,0.004233,0.004225,0.004233,0.004225,0.004233,0.004233,0.004225,0.004233,0.004233,0.004225,0.004233,0.004225,0.004233,0.004225,0.004233,0.004225,0.004233,0.004225,0.004233,0.004225,0.004233,0.004225,0.004233,0.004225,0.004225,0.004233,0.004225,0.004233,0.004225,0.004233,0.004225,0.004233,0.004225,0.004233,0.004225,0.004225,0.004233,0.004225,0.004233,0.004225,0.004233,0.004225,0.004414,0.00453,0.004562,0.004596,0.004686,0.004757,0.004768,0.004782,0.004836,0.004879,0.004881,0.004886,0.004919,0.004937,0.004958,0.004956,0.004957,0.004974,0.004985,0.004984,0.00499,0.004991,0.005005,0.005007,0.00501,0.00501,0.00501,0.005011,0.005014,0.005016,0.005017,0.005012,0.005012,0.005021,0.005016,0.005013,0.005022,0.005013,0.005017,0.005013,0.005013,0.005018,0.005013,0.005013,0.005013,0.005023,0.005018,0.005023,0.005017,0.005018,0.005017,0.005013,0.005018,0.005013,0.005022,0.005018,0.005022,0.005017,0.005014,0.005014,0.005022
Q67a_n,5,False,pu,_550c5fc9-098c-5b3c-959f-b0620e5b99e7,,0.001002,0.001002,0.001002,0.001002,0.001002,0.001002,0.001002,0.001002,0.001002,0.001002,0.001002,0.001002,0.001002,0.001002,0.001002,0.001002,0.001002,0.001002,0.001001,0.000884,0.00086,0.000858,0.000854,0.000853,0.000852,0.00085,0.000846,0.000846,0.000847,0.000846,0.000845,0.000846,0.000847,0.000845,0.000847,0.000846,0.000847,0.000847,0.000845,0.000846,0.000846,0.000845,0.000847,0.000847,0.000845,0.000846,0.000847,0.000847,0.000847,0.000846,0.000847,0.000845,0.000847,0.000847,0.000845,0.000846,0.000847,0.000845,0.000847,0.000846,0.000847,0.000845,0.000847,0.000847,0.000847,0.000846,0.000845,0.000847,0.000847,0.000846,0.000845,0.000847,0.000846,0.000847,0.000847,0.000845,0.000845,0.000847,0.000846,0.000847,0.000845,0.000847,0.000846,0.000847,0.000845,0.000845,0.000847,0.000846,0.000845,0.000845,0.000845,0.000847,0.000845,0.000847,0.000845,0.000847,0.000846,0.000845,0.000845,0.000847,0.000845,0.000847,0.000847,0.000845,0.000846,0.000847,0.000847,0.000845,0.000845,0.000846,0.000845,0.000847,0.000845,0.000847,0.000847,0.000846,0.000847,0.000847,0.000845,0.000846,0.000847,0.000846,0.000847,0.000845,0.000847,0.000847,0.000847,0.000847,0.000847,0.000845,0.000847,0.000846,0.000847,0.000847,0.000845,0.000847,0.000847,0.000846,0.000847,0.000845,0.000845,0.000847,0.000845,0.000847,0.000845,0.000847,0.000846,0.000847,0.000845,0.000847,0.000847,0.000847,0.000846,0.000847,0.000847,0.000845,0.000847,0.000846,0.000847,0.000845,0.000847,0.000846,0.000847,0.000845,0.000847,0.000847,0.000846,0.000847,0.000847,0.000845,0.000847,0.000846,0.000847,0.000845,0.000847,0.000846,0.000847,0.000845,0.000847,0.000846,0.000847,0.000845,0.000847,0.000846,0.000845,0.000847,0.000846,0.000847,0.000845,0.000847,0.000846,0.000847,0.000845,0.000847,0.000846,0.000846,0.000847,0.000845,0.000847,0.000846,0.000847,0.000845,0.000883,0.000906,0.000912,0.000919,0.000937,0.000951,0.000953,0.000955,0.000966,0.000975,0.000975,0.000976,0.000983,0.000986,0.000991,0.00099,0.00099,0.000993,0.000996,0.000995,0.000997,0.000996,0.001,0.001,0.001,0.001001,0.001001,0.001001,0.001001,0.001001,0.001002,0.001001,0.001001,0.001002,0.001002,0.001001,0.001003,0.001001,0.001002,0.001001,0.001001,0.001002,0.001001,0.001001,0.001001,0.001003,0.001002,0.001003,0.001002,0.001002,0.001002,0.001001,0.001002,0.001001,0.001003,0.001002,0.001003,0.001002,0.001001,0.001001,0.001003
I12A_rms,6,False,kA,_27843fdd-4c6e-5abb-a9d4-24f3d946f1a1,,0.338572,0.338571,0.338571,0.338568,0.338572,0.338571,0.338568,0.338571,0.338568,0.338568,0.338571,0.338571,0.338568,0.338571,0.338568,0.338572,0.338571,0.338568,0.338568,5.780879,5.781002,5.781043,5.781032,5.781067,5.781054,5.781086,5.781031,5.78112,5.781126,5.781135,5.781117,5.781141,5.781121,5.781064,5.781064,5.781122,5.781143,5.781065,5.781123,5.781144,5.781124,5.781066,5.781066,5.781125,5.781146,5.781125,5.781067,5.781146,5.781125,5.781067,5.781126,5.781067,5.781147,5.781067,5.781126,5.781068,5.781147,5.781126,5.781126,5.781068,5.781126,5.781068,5.781068,5.781147,5.781126,5.781068,5.781147,5.781147,5.781068,5.781147,5.781068,5.781068,5.781147,5.781126,5.781068,5.781147,5.781126,5.781126,5.781147,5.781127,5.781068,5.781148,5.781127,5.781068,5.781148,5.781127,5.781069,5.781148,5.781069,5.781148,5.781127,5.781127,5.781069,5.781148,5.781069,5.781069,5.781127,5.781148,5.781127,5.781127,5.781127,5.781069,5.781128,5.781069,5.781149,5.781128,5.781149,5.781128,5.781149,5.781128,5.781128,5.781128,5.78107,5.78107,5.781149,5.781128,5.78107,5.781149,5.781128,5.78107,5.781149,5.78107,5.781149,5.781128,5.781128,5.781128,5.78107,5.781128,5.78107,5.781149,5.781128,5.78107,5.78115,5.781129,5.781129,5.78115,5.781129,5.78107,5.78115,5.781129,5.78107,5.78115,5.78107,5.78107,5.78115,5.78115,5.781129,5.78107,5.78115,5.78115,5.78115,5.781129,5.78107,5.78115,5.781129,5.78107,5.78107,5.78115,5.781129,5.78107,5.78107,5.78115,5.781129,5.78107,5.78107,5.78115,5.781129,5.78107,5.78115,5.781129,5.781129,5.78107,5.78115,5.781129,5.781129,5.78107,5.78115,5.781129,5.781129,5.781071,5.78115,5.781129,5.781129,5.781071,5.781129,5.781129,5.781071,5.78115,5.781129,5.781129,5.781071,5.78115,5.781129,5.781129,5.781071,5.781151,5.781129,5.781071,5.781071,5.781151,5.78113,5.781071,5.781151,0.400425,0.350512,0.343127,0.343127,0.341589,0.34105,0.340707,0.340707,0.340432,0.340199,0.339997,0.339997,0.339832,0.339683,0.339553,0.339439,0.339439,0.339348,0.339263,0.339188,0.33912,0.339019,0.338972,0.338904,0.338904,0.338871,0.338849,0.338824,0.338802,0.338779,0.338752,0.338735,0.338715,0.338715,0.338698,0.338678,0.338676,0.33866,0.33866,0.338654,0.338646,0.338647,0.338642,0.338636,0.338629,0.338625,0.338622,0.338622,0.33862,0.338616,0.338615,0.338606,0.338608,0.338607,0.338604,0.338602,0.338597,0.338602,0.338595,0.338597
I23A_rms,6,False,kA,_1732b6e8-3160-53e9-a59f-842b74f42405,,0.265804,0.265803,0.265803,0.2658,0.265804,0.265803,0.2658,0.265803,0.2658,0.2658,0.265803,0.265803,0.2658,0.265803,0.2658,0.265804,0.265803,0.2658,0.2658,5.708888,5.709013,5.709054,5.709043,5.709078,5.709065,5.709097,5.709042,5.709131,5.709137,5.709146,5.709128,5.709152,5.709132,5.709074,5.709074,5.709133,5.709154,5.709075,5.709134,5.709155,5.709135,5.709077,5.709077,5.709136,5.709157,5.709136,5.709078,5.709157,5.709136,5.709078,5.709136,5.709078,5.709157,5.709078,5.709136,5.709078,5.709157,5.709136,5.709136,5.709078,5.709137,5.709078,5.709078,5.709157,5.709137,5.709079,5.709158,5.709158,5.709079,5.709158,5.709079,5.709079,5.709158,5.709137,5.709079,5.709158,5.709137,5.709137,5.709158,5.709137,5.709079,5.709158,5.709137,5.709079,5.709158,5.709137,5.709079,5.709158,5.709079,5.709158,5.709137,5.709137,5.709079,5.709158,5.709079,5.709079,5.709138,5.709159,5.709138,5.709138,5.709138,5.709079,5.709138,5.70908,5.709159,5.709138,5.709159,5.709138,5.709159,5.709138,5.709138,5.709138,5.70908,5.70908,5.709159,5.709138,5.70908,5.709159,5.709138,5.70908,5.709159,5.70908,5.709159,5.709138,5.709138,5.709139,5.70908,5.709139,5.70908,5.709159,5.709139,5.70908,5.70916,5.709139,5.709139,5.70916,5.709139,5.70908,5.70916,5.709139,5.70908,5.70916,5.70908,5.70908,5.70916,5.70916,5.709139,5.70908,5.70916,5.70916,5.70916,5.709139,5.70908,5.70916,5.709139,5.70908,5.70908,5.70916,5.709139,5.70908,5.70908,5.70916,5.709139,5.70908,5.70908,5.70916,5.709139,5.70908,5.70916,5.709139,5.709139,5.709081,5.70916,5.709139,5.709139,5.709081,5.70916,5.709139,5.709139,5.709081,5.70916,5.709139,5.709139,5.709081,5.709139,5.709139,5.709081,5.70916,5.709139,5.709139,5.709081,5.70916,5.709139,5.709139,5.709081,5.70916,5.709139,5.709081,5.709081,5.70916,5.709139,5.709081,5.70916,0.326875,0.277923,0.270528,0.270528,0.268955,0.268376,0.268005,0.268005,0.267707,0.267463,0.267249,0.267249,0.267065,0.266907,0.26677,0.266658,0.266658,0.266556,0.266468,0.26639,0.266329,0.266218,0.266179,0.266105,0.266105,0.266073,0.266051,0.266027,0.266004,0.26599,0.265956,0.265947,0.265924,0.265924,0.265907,0.265889,0.265887,0.265873,0.265873,0.265867,0.265861,0.265861,0.265857,0.265852,0.265844,0.265843,0.265839,0.265839,0.265838,0.265834,0.265834,0.265833,0.265828,0.265829,0.265826,0.265823,0.265826,0.265824,0.265824,0.26582
I28A_rms,6,False,kA,_9aa80551-1b6f-57a0-a385-5cf78e8c5b7b,,0.020512,0.020511,0.020511,0.020512,0.020512,0.020511,0.020512,0.020511,0.020512,0.020512,0.020511,0.020511,0.020512,0.020511,0.020512,0.020512,0.020511,0.020512,0.020512,0.019988,0.019985,0.019985,0.019984,0.019984,0.019984,0.019983,0.019982,0.019981,0.019981,0.01998,0.01998,0.019979,0.019979,0.019979,0.019979,0.019979,0.019978,0.019978,0.019978,0.019978,0.019978,0.019978,0.019978,0.019978,0.019977,0.019977,0.019977,0.019977,0.019977,0.019977,0.019977,0.019977,0.019977,0.019977,0.019977,0.019977,0.019977,0.019977,0.019977,0.019977,0.019977,0.019977,0.019977,0.019976,0.019977,0.019977,0.019976,0.019976,0.019976,0.019976,0.019976,0.019976,0.019976,0.019976,0.019976,0.019976,0.019976,0.019976,0.019976,0.019976,0.019976,0.019976,0.019976,0.019976,0.019976,0.019976,0.019976,0.019976,0.019976,0.019976,0.019976,0.019976,0.019976,0.019976,0.019976,0.019976,0.019976,0.019976,0.019976,0.019976,0.019976,0.019976,0.019976,0.019976,0.019976,0.019976,0.019976,0.019976,0.019976,0.019976,0.019976,0.019976,0.019976,0.019976,0.019976,0.019976,0.019976,0.019976,0.019976,0.019976,0.019976,0.019976,0.019976,0.019976,0.019976,0.019976,0.019976,0.019976,0.019976,0.019976,0.019976,0.019976,0.019976,0.019976,0.019976,0.019976,0.019976,0.019976,0.019976,0.019976,0.019976,0.019976,0.019976,0.019976,0.019976,0.019976,0.019976,0.019976,0.019976,0.019976,0.019976,0.019976,0.019976,0.019976,0.019976,0.019976,0.019976,0.019976,0.019976,0.019976,0.019976,0.019976,0.019976,0.019976,0.019976,0.019976,0.019976,0.019976,0.019976,0.019976,0.019976,0.019976,0.019976,0.019976,0.019976,0.019976,0.019976,0.019976,0.019976,0.019976,0.019976,0.019976,0.019976,0.019976,0.019976,0.019976,0.019976,0.019976,0.019976,0.019976,0.019976,0.019976,0.019976,0.019976,0.019976,0.019976,0.019976,0.019976,0.019976,0.019976,0.019976,0.019976,0.019976,0.021113,0.020619,0.020549,0.020549,0.020537,0.020534,0.020532,0.020532,0.02053,0.020529,0.020528,0.020528,0.020527,0.020526,0.020526,0.020525,0.020525,0.020524,0.020524,0.020523,0.020522,0.020521,0.020521,0.02052,0.02052,0.02052,0.02052,0.020519,0.020519,0.020519,0.020518,0.020518,0.020518,0.020518,0.020517,0.020517,0.020517,0.020517,0.020516,0.020516,0.020516,0.020516,0.020516,0.020516,0.020516,0.020515,0.020515,0.020515,0.020515,0.020515,0.020515,0.020515,0.020514,0.020514,0.020514,0.020514,0.020514,0.020514,0.020514,0.020514
I34A_rms,6,False,kA,_ceee713b-5155-57a3-a7af-70ed055874db,,0.180009,0.180013,0.180013,0.180012,0.180009,0.180013,0.180012,0.180013,0.180012,0.180012,0.180013,0.180013,0.180012,0.180013,0.180012,0.180009,0.180013,0.180012,0.180012,0.120208,0.118535,0.118207,0.118083,0.117902,0.117837,0.117738,0.117611,0.11757,0.117559,0.11755,0.117549,0.11755,0.117549,0.11755,0.11755,0.117549,0.117551,0.117551,0.11755,0.117552,0.117551,0.117553,0.117553,0.117552,0.117554,0.117552,0.117554,0.117554,0.117552,0.117554,0.117552,0.117554,0.117554,0.117555,0.117553,0.117555,0.117555,0.117553,0.117553,0.117555,0.117553,0.117555,0.117555,0.117555,0.117554,0.117556,0.117556,0.117556,0.117556,0.117556,0.117556,0.117556,0.117556,0.117554,0.117556,0.117556,0.117554,0.117554,0.117557,0.117555,0.117557,0.117557,0.117555,0.117557,0.117557,0.117555,0.117557,0.117557,0.117557,0.117558,0.117555,0.117555,0.117558,0.117558,0.117558,0.117558,0.117556,0.117558,0.117556,0.117556,0.117556,0.117559,0.117557,0.117559,0.117559,0.117557,0.117559,0.117557,0.11756,0.117557,0.117557,0.117557,0.11756,0.11756,0.11756,0.117558,0.11756,0.11756,0.117558,0.11756,0.11756,0.11756,0.11756,0.117558,0.117558,0.117558,0.11756,0.117558,0.117561,0.117561,0.117558,0.117561,0.117561,0.117558,0.117558,0.117561,0.117559,0.117561,0.117561,0.117559,0.117561,0.117561,0.117561,0.117561,0.117561,0.117561,0.117561,0.117561,0.117561,0.117561,0.117561,0.117562,0.117561,0.117561,0.117562,0.117561,0.117561,0.117561,0.117562,0.117561,0.117561,0.117561,0.117562,0.117561,0.117561,0.117561,0.117562,0.117562,0.117561,0.117562,0.117562,0.117562,0.117561,0.117562,0.117562,0.117562,0.117561,0.117562,0.117562,0.117562,0.117561,0.117562,0.117562,0.117562,0.117562,0.117562,0.117562,0.117561,0.117562,0.117562,0.117562,0.117561,0.117562,0.117562,0.117562,0.117561,0.117562,0.117562,0.117562,0.117561,0.117562,0.117562,0.117561,0.21731,0.189012,0.183969,0.183969,0.182754,0.182235,0.181882,0.181882,0.181598,0.181364,0.181165,0.181165,0.180996,0.180853,0.180732,0.180628,0.180628,0.180545,0.180471,0.180407,0.180352,0.18027,0.180236,0.180184,0.180184,0.180162,0.180142,0.180129,0.180114,0.180101,0.180083,0.180075,0.180063,0.180063,0.18005,0.180045,0.180039,0.180036,0.180032,0.180032,0.18003,0.180027,0.180028,0.180026,0.180023,0.180022,0.18002,0.18002,0.18002,0.180019,0.180018,0.180015,0.180016,0.180017,0.180012,0.180015,0.180014,0.180012,0.180014,0.180014
I39A_rms,6,False,kA,_474c5e1e-bf6a-57f6-9587-580cf6b18994,,0.042209,0.042208,0.042208,0.042209,0.042209,0.042208,0.042209,0.042208,0.042209,0.042209,0.042208,0.042208,0.042209,0.042208,0.042209,0.042209,0.042208,0.042209,0.042209,5.562201,5.562145,5.562135,5.562102,5.562099,5.56207,5.562074,5.561974,5.562029,5.562021,5.562011,5.561987,5.562003,5.561983,5.561932,5.561932,5.561981,5.562,5.56193,5.561979,5.561998,5.561978,5.561928,5.561928,5.561976,5.561996,5.561976,5.561926,5.561995,5.561976,5.561926,5.561975,5.561926,5.561995,5.561925,5.561975,5.561925,5.561994,5.561975,5.561975,5.561925,5.561975,5.561925,5.561925,5.561994,5.561975,5.561924,5.561994,5.561994,5.561924,5.561993,5.561924,5.561924,5.561993,5.561974,5.561924,5.561993,5.561974,5.561974,5.561993,5.561974,5.561924,5.561993,5.561973,5.561924,5.561992,5.561973,5.561924,5.561992,5.561924,5.561992,5.561973,5.561973,5.561924,5.561992,5.561923,5.561923,5.561973,5.561992,5.561973,5.561973,5.561973,5.561923,5.561972,5.561923,5.561991,5.561972,5.561991,5.561972,5.561991,5.561972,5.561972,5.561972,5.561922,5.561922,5.561991,5.561972,5.561922,5.56199,5.561971,5.561922,5.56199,5.561922,5.56199,5.561971,5.561971,5.561971,5.561922,5.561971,5.561922,5.56199,5.561971,5.561922,5.56199,5.561971,5.561971,5.56199,5.561971,5.561922,5.56199,5.561971,5.561922,5.56199,5.561922,5.561922,5.56199,5.56199,5.561971,5.561922,5.56199,5.56199,5.56199,5.561971,5.561921,5.561989,5.561971,5.561921,5.561921,5.561989,5.56197,5.561921,5.561921,5.561989,5.56197,5.561921,5.561921,5.561989,5.56197,5.561921,5.561989,5.56197,5.56197,5.561921,5.561989,5.56197,5.56197,5.561921,5.561989,5.56197,5.56197,5.561921,5.561989,5.56197,5.56197,5.561921,5.56197,5.56197,5.561921,5.561989,5.56197,5.56197,5.561921,5.561989,5.56197,5.56197,5.561921,5.561989,5.56197,5.561921,5.561921,5.561989,5.56197,5.561921,5.561989,0.053636,0.043752,0.042439,0.042439,0.042243,0.042213,0.042208,0.042208,0.042208,0.042208,0.042207,0.042207,0.042208,0.042208,0.042208,0.042208,0.042208,0.042208,0.042208,0.042208,0.042208,0.042208,0.042208,0.042209,0.042209,0.042208,0.042208,0.042209,0.042209,0.042208,0.042209,0.042208,0.042209,0.042209,0.042209,0.042208,0.042209,0.042208,0.042209,0.042209,0.042208,0.042209,0.042209,0.042208,0.042208,0.042209,0.042208,0.042208,0.042209,0.042208,0.042209,0.042209,0.042208,0.042209,0.042209,0.042208,0.042209,0.042209,0.042209,0.042208
I45A_rms,6,False,kA,_9251e76f-3237-536b-801b-a92221dc6d32,,0.148512,0.14851,0.14851,0.148513,0.148512,0.14851,0.148513,0.14851,0.148513,0.148513,0.14851,0.14851,0.148513,0.14851,0.148513,0.148512,0.14851,0.148513,0.148513,0.097897,0.09677,0.096586,0.096524,0.096442,0.096419,0.09639,0.096382,0.096398,0.096412,0.096435,0.096445,0.096453,0.096454,0.096453,0.096453,0.096456,0.096458,0.096458,0.096458,0.096459,0.096459,0.096457,0.096457,0.096458,0.096458,0.096458,0.096456,0.096458,0.096457,0.096455,0.096457,0.096455,0.096457,0.096454,0.096455,0.096453,0.096455,0.096455,0.096455,0.096453,0.096454,0.096452,0.096452,0.096454,0.096453,0.096452,0.096453,0.096453,0.096451,0.096453,0.09645,0.09645,0.096452,0.096452,0.09645,0.096452,0.096451,0.096451,0.096451,0.096451,0.096449,0.096451,0.09645,0.096448,0.09645,0.09645,0.096448,0.09645,0.096447,0.096449,0.096449,0.096449,0.096447,0.096449,0.096447,0.096447,0.096448,0.096448,0.096447,0.096447,0.096447,0.096445,0.096446,0.096445,0.096446,0.096446,0.096446,0.096445,0.096445,0.096445,0.096445,0.096445,0.096443,0.096443,0.096445,0.096444,0.096443,0.096444,0.096444,0.096443,0.096444,0.096443,0.096444,0.096444,0.096444,0.096443,0.096442,0.096443,0.096442,0.096443,0.096443,0.096442,0.096443,0.096443,0.096443,0.096443,0.096443,0.096441,0.096443,0.096442,0.096441,0.096443,0.096441,0.096441,0.096443,0.096443,0.096442,0.096441,0.096442,0.096442,0.096442,0.096442,0.096441,0.096442,0.096442,0.096441,0.096441,0.096442,0.096442,0.09644,0.09644,0.096442,0.096441,0.09644,0.09644,0.096442,0.096441,0.09644,0.096442,0.096441,0.096441,0.09644,0.096441,0.096441,0.096441,0.09644,0.096441,0.096441,0.096441,0.09644,0.096441,0.096441,0.096441,0.09644,0.096441,0.096441,0.09644,0.096441,0.096441,0.096441,0.09644,0.096441,0.096441,0.096441,0.09644,0.096441,0.096441,0.09644,0.09644,0.096441,0.096441,0.09644,0.096441,0.178851,0.155641,0.151415,0.151415,0.150415,0.150008,0.149744,0.149744,0.149534,0.149362,0.14922,0.14922,0.149101,0.149003,0.14892,0.148856,0.148856,0.1488,0.148753,0.148713,0.148684,0.148635,0.148615,0.148589,0.148589,0.148578,0.148571,0.148563,0.148557,0.14855,0.148544,0.148539,0.148536,0.148536,0.148533,0.148529,0.14853,0.148526,0.148527,0.148526,0.148524,0.148526,0.148524,0.148523,0.148522,0.148522,0.148521,0.148521,0.148521,0.14852,0.14852,0.14852,0.148518,0.148519,0.148518,0.148517,0.148519,0.148518,0.148518,0.148516
I56A_rms,6,False,kA,_ad9f201a-d517-5acd-8fef-6402b5b9c56b,,0.118356,0.118355,0.118355,0.118357,0.118356,0.118355,0.118357,0.118355,0.118357,0.118357,0.118355,0.118355,0.118357,0.118355,0.118357,0.118356,0.118355,0.118357,0.118357,0.077494,0.076641,0.076523,0.076489,0.076453,0.076445,0.076446,0.07648,0.076513,0.076534,0.07656,0.076568,0.076573,0.076573,0.076574,0.076574,0.076573,0.076573,0.076572,0.07657,0.07657,0.076569,0.076566,0.076566,0.076562,0.076561,0.07656,0.076557,0.076558,0.076557,0.076555,0.076555,0.076553,0.076554,0.076551,0.076551,0.076549,0.07655,0.076549,0.076549,0.076547,0.076547,0.076545,0.076545,0.076546,0.076545,0.076544,0.076545,0.076545,0.076542,0.076543,0.076541,0.076541,0.076542,0.076541,0.07654,0.07654,0.07654,0.07654,0.076539,0.076539,0.076537,0.076538,0.076537,0.076536,0.076537,0.076536,0.076535,0.076536,0.076534,0.076535,0.076535,0.076535,0.076534,0.076534,0.076533,0.076533,0.076533,0.076533,0.076532,0.076532,0.076532,0.07653,0.07653,0.07653,0.076528,0.07653,0.076528,0.076529,0.076527,0.076529,0.076528,0.076528,0.076528,0.076528,0.076526,0.076528,0.076527,0.076526,0.076527,0.076527,0.076526,0.076527,0.076526,0.076527,0.076527,0.076527,0.076526,0.076526,0.076526,0.076525,0.076526,0.076526,0.076525,0.076526,0.076526,0.076525,0.076526,0.076526,0.076524,0.076526,0.076525,0.076524,0.076525,0.076525,0.076524,0.076524,0.076525,0.076525,0.076524,0.076524,0.076524,0.076525,0.076525,0.076524,0.076525,0.076525,0.076525,0.076524,0.076525,0.076525,0.076525,0.076524,0.076525,0.076525,0.076525,0.076524,0.076525,0.076525,0.076524,0.076525,0.076525,0.076525,0.076524,0.076525,0.076525,0.076525,0.076524,0.076525,0.076525,0.076525,0.076524,0.076525,0.076525,0.076524,0.076525,0.076525,0.076524,0.076523,0.076525,0.076525,0.076524,0.076523,0.076525,0.076525,0.076524,0.076523,0.076524,0.076524,0.076524,0.076523,0.076524,0.076524,0.076523,0.142379,0.124013,0.120623,0.120623,0.119809,0.119477,0.119262,0.119262,0.119094,0.118961,0.118851,0.118851,0.118761,0.118687,0.118627,0.118578,0.118578,0.118541,0.118509,0.118483,0.118461,0.118433,0.118423,0.118408,0.118408,0.118403,0.118398,0.118396,0.118393,0.118391,0.118388,0.118387,0.118386,0.118386,0.118383,0.118384,0.118382,0.118383,0.118381,0.118382,0.118382,0.11838,0.118381,0.11838,0.118379,0.118378,0.118378,0.118378,0.118377,0.118376,0.118376,0.118373,0.118373,0.118373,0.118372,0.118371,0.118369,0.11837,0.118368,0.118368
I610A_rms,6,False,kA,_d65ac903-578e-55df-b34b-62fafe577f64,,0.076911,0.076912,0.076912,0.076912,0.076911,0.076912,0.076912,0.076912,0.076912,0.076912,0.076912,0.076912,0.076912,0.076912,0.076912,0.076911,0.076912,0.076912,0.076912,0.050201,0.049703,0.04964,0.049622,0.049605,0.049604,0.049607,0.049636,0.049659,0.049672,0.049688,0.049694,0.049695,0.049696,0.049696,0.049696,0.049696,0.049694,0.049694,0.049693,0.049691,0.049691,0.049689,0.049689,0.049685,0.049684,0.049683,0.049683,0.049683,0.049681,0.049681,0.049679,0.04968,0.049679,0.049678,0.049676,0.049677,0.049676,0.049675,0.049675,0.049675,0.049674,0.049674,0.049674,0.049674,0.049673,0.049673,0.049672,0.049672,0.049672,0.049671,0.049671,0.049671,0.04967,0.04967,0.04967,0.04967,0.049669,0.049669,0.049669,0.049668,0.049668,0.049668,0.049667,0.049667,0.049667,0.049666,0.049667,0.049667,0.049666,0.049666,0.049665,0.049665,0.049666,0.049665,0.049665,0.049665,0.049665,0.049664,0.049664,0.049664,0.049664,0.049662,0.049663,0.049662,0.049663,0.049662,0.049662,0.049662,0.049662,0.049662,0.049661,0.049661,0.04966,0.04966,0.049661,0.049661,0.04966,0.049661,0.049661,0.04966,0.049661,0.04966,0.049661,0.049661,0.049661,0.049661,0.04966,0.04966,0.04966,0.04966,0.04966,0.04966,0.04966,0.04966,0.04966,0.04966,0.04966,0.049659,0.04966,0.04966,0.049659,0.04966,0.049659,0.049659,0.04966,0.04966,0.04966,0.049659,0.04966,0.04966,0.04966,0.04966,0.049659,0.04966,0.04966,0.049659,0.049659,0.04966,0.04966,0.049659,0.049659,0.04966,0.04966,0.049659,0.049659,0.04966,0.04966,0.049659,0.04966,0.04966,0.04966,0.049659,0.04966,0.04966,0.04966,0.049659,0.04966,0.04966,0.04966,0.049659,0.04966,0.049659,0.049659,0.049659,0.049659,0.049659,0.049659,0.04966,0.049659,0.049659,0.049659,0.04966,0.049659,0.049659,0.049659,0.04966,0.049659,0.049659,0.049659,0.04966,0.049659,0.049659,0.04966,0.092412,0.080512,0.078303,0.078303,0.077783,0.077578,0.077449,0.077449,0.077348,0.077267,0.077201,0.077201,0.077148,0.077104,0.077069,0.077042,0.077042,0.077019,0.077,0.076985,0.076975,0.076958,0.076951,0.076944,0.076944,0.076941,0.076939,0.076938,0.076936,0.076934,0.076934,0.076933,0.076933,0.076933,0.076933,0.076931,0.076932,0.07693,0.076931,0.076931,0.07693,0.07693,0.07693,0.076929,0.076928,0.076928,0.076927,0.076927,0.076927,0.076926,0.076926,0.076925,0.076924,0.076924,0.076923,0.076922,0.076922,0.076922,0.076921,0.07692
I67A_rms,6,False,kA,_550c5fc9-098c-5b3c-959f-b0620e5b99e7,,0.010857,0.010857,0.010857,0.010857,0.010857,0.010857,0.010857,0.010857,0.010857,0.010857,0.010857,0.010857,0.010857,0.010857,0.010857,0.010857,0.010857,0.010857,0.010857,0.007246,0.007088,0.007064,0.007056,0.007047,0.007044,0.007042,0.007044,0.007048,0.00705,0.007054,0.007055,0.007056,0.007056,0.007056,0.007056,0.007056,0.007056,0.007056,0.007056,0.007056,0.007056,0.007056,0.007056,0.007055,0.007055,0.007055,0.007055,0.007055,0.007055,0.007055,0.007055,0.007054,0.007054,0.007054,0.007054,0.007054,0.007054,0.007054,0.007054,0.007054,0.007054,0.007053,0.007053,0.007053,0.007053,0.007053,0.007053,0.007053,0.007053,0.007053,0.007053,0.007053,0.007053,0.007053,0.007053,0.007053,0.007053,0.007053,0.007052,0.007052,0.007052,0.007052,0.007052,0.007052,0.007052,0.007052,0.007052,0.007052,0.007052,0.007052,0.007052,0.007052,0.007052,0.007052,0.007052,0.007052,0.007052,0.007052,0.007052,0.007052,0.007051,0.007051,0.007051,0.007051,0.007051,0.007051,0.007051,0.007051,0.007051,0.007051,0.007051,0.007051,0.007051,0.007051,0.007051,0.007051,0.007051,0.007051,0.007051,0.007051,0.007051,0.007051,0.007051,0.007051,0.007051,0.007051,0.007051,0.007051,0.007051,0.00705,0.007051,0.007051,0.00705,0.007051,0.00705,0.00705,0.00705,0.00705,0.00705,0.00705,0.00705,0.00705,0.00705,0.00705,0.00705,0.00705,0.00705,0.00705,0.00705,0.00705,0.00705,0.00705,0.00705,0.00705,0.00705,0.00705,0.00705,0.00705,0.00705,0.00705,0.00705,0.00705,0.00705,0.00705,0.00705,0.00705,0.00705,0.00705,0.00705,0.00705,0.00705,0.00705,0.00705,0.00705,0.00705,0.00705,0.00705,0.00705,0.00705,0.00705,0.00705,0.00705,0.00705,0.00705,0.00705,0.00705,0.00705,0.00705,0.00705,0.00705,0.00705,0.00705,0.00705,0.00705,0.00705,0.00705,0.00705,0.00705,0.00705,0.00705,0.00705,0.00705,0.00705,0.013173,0.011491,0.011182,0.011182,0.011091,0.011043,0.011008,0.011008,0.01098,0.010958,0.010939,0.010939,0.010924,0.010911,0.010901,0.010893,0.010893,0.010887,0.010881,0.010877,0.010873,0.010868,0.010867,0.010864,0.010864,0.010863,0.010863,0.010862,0.010861,0.010861,0.010861,0.010861,0.01086,0.01086,0.01086,0.01086,0.01086,0.01086,0.01086,0.01086,0.01086,0.01086,0.01086,0.01086,0.01086,0.01086,0.01086,0.01086,0.01086,0.01086,0.01086,0.01086,0.010859,0.010859,0.010859,0.010859,0.010859,0.010859,0.010859,0.010859
V1_phasor_an,8,False,rad,_2f314e3b-57eb-5d60-831d-99c69a1c0d81,,-1.57084,-1.570667,-1.570667,-1.570832,-1.57084,-1.570667,-1.570832,-1.570667,-1.570832,-1.570832,-1.570667,-1.570667,-1.570832,-1.570667,-1.570832,-1.57084,-1.570667,-1.570832,-1.570832,-1.570487,-1.57048,-1.570314,-1.570479,-1.570314,-1.570479,-1.570314,-1.570487,-1.570314,-1.570314,-1.570314,-1.57048,-1.570314,-1.57048,-1.570487,-1.570487,-1.570479,-1.570314,-1.570487,-1.570479,-1.570314,-1.57048,-1.570487,-1.570487,-1.57048,-1.570314,-1.570479,-1.570487,-1.570314,-1.570479,-1.570487,-1.57048,-1.570487,-1.570314,-1.570487,-1.570479,-1.570487,-1.570314,-1.57048,-1.57048,-1.570487,-1.57048,-1.570487,-1.570487,-1.570314,-1.570479,-1.570487,-1.570314,-1.570314,-1.570487,-1.570314,-1.570487,-1.570487,-1.570314,-1.57048,-1.570487,-1.570314,-1.57048,-1.57048,-1.570314,-1.570479,-1.570487,-1.570314,-1.570479,-1.570487,-1.570314,-1.57048,-1.570487,-1.570314,-1.570487,-1.570314,-1.57048,-1.57048,-1.570487,-1.570314,-1.570487,-1.570487,-1.570479,-1.570314,-1.570479,-1.570479,-1.57048,-1.570487,-1.570479,-1.570487,-1.570314,-1.570479,-1.570314,-1.57048,-1.570314,-1.57048,-1.57048,-1.57048,-1.570487,-1.570487,-1.570314,-1.57048,-1.570487,-1.570314,-1.570479,-1.570487,-1.570314,-1.570487,-1.570314,-1.570479,-1.570479,-1.570479,-1.570487,-1.57048,-1.570487,-1.570314,-1.57048,-1.570487,-1.570314,-1.57048,-1.57048,-1.570314,-1.57048,-1.570487,-1.570314,-1.570479,-1.570487,-1.570314,-1.570487,-1.570487,-1.570314,-1.570314,-1.570479,-1.570487,-1.570314,-1.570314,-1.570314,-1.57048,-1.570487,-1.570314,-1.57048,-1.570487,-1.570487,-1.570314,-1.57048,-1.570487,-1.570487,-1.570314,-1.57048,-1.570487,-1.570487,-1.570314,-1.57048,-1.570487,-1.570314,-1.57048,-1.57048,-1.570487,-1.570314,-1.57048,-1.57048,-1.570487,-1.570314,-1.57048,-1.57048,-1.570487,-1.570314,-1.570479,-1.570479,-1.570487,-1.570479,-1.570479,-1.570487,-1.570314,-1.570479,-1.570479,-1.570487,-1.570314,-1.570479,-1.570479,-1.570487,-1.570314,-1.570479,-1.570487,-1.570487,-1.570314,-1.570479,-1.570487,-1.570314,-1.570964,-1.57084,-1.570667,-1.570667,-1.570832,-1.57084,-1.570667,-1.570667,-1.570832,-1.57084,-1.570667,-1.570667,-1.570832,-1.57084,-1.570667,-1.570832,-1.570832,-1.57084,-1.570667,-1.570832,-1.57084,-1.570832,-1.57084,-1.570832,-1.570832,-1.57084,-1.570667,-1.570832,-1.57084,-1.570667,-1.57084,-1.570667,-1.57084,-1.57084,-1.570832,-1.570667,-1.570832,-1.570667,-1.570832,-1.57084,-1.570667,-1.570832,-1.57084,-1.570667,-1.570667,-1.57084,-1.570667,-1.570667,-1.57084,-1.570667,-1.57084,-1.570832,-1.570667,-1.57084,-1.57084,-1.570667,-1.570832,-1.57084,-1.570832,-1.570667
V1_phasor_ma,7,False,V,_2f314e3b-57eb-5d60-831d-99c69a1c0d81,,7308.183105,7308.13623,7308.13623,7307.969727,7308.183105,7308.13623,7307.969727,7308.13623,7307.969727,7307.969727,7308.13623,7308.13623,7307.969727,7308.13623,7307.969727,7308.183105,7308.13623,7307.969727,7307.969727,7303.387695,7303.174316,7303.341309,7303.174316,7303.341309,7303.174316,7303.341309,7303.387695,7303.341309,7303.341309,7303.341309,7303.174316,7303.341309,7303.174316,7303.387695,7303.387695,7303.174316,7303.341309,7303.387695,7303.174316,7303.341309,7303.174316,7303.387695,7303.387695,7303.174316,7303.341309,7303.174316,7303.387695,7303.341309,7303.174316,7303.387695,7303.174316,7303.387695,7303.341309,7303.387695,7303.174316,7303.387695,7303.341309,7303.174316,7303.174316,7303.387695,7303.174316,7303.387695,7303.387695,7303.341309,7303.174316,7303.387695,7303.341309,7303.341309,7303.387695,7303.341309,7303.387695,7303.387695,7303.341309,7303.174316,7303.387695,7303.341309,7303.174316,7303.174316,7303.341309,7303.174316,7303.387695,7303.341309,7303.174316,7303.387695,7303.341309,7303.174316,7303.387695,7303.341309,7303.387695,7303.341309,7303.174316,7303.174316,7303.387695,7303.341309,7303.387695,7303.387695,7303.174316,7303.341309,7303.174316,7303.174316,7303.174316,7303.387695,7303.174316,7303.387695,7303.341309,7303.174316,7303.341309,7303.174316,7303.341309,7303.174316,7303.174316,7303.174316,7303.387695,7303.387695,7303.341309,7303.174316,7303.387695,7303.341309,7303.174316,7303.387695,7303.341309,7303.387695,7303.341309,7303.174316,7303.174316,7303.174316,7303.387695,7303.174316,7303.387695,7303.341309,7303.174316,7303.387695,7303.341309,7303.174316,7303.174316,7303.341309,7303.174316,7303.387695,7303.341309,7303.174316,7303.387695,7303.341309,7303.387695,7303.387695,7303.341309,7303.341309,7303.174316,7303.387695,7303.341309,7303.341309,7303.341309,7303.174316,7303.387695,7303.341309,7303.174316,7303.387695,7303.387695,7303.341309,7303.174316,7303.387695,7303.387695,7303.341309,7303.174316,7303.387695,7303.387695,7303.341309,7303.174316,7303.387695,7303.341309,7303.174316,7303.174316,7303.387695,7303.341309,7303.174316,7303.174316,7303.387695,7303.341309,7303.174316,7303.174316,7303.387695,7303.341309,7303.174316,7303.174316,7303.387695,7303.174316,7303.174316,7303.387695,7303.341309,7303.174316,7303.174316,7303.387695,7303.341309,7303.174316,7303.174316,7303.387695,7303.341309,7303.174316,7303.387695,7303.387695,7303.341309,7303.174316,7303.387695,7303.341309,7307.119629,7308.17041,7308.133789,7308.133789,7307.96875,7308.182617,7308.13623,7308.13623,7307.969238,7308.182617,7308.13623,7308.13623,7307.969238,7308.182617,7308.13623,7307.969238,7307.969238,7308.183105,7308.13623,7307.969238,7308.182617,7307.969238,7308.183105,7307.969238,7307.969238,7308.183105,7308.13623,7307.969238,7308.183105,7308.13623,7308.183105,7308.13623,7308.183105,7308.183105,7307.969238,7308.13623,7307.969238,7308.13623,7307.969238,7308.183105,7308.13623,7307.969727,7308.183105,7308.13623,7308.13623,7308.183105,7308.13623,7308.13623,7308.183105,7308.13623,7308.183105,7307.969727,7308.13623,7308.183105,7308.183105,7308.13623,7307.969727,7308.183105,7307.969238,7308.13623
I2_phasor_an,14,False,rad,_38c82309-1d7f-5e7c-b41e-09c7d6d37071,,-2.111605,-2.111435,-2.111435,-2.111621,-2.111605,-2.111435,-2.111621,-2.111435,-2.111621,-2.111621,-2.111435,-2.111435,-2.111621,-2.111435,-2.111621,-2.111605,-2.111435,-2.111621,-2.111621,-2.103737,-2.103682,-2.103506,-2.103661,-2.103488,-2.103645,-2.103474,-2.103625,-2.103448,-2.103443,-2.103434,-2.103592,-2.103426,-2.103587,-2.103591,-2.103591,-2.103585,-2.103421,-2.103587,-2.103581,-2.103418,-2.10358,-2.103583,-2.103583,-2.103575,-2.103412,-2.103574,-2.103578,-2.103411,-2.103572,-2.103577,-2.103571,-2.103576,-2.103408,-2.103575,-2.103569,-2.103574,-2.103406,-2.103568,-2.103568,-2.103573,-2.103567,-2.103572,-2.103572,-2.103404,-2.103566,-2.103571,-2.103403,-2.103403,-2.10357,-2.103402,-2.103569,-2.103569,-2.103401,-2.103563,-2.103568,-2.1034,-2.103562,-2.103562,-2.103399,-2.103561,-2.103566,-2.103399,-2.10356,-2.103565,-2.103398,-2.103559,-2.103565,-2.103397,-2.103564,-2.103396,-2.103558,-2.103558,-2.103563,-2.103395,-2.103562,-2.103562,-2.103556,-2.103394,-2.103556,-2.103556,-2.103555,-2.10356,-2.103553,-2.103559,-2.103391,-2.103553,-2.10339,-2.103551,-2.103389,-2.103551,-2.10355,-2.10355,-2.103555,-2.103555,-2.103387,-2.103549,-2.103555,-2.103387,-2.103549,-2.103554,-2.103387,-2.103554,-2.103386,-2.103548,-2.103548,-2.103548,-2.103553,-2.103547,-2.103553,-2.103385,-2.103547,-2.103552,-2.103384,-2.103546,-2.103546,-2.103384,-2.103545,-2.103551,-2.103383,-2.103545,-2.10355,-2.103383,-2.10355,-2.10355,-2.103383,-2.103383,-2.103544,-2.10355,-2.103382,-2.103382,-2.103381,-2.103543,-2.103549,-2.103381,-2.103543,-2.103548,-2.103548,-2.103381,-2.103543,-2.103548,-2.103548,-2.10338,-2.103542,-2.103548,-2.103548,-2.10338,-2.103542,-2.103548,-2.10338,-2.103542,-2.103542,-2.103547,-2.103379,-2.103542,-2.103542,-2.103547,-2.103379,-2.103541,-2.103541,-2.103547,-2.103379,-2.103541,-2.103541,-2.103547,-2.103541,-2.103541,-2.103546,-2.103379,-2.103541,-2.103541,-2.103546,-2.103378,-2.10354,-2.10354,-2.103546,-2.103378,-2.10354,-2.103546,-2.103546,-2.103378,-2.10354,-2.103545,-2.103378,-2.090238,-2.113663,-2.111465,-2.111465,-2.111328,-2.111285,-2.111131,-2.111131,-2.111337,-2.111341,-2.111188,-2.111188,-2.111391,-2.11139,-2.111233,-2.111432,-2.111432,-2.111428,-2.111268,-2.111464,-2.111457,-2.111489,-2.11148,-2.111508,-2.111508,-2.111498,-2.111332,-2.111523,-2.111511,-2.111345,-2.111522,-2.111355,-2.111531,-2.111531,-2.111552,-2.11137,-2.111558,-2.111375,-2.111563,-2.111549,-2.11138,-2.111567,-2.111552,-2.111383,-2.111386,-2.111559,-2.111389,-2.111389,-2.111561,-2.111391,-2.111563,-2.11158,-2.111395,-2.111567,-2.111568,-2.111399,-2.111585,-2.11157,-2.111587,-2.111401
I2_phasor_ma,13,False,A,_38c82309-1d7f-5e7c-b41e-09c7d6d37071,,53.449139,53.448509,53.448509,53.448505,53.449139,53.448509,53.448505,53.448509,53.448505,53.448505,53.448509,53.448509,53.448505,53.448509,53.448505,53.449139,53.448509,53.448505,53.448505,52.075123,52.074722,52.074749,52.074768,52.074783,52.074802,52.074814,52.075466,52.074871,52.074886,52.074905,52.074928,52.074928,52.074944,52.07555,52.07555,52.074951,52.074944,52.075565,52.074963,52.074951,52.074966,52.075581,52.075581,52.074982,52.074974,52.074989,52.075592,52.074974,52.074993,52.075596,52.074997,52.0756,52.074986,52.075607,52.075005,52.075611,52.074993,52.075008,52.075008,52.075615,52.075012,52.075619,52.075619,52.075001,52.075016,52.075619,52.075005,52.075005,52.075626,52.075005,52.07563,52.07563,52.075008,52.075027,52.075634,52.075016,52.075031,52.075031,52.075016,52.075035,52.075638,52.07502,52.075039,52.075642,52.075024,52.075043,52.075645,52.075027,52.075649,52.075031,52.075047,52.075047,52.075649,52.075035,52.075653,52.075653,52.075054,52.075039,52.075058,52.075058,52.075062,52.075665,52.075069,52.075672,52.075054,52.075069,52.075054,52.075073,52.075058,52.075077,52.075077,52.075077,52.075684,52.075684,52.075066,52.075085,52.075687,52.075066,52.075085,52.075687,52.075069,52.075691,52.075073,52.075092,52.075092,52.075092,52.075695,52.075092,52.075695,52.075077,52.075096,52.075699,52.075081,52.075096,52.0751,52.075085,52.0751,52.075703,52.075085,52.075104,52.075703,52.075085,52.075706,52.075706,52.075089,52.075089,52.075108,52.075706,52.075089,52.075089,52.075092,52.075111,52.075718,52.075096,52.075115,52.075714,52.075714,52.075096,52.075115,52.075718,52.075718,52.075096,52.075115,52.075718,52.075718,52.0751,52.075115,52.075722,52.0751,52.075119,52.075119,52.075722,52.0751,52.075119,52.075119,52.075722,52.075104,52.075123,52.075123,52.075726,52.075104,52.075123,52.075123,52.075726,52.075123,52.075123,52.075726,52.075108,52.075127,52.075127,52.075726,52.075108,52.075127,52.075127,52.075729,52.075108,52.075127,52.075729,52.075729,52.075111,52.07513,52.075729,52.075111,54.821003,53.755165,53.496666,53.496666,53.457355,53.451878,53.450203,53.450203,53.44994,53.450447,53.449718,53.449718,53.449627,53.450184,53.449478,53.449413,53.449413,53.449989,53.449303,53.449253,53.449844,53.449131,53.449734,53.449039,53.449039,53.44965,53.448994,53.448971,53.449585,53.448933,53.449532,53.448887,53.44949,53.44949,53.448833,53.448818,53.448807,53.448792,53.448784,53.449409,53.448772,53.448761,53.44939,53.448753,53.448738,53.449364,53.448727,53.448727,53.449348,53.448715,53.449337,53.448696,53.448696,53.449322,53.44931,53.448681,53.448673,53.449306,53.448666,53.448666
I3_phasor_an,14,False,rad,_8cfa0329-80eb-5ce6-abcb-2de22c2d216c,,-1.992549,-1.992367,-1.992367,-1.992561,-1.992549,-1.992367,-1.992561,-1.992367,-1.992561,-1.992561,-1.992367,-1.992367,-1.992561,-1.992367,-1.992561,-1.992549,-1.992367,-1.992561,-1.992561,-1.958432,-1.95818,-1.958032,-1.958091,-1.957957,-1.958024,-1.957899,-1.957964,-1.957794,-1.957773,-1.957742,-1.957817,-1.957712,-1.957799,-1.957844,-1.957844,-1.957792,-1.957698,-1.957832,-1.95778,-1.957687,-1.957775,-1.957817,-1.957817,-1.957761,-1.957669,-1.957757,-1.957806,-1.957665,-1.957753,-1.957802,-1.95775,-1.957799,-1.957658,-1.957796,-1.957743,-1.957793,-1.957651,-1.95774,-1.95774,-1.95779,-1.957736,-1.957787,-1.957787,-1.957646,-1.957734,-1.957784,-1.957643,-1.957643,-1.957781,-1.95764,-1.957779,-1.957779,-1.957637,-1.957725,-1.957777,-1.957634,-1.957723,-1.957723,-1.957632,-1.95772,-1.957772,-1.95763,-1.957718,-1.95777,-1.957627,-1.957715,-1.957767,-1.957625,-1.957765,-1.957623,-1.957711,-1.957711,-1.957763,-1.957621,-1.957762,-1.957762,-1.957707,-1.957617,-1.957705,-1.957705,-1.957703,-1.957754,-1.957697,-1.957751,-1.957608,-1.957696,-1.957606,-1.957693,-1.957603,-1.957691,-1.95769,-1.95769,-1.957743,-1.957743,-1.957599,-1.957687,-1.957741,-1.957597,-1.957685,-1.95774,-1.957596,-1.957739,-1.957595,-1.957683,-1.957683,-1.957682,-1.957737,-1.95768,-1.957736,-1.957591,-1.957679,-1.957735,-1.95759,-1.957678,-1.957677,-1.957588,-1.957676,-1.957732,-1.957587,-1.957675,-1.957731,-1.957586,-1.95773,-1.95773,-1.957585,-1.957585,-1.957673,-1.957729,-1.957584,-1.957584,-1.957582,-1.957669,-1.957726,-1.957581,-1.957669,-1.957725,-1.957725,-1.95758,-1.957668,-1.957724,-1.957724,-1.957579,-1.957667,-1.957723,-1.957723,-1.957578,-1.957666,-1.957723,-1.957578,-1.957665,-1.957665,-1.957722,-1.957577,-1.957665,-1.957665,-1.957722,-1.957576,-1.957664,-1.957664,-1.957721,-1.957575,-1.957663,-1.957663,-1.95772,-1.957663,-1.957663,-1.95772,-1.957574,-1.957662,-1.957662,-1.957719,-1.957574,-1.957661,-1.957661,-1.957719,-1.957573,-1.957661,-1.957718,-1.957718,-1.957572,-1.95766,-1.957717,-1.957572,-1.902409,-2.004771,-1.993411,-1.993411,-1.9919,-1.991668,-1.991508,-1.991508,-1.991756,-1.991798,-1.991667,-1.991667,-1.991908,-1.991939,-1.991797,-1.992028,-1.992028,-1.992049,-1.991898,-1.992121,-1.992134,-1.992193,-1.992201,-1.99225,-1.99225,-1.992253,-1.992086,-1.992294,-1.992294,-1.992124,-1.992326,-1.992154,-1.992352,-1.992352,-1.992378,-1.992196,-1.992396,-1.992211,-1.99241,-1.992402,-1.992224,-1.992422,-1.992413,-1.992234,-1.992243,-1.99243,-1.99225,-1.99225,-1.992436,-1.992257,-1.992442,-1.992458,-1.992267,-1.992452,-1.992456,-1.992276,-1.992471,-1.99246,-1.992475,-1.992283
I3_phasor_ma,13,False,A,_8cfa0329-80eb-5ce6-abcb-2de22c2d216c,,46.060741,46.060112,46.060112,46.059917,46.060741,46.060112,46.059917,46.060112,46.059917,46.059917,46.060112,46.060112,46.059917,46.060112,46.059917,46.060741,46.060112,46.059917,46.059917,30.959312,30.961063,30.961546,30.96179,30.962166,30.962358,30.96265,30.963503,30.963575,30.963772,30.964062,30.964212,30.964352,30.964384,30.964636,30.964636,30.964455,30.964493,30.964764,30.964579,30.964609,30.964632,30.964922,30.964922,30.964779,30.964804,30.964823,30.965057,30.964848,30.964865,30.965097,30.964907,30.965137,30.964928,30.965176,30.964983,30.965212,30.965004,30.965019,30.965019,30.965248,30.965055,30.965282,30.965282,30.965075,30.965088,30.965317,30.965109,30.965109,30.965349,30.965143,30.96538,30.96538,30.965174,30.965185,30.96541,30.965206,30.965216,30.965216,30.965237,30.965246,30.965469,30.965265,30.965275,30.965498,30.965294,30.965303,30.965525,30.965322,30.965553,30.965349,30.965357,30.965357,30.96558,30.965376,30.965605,30.965605,30.965408,30.965427,30.965433,30.965433,30.965456,30.965698,30.965525,30.965742,30.965542,30.965544,30.965563,30.965586,30.965603,30.965605,30.965624,30.965624,30.96586,30.96586,30.965658,30.96566,30.965878,30.965677,30.965677,30.965895,30.965694,30.96591,30.965712,30.965712,30.965712,30.965727,30.965942,30.965742,30.965958,30.965759,30.965757,30.965973,30.965775,30.965773,30.965786,30.965803,30.965801,30.966015,30.965818,30.965815,30.966028,30.965832,30.966042,30.966042,30.965845,30.965845,30.965839,30.966055,30.965858,30.965858,30.965881,30.965887,30.966103,30.965904,30.965899,30.966114,30.966114,30.965916,30.96591,30.966124,30.966124,30.965927,30.965921,30.966135,30.966135,30.965939,30.965931,30.966145,30.965948,30.96594,30.96594,30.966156,30.965958,30.96595,30.96595,30.966166,30.965969,30.96596,30.96596,30.966175,30.965979,30.965971,30.965971,30.966185,30.965979,30.965979,30.966192,30.965998,30.965988,30.965988,30.966202,30.966005,30.965996,30.965996,30.966209,30.966015,30.966005,30.966219,30.966219,30.966022,30.966013,30.966227,30.96603,52.179382,47.800545,46.343346,46.343346,46.12191,46.087242,46.079632,46.079632,46.077,46.076221,46.074261,46.074261,46.072895,46.072659,46.071087,46.070045,46.070045,46.070103,46.068787,46.067974,46.068233,46.066444,46.066845,46.0653,46.0653,46.065807,46.064892,46.064438,46.065018,46.064171,46.064415,46.063618,46.063946,46.063946,46.062866,46.06284,46.06255,46.062569,46.062294,46.063042,46.062344,46.062088,46.062847,46.062164,46.062008,46.06255,46.061878,46.061878,46.062431,46.061768,46.062328,46.061447,46.061584,46.06216,46.062088,46.061436,46.061222,46.062023,46.061161,46.061314
I4_phasor_an,14,False,rad,_e9f0016a-b8b8-5c13-bdac-c25cc7e3ae32,,-2.039108,-2.03893,-2.03893,-2.039121,-2.039108,-2.03893,-2.039121,-2.03893,-2.039121,-2.039121,-2.03893,-2.03893,-2.039121,-2.03893,-2.039121,-2.039108,-2.03893,-2.039121,-2.039121,-2.006221,-2.005411,-2.005112,-2.005099,-2.004851,-2.004865,-2.004653,-2.004544,-2.004302,-2.004233,-2.004136,-2.004187,-2.004049,-2.004139,-2.00416,-2.00416,-2.00412,-2.004011,-2.004127,-2.004089,-2.003982,-2.004076,-2.00409,-2.00409,-2.004044,-2.003938,-2.004034,-2.004061,-2.003929,-2.004025,-2.004052,-2.004017,-2.004045,-2.003912,-2.004037,-2.004002,-2.00403,-2.003897,-2.003995,-2.003995,-2.004023,-2.003988,-2.004016,-2.004016,-2.003883,-2.003982,-2.00401,-2.003877,-2.003877,-2.004004,-2.003871,-2.003999,-2.003999,-2.003865,-2.003963,-2.003993,-2.003859,-2.003958,-2.003958,-2.003854,-2.003953,-2.003983,-2.003849,-2.003947,-2.003978,-2.003843,-2.003943,-2.003973,-2.003839,-2.003968,-2.003834,-2.003933,-2.003933,-2.003964,-2.003829,-2.00396,-2.00396,-2.003925,-2.003821,-2.003921,-2.003921,-2.003917,-2.003944,-2.003906,-2.003937,-2.003802,-2.003902,-2.003798,-2.003896,-2.003792,-2.003893,-2.00389,-2.00389,-2.003919,-2.003919,-2.003783,-2.003885,-2.003917,-2.003781,-2.003882,-2.003914,-2.003778,-2.003911,-2.003776,-2.003877,-2.003877,-2.003875,-2.003907,-2.003872,-2.003905,-2.003769,-2.00387,-2.003903,-2.003767,-2.003868,-2.003866,-2.003763,-2.003864,-2.003897,-2.003761,-2.003862,-2.003895,-2.003759,-2.003893,-2.003893,-2.003757,-2.003757,-2.003859,-2.003891,-2.003755,-2.003755,-2.003752,-2.003852,-2.003885,-2.003749,-2.003851,-2.003884,-2.003884,-2.003748,-2.00385,-2.003883,-2.003883,-2.003746,-2.003848,-2.003881,-2.003881,-2.003745,-2.003847,-2.00388,-2.003744,-2.003846,-2.003846,-2.003879,-2.003742,-2.003845,-2.003845,-2.003878,-2.003741,-2.003844,-2.003844,-2.003876,-2.00374,-2.003842,-2.003842,-2.003875,-2.003841,-2.003841,-2.003874,-2.003738,-2.00384,-2.00384,-2.003873,-2.003737,-2.003839,-2.003839,-2.003872,-2.003736,-2.003838,-2.003871,-2.003871,-2.003735,-2.003838,-2.003871,-2.003734,-1.955465,-2.049278,-2.039072,-2.039072,-2.037557,-2.037381,-2.037287,-2.037287,-2.037593,-2.037688,-2.037612,-2.037612,-2.037899,-2.037971,-2.037873,-2.038138,-2.038138,-2.038192,-2.038076,-2.038325,-2.038363,-2.03847,-2.038496,-2.038582,-2.038582,-2.038599,-2.038451,-2.038669,-2.03868,-2.038525,-2.038743,-2.038583,-2.038792,-2.038792,-2.038833,-2.038664,-2.038866,-2.038693,-2.038893,-2.038887,-2.038716,-2.038915,-2.038907,-2.038735,-2.03875,-2.038937,-2.038763,-2.038763,-2.038949,-2.038774,-2.038958,-2.038978,-2.038791,-2.038974,-2.038981,-2.038805,-2.038999,-2.038987,-2.039004,-2.038816
I4_phasor_ma,13,False,A,_e9f0016a-b8b8-5c13-bdac-c25cc7e3ae32,,31.699413,31.698996,31.698996,31.698917,31.699413,31.698996,31.698917,31.698996,31.698917,31.698917,31.698996,31.698996,31.698917,31.698996,31.698917,31.699413,31.698996,31.698917,31.698917,21.152697,21.154476,21.155037,21.155338,21.155788,21.15604,21.156393,21.157438,21.157568,21.157814,21.158176,21.158384,21.15852,21.158583,21.158855,21.158855,21.158661,21.158678,21.158997,21.158794,21.158802,21.158852,21.159164,21.159164,21.159,21.159,21.159044,21.159298,21.159042,21.159084,21.15934,21.159124,21.159378,21.159122,21.159414,21.159199,21.159449,21.159195,21.159233,21.159233,21.159483,21.159267,21.159517,21.159517,21.159264,21.1593,21.15955,21.159296,21.159296,21.15958,21.159327,21.159611,21.159611,21.159357,21.159391,21.159639,21.159386,21.15942,21.15942,21.159414,21.159449,21.159693,21.159441,21.159475,21.159719,21.159468,21.159502,21.159746,21.159494,21.159771,21.159519,21.15955,21.15955,21.159794,21.159542,21.159819,21.159819,21.159597,21.159588,21.159618,21.159618,21.159641,21.159903,21.1597,21.159943,21.159691,21.159719,21.15971,21.159756,21.159744,21.159773,21.159788,21.159788,21.160044,21.160044,21.159794,21.159819,21.160059,21.159809,21.159834,21.160074,21.159822,21.160088,21.159838,21.159863,21.159863,21.159876,21.160114,21.159889,21.160128,21.159876,21.159901,21.160139,21.159889,21.159912,21.159925,21.159912,21.159935,21.160173,21.159924,21.159946,21.160185,21.159933,21.160194,21.160194,21.159945,21.159945,21.159967,21.160204,21.159954,21.159954,21.159973,21.160004,21.160242,21.15999,21.160013,21.16025,21.16025,21.16,21.160021,21.160257,21.160257,21.160007,21.160028,21.160265,21.160265,21.160015,21.160036,21.160273,21.160023,21.160044,21.160044,21.16028,21.160028,21.160049,21.160049,21.160288,21.160036,21.160057,21.160057,21.160294,21.160044,21.160063,21.160063,21.160299,21.160069,21.160069,21.160307,21.160055,21.160076,21.160076,21.160313,21.160061,21.160082,21.160082,21.160318,21.160067,21.160086,21.160324,21.160324,21.160072,21.160091,21.16033,21.160078,35.741901,32.901321,31.911282,31.911282,31.753271,31.726561,31.7199,31.7199,31.717142,31.715721,31.713696,31.713696,31.712208,31.711452,31.709932,31.708876,31.708876,31.708492,31.7073,31.706528,31.7064,31.704851,31.704897,31.703636,31.703636,31.703802,31.703089,31.702742,31.702991,31.702354,31.702387,31.701803,31.701927,31.701927,31.701189,31.701061,31.700891,31.700808,31.700659,31.701086,31.700607,31.700472,31.700912,31.700447,31.700315,31.700657,31.700207,31.700207,31.700562,31.700115,31.700478,31.699936,31.699968,31.700344,31.700291,31.699858,31.699762,31.700243,31.699717,31.699768
I5_phasor_an,14,False,rad,_ebb6bf0b-3921-514a-aeb3-529a2dc7d0a5,,-1.8984,-1.898214,-1.898214,-1.898409,-1.8984,-1.898214,-1.898409,-1.898214,-1.898409,-1.898409,-1.898214,-1.898214,-1.898409,-1.898214,-1.898409,-1.8984,-1.898214,-1.898409,-1.898409,-1.872387,-1.871689,-1.871257,-1.871475,-1.871118,-1.871322,-1.871016,-1.871224,-1.870842,-1.87081,-1.870769,-1.870927,-1.870737,-1.870903,-1.870969,-1.870969,-1.870895,-1.870726,-1.87095,-1.870882,-1.870719,-1.870877,-1.870928,-1.870928,-1.870866,-1.870712,-1.870863,-1.870913,-1.87071,-1.87086,-1.870908,-1.870857,-1.870904,-1.870708,-1.8709,-1.870852,-1.870897,-1.870706,-1.87085,-1.87085,-1.870893,-1.870848,-1.87089,-1.87089,-1.870705,-1.870846,-1.870887,-1.870704,-1.870704,-1.870884,-1.870703,-1.870881,-1.870881,-1.870703,-1.870841,-1.870878,-1.870702,-1.870839,-1.870839,-1.870701,-1.870838,-1.870873,-1.870701,-1.870836,-1.870871,-1.8707,-1.870835,-1.870868,-1.870699,-1.870866,-1.870699,-1.870832,-1.870832,-1.870864,-1.870698,-1.870862,-1.870862,-1.87083,-1.870697,-1.870828,-1.870828,-1.870827,-1.870855,-1.870824,-1.870852,-1.870695,-1.870823,-1.870695,-1.870822,-1.870694,-1.870821,-1.87082,-1.87082,-1.870844,-1.870844,-1.870693,-1.870818,-1.870843,-1.870692,-1.870818,-1.870842,-1.870692,-1.870841,-1.870691,-1.870816,-1.870816,-1.870816,-1.870839,-1.870815,-1.870839,-1.87069,-1.870814,-1.870838,-1.87069,-1.870814,-1.870813,-1.870689,-1.870813,-1.870836,-1.870689,-1.870812,-1.870835,-1.870689,-1.870834,-1.870834,-1.870689,-1.870689,-1.870811,-1.870834,-1.870688,-1.870688,-1.870688,-1.87081,-1.870832,-1.870687,-1.870809,-1.870831,-1.870831,-1.870687,-1.870809,-1.870831,-1.870831,-1.870687,-1.870809,-1.870831,-1.870831,-1.870686,-1.870808,-1.87083,-1.870686,-1.870808,-1.870808,-1.87083,-1.870686,-1.870808,-1.870808,-1.870829,-1.870686,-1.870808,-1.870808,-1.870829,-1.870685,-1.870807,-1.870807,-1.870829,-1.870807,-1.870807,-1.870829,-1.870685,-1.870807,-1.870807,-1.870828,-1.870685,-1.870807,-1.870807,-1.870828,-1.870685,-1.870806,-1.870828,-1.870828,-1.870684,-1.870806,-1.870828,-1.870684,-1.827887,-1.908905,-1.899385,-1.899385,-1.897914,-1.897679,-1.897499,-1.897499,-1.897737,-1.897774,-1.897631,-1.897631,-1.897868,-1.897897,-1.897747,-1.897975,-1.897975,-1.897997,-1.89784,-1.898062,-1.898077,-1.89813,-1.89814,-1.898183,-1.898183,-1.898189,-1.898017,-1.898225,-1.898228,-1.898052,-1.898258,-1.89808,-1.898281,-1.898281,-1.898303,-1.898118,-1.898318,-1.898132,-1.898331,-1.898325,-1.898142,-1.89834,-1.898334,-1.898151,-1.898157,-1.898347,-1.898163,-1.898163,-1.898352,-1.898167,-1.898356,-1.898367,-1.898174,-1.898362,-1.898364,-1.898179,-1.898374,-1.898366,-1.898376,-1.898182
I5_phasor_ma,13,False,A,_ebb6bf0b-3921-514a-aeb3-529a2dc7d0a5,,30.158104,30.157684,30.157684,30.157444,30.158104,30.157684,30.157444,30.157684,30.157444,30.157444,30.157684,30.157684,30.157444,30.157684,30.157444,30.158104,30.157684,30.157444,30.157444,19.870989,19.876566,19.877298,19.878429,19.878931,19.879866,19.880196,19.8818,19.882515,19.882971,19.883608,19.88398,19.884157,19.884239,19.884394,19.884394,19.884333,19.88438,19.8846,19.884478,19.884544,19.884535,19.884821,19.884821,19.884668,19.884775,19.884703,19.884981,19.884821,19.884737,19.885029,19.884768,19.885071,19.884905,19.885111,19.884823,19.885149,19.884977,19.884848,19.884848,19.885187,19.884872,19.885221,19.885221,19.885046,19.884895,19.885254,19.885077,19.885077,19.885286,19.885107,19.885317,19.885317,19.885136,19.88496,19.885345,19.885162,19.884981,19.884981,19.885189,19.885,19.885401,19.885214,19.885017,19.885427,19.885239,19.885035,19.885452,19.885262,19.885477,19.885284,19.885069,19.885069,19.8855,19.885305,19.885521,19.885521,19.885101,19.885347,19.885117,19.885117,19.88513,19.885601,19.885172,19.885635,19.885435,19.885183,19.885452,19.885206,19.885481,19.885218,19.885229,19.885229,19.885725,19.885725,19.885521,19.88525,19.885738,19.885534,19.88526,19.88575,19.885546,19.885761,19.885557,19.885279,19.885279,19.885286,19.885784,19.885296,19.885796,19.885588,19.885303,19.885805,19.885597,19.885311,19.885319,19.885614,19.885326,19.885832,19.885624,19.885334,19.885839,19.885632,19.885847,19.885847,19.885639,19.885639,19.885345,19.885855,19.885647,19.885647,19.88566,19.88537,19.885881,19.885672,19.885376,19.885887,19.885887,19.885677,19.885382,19.885893,19.885893,19.885683,19.885386,19.885899,19.885899,19.885689,19.885391,19.885904,19.885695,19.885395,19.885395,19.885908,19.885698,19.885401,19.885401,19.885912,19.885702,19.885405,19.885405,19.885918,19.885708,19.885408,19.885408,19.885921,19.885412,19.885412,19.885925,19.885715,19.885416,19.885416,19.885929,19.885719,19.88542,19.88542,19.885933,19.885723,19.885424,19.885935,19.885935,19.885725,19.885427,19.885939,19.885729,34.092972,31.450607,30.393244,30.393244,30.218147,30.18787,30.180298,30.180298,30.177046,30.175585,30.173391,30.173391,30.171597,30.170876,30.169239,30.167913,30.167913,30.167604,30.166327,30.165318,30.165287,30.16346,30.16362,30.162113,30.162113,30.162409,30.161663,30.161125,30.161516,30.160854,30.160851,30.16025,30.160353,30.160353,30.15943,30.159449,30.159113,30.159184,30.158869,30.15946,30.158978,30.15868,30.159285,30.158815,30.158688,30.159037,30.158587,30.158587,30.158947,30.158503,30.158875,30.158173,30.158377,30.158762,30.158718,30.158287,30.158033,30.15868,30.157997,30.158218
I6_phasor_an,14,False,rad,_2248cb01-e4ac-573f-a813-5d675310820f,,-1.905397,-1.905211,-1.905211,-1.905406,-1.905397,-1.905211,-1.905406,-1.905211,-1.905406,-1.905406,-1.905211,-1.905211,-1.905406,-1.905211,-1.905406,-1.905397,-1.905211,-1.905406,-1.905406,-1.885685,-1.884709,-1.884259,-1.884334,-1.883955,-1.884063,-1.883735,-1.883666,-1.88337,-1.883306,-1.883224,-1.883384,-1.883166,-1.883355,-1.883335,-1.883335,-1.883346,-1.883149,-1.883322,-1.883335,-1.88314,-1.883332,-1.883314,-1.883314,-1.883327,-1.883134,-1.883327,-1.883312,-1.883134,-1.883327,-1.883312,-1.883327,-1.883312,-1.883134,-1.883313,-1.883327,-1.883313,-1.883134,-1.883328,-1.883328,-1.883314,-1.883328,-1.883314,-1.883314,-1.883135,-1.883329,-1.883315,-1.883135,-1.883135,-1.883315,-1.883136,-1.883316,-1.883316,-1.883136,-1.88333,-1.883317,-1.883137,-1.883331,-1.883331,-1.883137,-1.883331,-1.883318,-1.883137,-1.883332,-1.883318,-1.883138,-1.883332,-1.883319,-1.883138,-1.88332,-1.883139,-1.883333,-1.883333,-1.88332,-1.883139,-1.883321,-1.883321,-1.883334,-1.88314,-1.883335,-1.883335,-1.883335,-1.883323,-1.883336,-1.883323,-1.883141,-1.883337,-1.883142,-1.883337,-1.883142,-1.883338,-1.883338,-1.883338,-1.883326,-1.883326,-1.883143,-1.883339,-1.883326,-1.883144,-1.883339,-1.883326,-1.883144,-1.883327,-1.883144,-1.883339,-1.883339,-1.88334,-1.883327,-1.88334,-1.883327,-1.883145,-1.88334,-1.883328,-1.883145,-1.88334,-1.883341,-1.883145,-1.883341,-1.883328,-1.883145,-1.883341,-1.883329,-1.883146,-1.883329,-1.883329,-1.883146,-1.883146,-1.883341,-1.883329,-1.883146,-1.883146,-1.883146,-1.883342,-1.88333,-1.883147,-1.883342,-1.88333,-1.88333,-1.883147,-1.883342,-1.88333,-1.88333,-1.883147,-1.883343,-1.88333,-1.88333,-1.883147,-1.883343,-1.88333,-1.883147,-1.883343,-1.883343,-1.883331,-1.883147,-1.883343,-1.883343,-1.883331,-1.883148,-1.883343,-1.883343,-1.883331,-1.883148,-1.883343,-1.883343,-1.883331,-1.883344,-1.883344,-1.883331,-1.883148,-1.883344,-1.883344,-1.883331,-1.883148,-1.883344,-1.883344,-1.883331,-1.883148,-1.883344,-1.883332,-1.883332,-1.883148,-1.883344,-1.883332,-1.883148,-1.848175,-1.914165,-1.905932,-1.905932,-1.904551,-1.904333,-1.904179,-1.904179,-1.904444,-1.904507,-1.90439,-1.90439,-1.904651,-1.904703,-1.904574,-1.904823,-1.904823,-1.904863,-1.904723,-1.904961,-1.904991,-1.905069,-1.905091,-1.905154,-1.905154,-1.905168,-1.905004,-1.905219,-1.905228,-1.905059,-1.905274,-1.905101,-1.905309,-1.905309,-1.905337,-1.905157,-1.905359,-1.905175,-1.905375,-1.905371,-1.905189,-1.905388,-1.905382,-1.905199,-1.905207,-1.905397,-1.905212,-1.905212,-1.905401,-1.905216,-1.905404,-1.905415,-1.905221,-1.905408,-1.905409,-1.905224,-1.905419,-1.90541,-1.90542,-1.905225
I6_phasor_ma,13,False,A,_2248cb01-e4ac-573f-a813-5d675310820f,,30.684179,30.683754,30.683754,30.683517,30.684179,30.683754,30.683517,30.683752,30.683517,30.683517,30.683754,30.683752,30.683517,30.683754,30.683517,30.684181,30.683754,30.683517,30.683517,19.863804,19.871578,19.874355,19.874968,19.87711,19.877516,19.879175,19.881762,19.88274,19.883381,19.884203,19.884298,19.884789,19.884598,19.885084,19.885084,19.884689,19.88496,19.885221,19.884802,19.885046,19.884834,19.885303,19.885303,19.884878,19.885098,19.88488,19.885321,19.885099,19.884882,19.885321,19.88488,19.885317,19.885094,19.885313,19.884872,19.885307,19.885084,19.884867,19.884867,19.885303,19.884863,19.885296,19.885296,19.885073,19.884855,19.88529,19.885067,19.885067,19.885283,19.885061,19.885277,19.885277,19.885056,19.884838,19.885269,19.885048,19.884832,19.884832,19.885042,19.884827,19.885258,19.885036,19.884821,19.885252,19.885031,19.884815,19.885246,19.885025,19.885241,19.885019,19.884804,19.884804,19.885233,19.885014,19.885229,19.885229,19.884794,19.885002,19.884789,19.884789,19.884785,19.885208,19.884769,19.885199,19.884979,19.884766,19.884975,19.884758,19.884968,19.884754,19.88475,19.88475,19.885176,19.885176,19.884956,19.884745,19.88517,19.884953,19.884741,19.885168,19.884949,19.885164,19.884947,19.884733,19.884733,19.884729,19.885159,19.884727,19.885155,19.884937,19.884726,19.885153,19.884933,19.884722,19.88472,19.88493,19.884716,19.885145,19.884926,19.884714,19.885141,19.884924,19.885139,19.885139,19.884922,19.884922,19.884708,19.885138,19.88492,19.88492,19.884914,19.884701,19.885128,19.884911,19.884699,19.885126,19.885126,19.884909,19.884697,19.885124,19.885124,19.884907,19.884695,19.885122,19.885122,19.884905,19.884693,19.88512,19.884905,19.884691,19.884691,19.885118,19.884901,19.884689,19.884689,19.885117,19.884901,19.884689,19.884689,19.885117,19.884899,19.884686,19.884686,19.885115,19.884686,19.884686,19.885113,19.884897,19.884684,19.884684,19.885111,19.884893,19.884682,19.884682,19.885109,19.884893,19.884682,19.885109,19.885109,19.884892,19.88468,19.885107,19.884892,34.476501,32.043869,30.948086,30.948086,30.755789,30.720259,30.710724,30.710724,30.706383,30.704123,30.701279,30.701279,30.698961,30.697805,30.695801,30.694185,30.694185,30.693634,30.692144,30.690975,30.690811,30.688778,30.688868,30.687248,30.687248,30.687508,30.686724,30.686167,30.686543,30.685858,30.685846,30.685236,30.685343,30.685343,30.684423,30.684448,30.684122,30.684204,30.683903,30.684504,30.684023,30.683739,30.684357,30.683889,30.683792,30.684168,30.68372,30.68372,30.684111,30.683666,30.684069,30.683384,30.683603,30.684017,30.684004,30.683573,30.683334,30.683994,30.683327,30.683561
I7_phasor_an,14,False,rad,_f6849451-1b54-5b7c-bc67-4c766345b423,,-2.048034,-2.047856,-2.047856,-2.048048,-2.048034,-2.047857,-2.048048,-2.047857,-2.048048,-2.048048,-2.047857,-2.047857,-2.048048,-2.047857,-2.048048,-2.048034,-2.047857,-2.048048,-2.048048,-2.029008,-2.026557,-2.02573,-2.025605,-2.024962,-2.024909,-2.0244,-2.02395,-2.02346,-2.023295,-2.023083,-2.023146,-2.022933,-2.023071,-2.023087,-2.023087,-2.023048,-2.022889,-2.023052,-2.02302,-2.022866,-2.023012,-2.023031,-2.023031,-2.023002,-2.022851,-2.023001,-2.023026,-2.022851,-2.023001,-2.023026,-2.023002,-2.023026,-2.022851,-2.023028,-2.023004,-2.023029,-2.022853,-2.023005,-2.023005,-2.02303,-2.023007,-2.023032,-2.023032,-2.022855,-2.023008,-2.023033,-2.022856,-2.022856,-2.023035,-2.022858,-2.023036,-2.023036,-2.022859,-2.023013,-2.023038,-2.02286,-2.023015,-2.023015,-2.022862,-2.023016,-2.023041,-2.022863,-2.023018,-2.023043,-2.022864,-2.02302,-2.023044,-2.022866,-2.023046,-2.022867,-2.023022,-2.023022,-2.023047,-2.022868,-2.023048,-2.023048,-2.023025,-2.02287,-2.023026,-2.023026,-2.023028,-2.023053,-2.023031,-2.023056,-2.022875,-2.023033,-2.022876,-2.023035,-2.022878,-2.023036,-2.023037,-2.023037,-2.023062,-2.023062,-2.02288,-2.023039,-2.023063,-2.022881,-2.023039,-2.023063,-2.022882,-2.023064,-2.022882,-2.023041,-2.023041,-2.023042,-2.023066,-2.023043,-2.023067,-2.022885,-2.023043,-2.023067,-2.022885,-2.023044,-2.023045,-2.022886,-2.023046,-2.023069,-2.022887,-2.023046,-2.02307,-2.022887,-2.02307,-2.02307,-2.022888,-2.022888,-2.023047,-2.023071,-2.022889,-2.022889,-2.02289,-2.02305,-2.023073,-2.02289,-2.02305,-2.023073,-2.023073,-2.022891,-2.023051,-2.023074,-2.023074,-2.022891,-2.023051,-2.023074,-2.023074,-2.022892,-2.023052,-2.023075,-2.022892,-2.023052,-2.023052,-2.023075,-2.022892,-2.023053,-2.023053,-2.023076,-2.022893,-2.023053,-2.023053,-2.023076,-2.022893,-2.023054,-2.023054,-2.023077,-2.023054,-2.023054,-2.023077,-2.022894,-2.023054,-2.023054,-2.023077,-2.022894,-2.023055,-2.023055,-2.023077,-2.022895,-2.023055,-2.023078,-2.023078,-2.022895,-2.023055,-2.023078,-2.022895,-1.987048,-2.054173,-2.04623,-2.04623,-2.04501,-2.044971,-2.044999,-2.044999,-2.045423,-2.045629,-2.045656,-2.045656,-2.046037,-2.046197,-2.04618,-2.04652,-2.04652,-2.046641,-2.046588,-2.046895,-2.046985,-2.047183,-2.04725,-2.047405,-2.047405,-2.047452,-2.047331,-2.047574,-2.047606,-2.047472,-2.047724,-2.047579,-2.047813,-2.047813,-2.047874,-2.047722,-2.04793,-2.047768,-2.047971,-2.047969,-2.047802,-2.048003,-2.047997,-2.047828,-2.047847,-2.048034,-2.047861,-2.047861,-2.048045,-2.047871,-2.048054,-2.048072,-2.047884,-2.048064,-2.048066,-2.04789,-2.048081,-2.048068,-2.048083,-2.047892
I7_phasor_ma,13,False,A,_f6849451-1b54-5b7c-bc67-4c766345b423,,10.856037,10.855896,10.855896,10.855873,10.856037,10.855896,10.855873,10.855896,10.855873,10.855873,10.855896,10.855896,10.855873,10.855896,10.855873,10.856037,10.855896,10.855873,10.855873,7.051336,7.053115,7.053781,7.05396,7.054487,7.054615,7.055031,7.055806,7.055993,7.056169,7.056396,7.056444,7.056557,7.056527,7.056704,7.056704,7.056552,7.056604,7.05674,7.056582,7.056627,7.056591,7.056761,7.056761,7.056602,7.056639,7.056603,7.056764,7.056639,7.056603,7.056763,7.056602,7.056762,7.056637,7.05676,7.0566,7.056758,7.056633,7.056598,7.056598,7.056756,7.056597,7.056754,7.056754,7.05663,7.056595,7.056752,7.056628,7.056628,7.056749,7.056625,7.056747,7.056747,7.056623,7.05659,7.056745,7.056621,7.056588,7.056588,7.056619,7.056586,7.056741,7.056617,7.056584,7.056738,7.056615,7.056582,7.056736,7.056613,7.056735,7.056612,7.056579,7.056579,7.056733,7.05661,7.056731,7.056731,7.056575,7.056606,7.056574,7.056574,7.056573,7.056724,7.056569,7.056721,7.056599,7.056568,7.056597,7.056565,7.056595,7.056563,7.056562,7.056562,7.056713,7.056713,7.056591,7.056561,7.056712,7.05659,7.05656,7.05671,7.056589,7.056709,7.056588,7.056558,7.056558,7.056557,7.056707,7.056556,7.056706,7.056585,7.056555,7.056705,7.056584,7.056554,7.056553,7.056582,7.056552,7.056703,7.056581,7.056551,7.056702,7.056581,7.056701,7.056701,7.05658,7.05658,7.05655,7.0567,7.056579,7.056579,7.056578,7.056548,7.056697,7.056577,7.056547,7.056696,7.056696,7.056576,7.056546,7.056696,7.056696,7.056575,7.056546,7.056695,7.056695,7.056574,7.056545,7.056695,7.056574,7.056545,7.056545,7.056694,7.056573,7.056544,7.056544,7.056694,7.056573,7.056544,7.056544,7.056693,7.056572,7.056543,7.056543,7.056693,7.056542,7.056542,7.056692,7.056571,7.056542,7.056542,7.056692,7.056571,7.056542,7.056542,7.056691,7.056571,7.056541,7.056691,7.056691,7.05657,7.056541,7.05669,7.05657,12.162535,11.295169,10.94276,10.94276,10.880648,10.868777,10.865368,10.865368,10.863753,10.862763,10.861678,10.861678,10.860858,10.860341,10.859621,10.859102,10.859102,10.858841,10.858335,10.857999,10.857893,10.857293,10.857282,10.856833,10.856833,10.85688,10.856638,10.856525,10.856611,10.856401,10.856428,10.856239,10.8563,10.8563,10.856072,10.856046,10.856001,10.855988,10.855948,10.856099,10.855947,10.855911,10.856066,10.855916,10.855894,10.856024,10.855878,10.855878,10.856011,10.855866,10.856002,10.855832,10.855852,10.85599,10.855988,10.855845,10.855822,10.855986,10.855821,10.855844
I8_phasor_an,14,False,rad,_7ee8d88c-1a83-5ce2-8056-333aa196ba71,,-2.035029,-2.034851,-2.034851,-2.035043,-2.035029,-2.034851,-2.035043,-2.034851,-2.035043,-2.035043,-2.034851,-2.034851,-2.035043,-2.034851,-2.035043,-2.035029,-2.034851,-2.035043,-2.035043,-2.028031,-2.02799,-2.027811,-2.027975,-2.027798,-2.027964,-2.027788,-2.027951,-2.027769,-2.027765,-2.027759,-2.027925,-2.027752,-2.027921,-2.027927,-2.027927,-2.02792,-2.027749,-2.027924,-2.027917,-2.027746,-2.027916,-2.02792,-2.02792,-2.027912,-2.027742,-2.027911,-2.027916,-2.027741,-2.02791,-2.027915,-2.027909,-2.027915,-2.027739,-2.027914,-2.027907,-2.027913,-2.027737,-2.027906,-2.027906,-2.027912,-2.027905,-2.027911,-2.027911,-2.027735,-2.027905,-2.02791,-2.027735,-2.027735,-2.027909,-2.027734,-2.027909,-2.027909,-2.027733,-2.027902,-2.027908,-2.027732,-2.027902,-2.027902,-2.027732,-2.027901,-2.027906,-2.027731,-2.0279,-2.027906,-2.02773,-2.0279,-2.027905,-2.02773,-2.027905,-2.027729,-2.027899,-2.027899,-2.027904,-2.027729,-2.027903,-2.027903,-2.027897,-2.027727,-2.027897,-2.027897,-2.027896,-2.027901,-2.027895,-2.0279,-2.027725,-2.027894,-2.027724,-2.027894,-2.027724,-2.027893,-2.027893,-2.027893,-2.027898,-2.027898,-2.027722,-2.027892,-2.027897,-2.027722,-2.027891,-2.027897,-2.027721,-2.027896,-2.027721,-2.027891,-2.027891,-2.02789,-2.027896,-2.02789,-2.027895,-2.02772,-2.02789,-2.027895,-2.02772,-2.027889,-2.027889,-2.027719,-2.027889,-2.027894,-2.027719,-2.027889,-2.027894,-2.027719,-2.027894,-2.027894,-2.027718,-2.027718,-2.027888,-2.027893,-2.027718,-2.027718,-2.027718,-2.027887,-2.027892,-2.027717,-2.027887,-2.027892,-2.027892,-2.027717,-2.027886,-2.027892,-2.027892,-2.027716,-2.027886,-2.027892,-2.027892,-2.027716,-2.027886,-2.027891,-2.027716,-2.027886,-2.027886,-2.027891,-2.027716,-2.027886,-2.027886,-2.027891,-2.027716,-2.027885,-2.027885,-2.027891,-2.027715,-2.027885,-2.027885,-2.02789,-2.027885,-2.027885,-2.02789,-2.027715,-2.027885,-2.027885,-2.02789,-2.027715,-2.027885,-2.027885,-2.02789,-2.027715,-2.027884,-2.02789,-2.02789,-2.027714,-2.027884,-2.02789,-2.027714,-2.013273,-2.037238,-2.034957,-2.034957,-2.034845,-2.0348,-2.03463,-2.03463,-2.034836,-2.034836,-2.034671,-2.034671,-2.034874,-2.034871,-2.034703,-2.034904,-2.034904,-2.034898,-2.034728,-2.034926,-2.034919,-2.034944,-2.034935,-2.034958,-2.034958,-2.034948,-2.034773,-2.034969,-2.034958,-2.034783,-2.034966,-2.03479,-2.034972,-2.034972,-2.03499,-2.034801,-2.034994,-2.034805,-2.034998,-2.034985,-2.034808,-2.035001,-2.034988,-2.034811,-2.034813,-2.034993,-2.034815,-2.034815,-2.034994,-2.034817,-2.034996,-2.035011,-2.03482,-2.034999,-2.035,-2.034822,-2.035015,-2.035002,-2.035016,-2.034825
I8_phasor_ma,13,False,A,_7ee8d88c-1a83-5ce2-8056-333aa196ba71,,20.509539,20.509268,20.509268,20.509214,20.509539,20.509268,20.509214,20.509268,20.509214,20.509214,20.509268,20.509268,20.509214,20.509268,20.509214,20.509539,20.509268,20.509214,20.509214,19.973118,19.972944,19.973022,19.972982,19.973055,19.973015,19.973082,19.973377,19.973131,19.973143,19.973162,19.973124,19.973181,19.973135,19.973448,19.973448,19.973141,19.97319,19.973457,19.973148,19.9732,19.973154,19.973469,19.973469,19.973166,19.973215,19.973169,19.97348,19.973217,19.973173,19.973482,19.973175,19.973486,19.973225,19.973488,19.973183,19.973492,19.97323,19.973185,19.973185,19.973495,19.973188,19.973497,19.973497,19.973236,19.97319,19.973501,19.973238,19.973238,19.973503,19.973242,19.973505,19.973505,19.973244,19.9732,19.973509,19.973248,19.973202,19.973202,19.973249,19.973204,19.973513,19.973251,19.973206,19.973516,19.973253,19.973209,19.973518,19.973255,19.97352,19.973257,19.973213,19.973213,19.973522,19.973261,19.973524,19.973524,19.973217,19.973265,19.973219,19.973219,19.973221,19.973532,19.973227,19.973536,19.973274,19.973228,19.973276,19.973232,19.973278,19.973234,19.973236,19.973236,19.973545,19.973545,19.973284,19.973238,19.973547,19.973286,19.97324,19.973549,19.973288,19.973551,19.973288,19.973244,19.973244,19.973244,19.973553,19.973246,19.973553,19.973291,19.973248,19.973555,19.973293,19.973248,19.973249,19.973295,19.973251,19.973558,19.973297,19.973251,19.97356,19.973297,19.97356,19.97356,19.973299,19.973299,19.973253,19.973562,19.973301,19.973301,19.973301,19.973259,19.973566,19.973305,19.973259,19.973566,19.973566,19.973305,19.973261,19.973568,19.973568,19.973307,19.973261,19.973568,19.973568,19.973307,19.973261,19.97357,19.973307,19.973263,19.973263,19.97357,19.973309,19.973263,19.973263,19.973572,19.973309,19.973265,19.973265,19.973572,19.97331,19.973265,19.973265,19.973572,19.973267,19.973267,19.973574,19.97331,19.973267,19.973267,19.973574,19.973312,19.973267,19.973267,19.973576,19.973312,19.973269,19.973576,19.973576,19.973314,19.973269,19.973576,19.973314,21.044582,20.636835,20.529514,20.529514,20.513176,20.510946,20.510223,20.510223,20.510046,20.510303,20.509979,20.509979,20.509876,20.510157,20.509846,20.509756,20.509756,20.510046,20.509747,20.509665,20.509964,20.509596,20.509899,20.509541,20.509541,20.50985,20.509565,20.509499,20.509811,20.509529,20.509781,20.509502,20.509756,20.509756,20.509418,20.50946,20.509401,20.509445,20.509388,20.509706,20.509432,20.509375,20.509695,20.509422,20.509413,20.509678,20.509405,20.509405,20.50967,20.509398,20.509665,20.509336,20.509386,20.509653,20.509647,20.509377,20.509321,20.509644,20.509315,20.509367
I9_phasor_an,14,False,rad,_26a560cd-5d87-5dd7-b588-cb2d8efa50ce,,-1.577307,-1.577132,-1.577132,-1.577299,-1.577307,-1.577132,-1.577299,-1.577132,-1.577299,-1.577299,-1.577132,-1.577132,-1.577299,-1.577132,-1.577299,-1.577307,-1.577132,-1.577299,-1.577299,-2.087866,-2.123369,-1.992371,-2.123189,-1.99262,-2.123008,-1.992867,-2.0875,-1.9936,-1.993841,-1.994321,-2.121556,-1.995033,-2.121196,-2.086979,-2.086979,-2.121017,-1.995504,-2.086849,-2.120661,-1.995972,-2.120484,-2.086657,-2.086657,-2.119956,-1.996898,-2.119781,-2.086466,-1.997127,-2.119606,-2.086403,-2.119433,-2.08634,-1.997584,-2.086277,-2.119087,-2.086215,-1.998038,-2.118915,-2.118915,-2.086152,-2.118743,-2.08609,-2.08609,-1.998489,-2.118572,-2.086028,-1.998714,-1.998714,-2.085966,-1.998937,-2.085905,-2.085905,-1.999161,-2.118063,-2.085844,-1.999383,-2.117895,-2.117895,-1.999604,-2.117727,-2.085721,-1.999825,-2.117559,-2.085661,-2.000045,-2.117392,-2.0856,-2.000265,-2.08554,-2.000484,-2.11706,-2.11706,-2.08548,-2.000701,-2.08542,-2.08542,-2.11673,-2.001135,-2.116566,-2.116566,-2.116402,-2.085182,-2.115915,-2.085064,-2.002208,-2.115754,-2.00242,-2.115433,-2.002843,-2.115273,-2.115113,-2.115113,-2.084716,-2.084716,-2.003472,-2.114797,-2.084658,-2.00368,-2.114639,-2.084601,-2.003888,-2.084544,-2.004095,-2.114325,-2.114325,-2.114169,-2.084431,-2.114013,-2.084374,-2.004712,-2.113858,-2.084318,-2.004916,-2.113704,-2.11355,-2.005323,-2.113397,-2.08415,-2.005525,-2.113244,-2.084095,-2.005727,-2.084039,-2.084039,-2.005928,-2.005928,-2.112939,-2.083984,-2.006129,-2.006129,-2.006527,-2.112336,-2.083766,-2.006923,-2.112187,-2.083711,-2.083711,-2.007121,-2.112038,-2.083657,-2.083657,-2.007317,-2.11189,-2.083603,-2.083603,-2.007513,-2.111742,-2.083549,-2.007708,-2.111594,-2.111594,-2.083496,-2.007903,-2.111447,-2.111447,-2.083443,-2.008097,-2.111301,-2.111301,-2.08339,-2.00829,-2.111155,-2.111155,-2.083336,-2.11101,-2.11101,-2.083284,-2.008675,-2.110865,-2.110865,-2.083231,-2.008867,-2.11072,-2.11072,-2.083179,-2.009057,-2.110576,-2.083126,-2.083126,-2.009248,-2.110433,-2.083074,-2.009437,-1.597331,-1.58839,-1.578925,-1.578925,-1.577553,-1.577352,-1.577145,-1.577145,-1.577306,-1.577312,-1.577138,-1.577138,-1.577304,-1.577311,-1.577137,-1.577303,-1.577303,-1.577311,-1.577136,-1.577303,-1.57731,-1.577302,-1.577309,-1.577301,-1.577301,-1.577309,-1.577134,-1.577301,-1.577308,-1.577134,-1.577308,-1.577134,-1.577308,-1.577308,-1.5773,-1.577133,-1.5773,-1.577133,-1.5773,-1.577307,-1.577133,-1.5773,-1.577307,-1.577133,-1.577133,-1.577307,-1.577133,-1.577133,-1.577307,-1.577133,-1.577307,-1.577299,-1.577133,-1.577307,-1.577307,-1.577133,-1.577299,-1.577307,-1.577299,-1.577133
I9_phasor_ma,13,False,A,_26a560cd-5d87-5dd7-b588-cb2d8efa50ce,,42.204685,42.204407,42.204407,42.203457,42.204685,42.204407,42.203453,42.204407,42.203453,42.203453,42.204407,42.204407,42.203457,42.204407,42.203453,42.204685,42.204407,42.203453,42.203453,4.63413,4.648199,4.613262,4.648131,4.613305,4.648063,4.613348,4.634102,4.613481,4.613524,4.613613,4.647539,4.613746,4.647412,4.633991,4.633991,4.647348,4.613834,4.633964,4.647223,4.613922,4.64716,4.633924,4.633924,4.646974,4.614097,4.646912,4.633884,4.614141,4.646851,4.633871,4.64679,4.633858,4.614228,4.633845,4.646668,4.633832,4.614315,4.646608,4.646608,4.633819,4.646548,4.633806,4.633806,4.614401,4.646488,4.633794,4.614444,4.614444,4.633781,4.614487,4.633768,4.633768,4.61453,4.64631,4.633756,4.614572,4.646251,4.646251,4.614615,4.646192,4.63373,4.614657,4.646134,4.633718,4.6147,4.646076,4.633705,4.614742,4.633693,4.614785,4.64596,4.64596,4.63368,4.614827,4.633668,4.633668,4.645844,4.614911,4.645788,4.645788,4.64573,4.633619,4.645561,4.633595,4.61512,4.645505,4.615161,4.645394,4.615244,4.645339,4.645283,4.645283,4.633523,4.633523,4.615367,4.645174,4.633512,4.615408,4.645119,4.6335,4.615449,4.633489,4.61549,4.64501,4.64501,4.644957,4.633465,4.644903,4.633454,4.615612,4.644849,4.633442,4.615653,4.644796,4.644743,4.615733,4.644691,4.633408,4.615774,4.644638,4.633397,4.615814,4.633385,4.633385,4.615854,4.615854,4.644533,4.633374,4.615894,4.615894,4.615973,4.644326,4.633329,4.616053,4.644275,4.633318,4.633318,4.616092,4.644224,4.633307,4.633307,4.616131,4.644173,4.633296,4.633296,4.616171,4.644122,4.633285,4.61621,4.644072,4.644072,4.633275,4.616249,4.644021,4.644021,4.633264,4.616288,4.643971,4.643971,4.633253,4.616327,4.643921,4.643921,4.633242,4.643871,4.643871,4.633231,4.616405,4.643822,4.643822,4.63322,4.616444,4.643773,4.643773,4.63321,4.616482,4.643723,4.633199,4.633199,4.616521,4.643674,4.633188,4.61656,46.57386,44.321014,42.522724,42.522724,42.250813,42.211052,42.20459,42.20459,42.202759,42.203918,42.20369,42.20369,42.202797,42.204086,42.203861,42.202957,42.202957,42.204231,42.203991,42.203079,42.204342,42.203167,42.204422,42.203236,42.203236,42.204483,42.20422,42.203285,42.204533,42.204262,42.204567,42.204296,42.204594,42.204594,42.203377,42.204338,42.203392,42.204353,42.203403,42.204639,42.204361,42.203415,42.204651,42.204372,42.204376,42.204662,42.204384,42.204384,42.204666,42.204388,42.20467,42.203438,42.204391,42.204674,42.204674,42.204395,42.203445,42.204678,42.203445,42.204399
I10_phasor_an,14,False,rad,_ce4d9ad0-927b-5126-b1e2-b0e9090aae41,,-1.905777,-1.905591,-1.905591,-1.905786,-1.905777,-1.905591,-1.905786,-1.905591,-1.905786,-1.905786,-1.905591,-1.905591,-1.905786,-1.905591,-1.905786,-1.905777,-1.905591,-1.905786,-1.905786,-1.886898,-1.885826,-1.885394,-1.885429,-1.885066,-1.885142,-1.884828,-1.88473,-1.884436,-1.884368,-1.884282,-1.884428,-1.884222,-1.884399,-1.884383,-1.884383,-1.88439,-1.884205,-1.88437,-1.884381,-1.884197,-1.884378,-1.884363,-1.884363,-1.884375,-1.884193,-1.884375,-1.884363,-1.884194,-1.884376,-1.884364,-1.884377,-1.884364,-1.884195,-1.884365,-1.884378,-1.884366,-1.884197,-1.884379,-1.884379,-1.884368,-1.88438,-1.884369,-1.884369,-1.884199,-1.884381,-1.88437,-1.8842,-1.8842,-1.884371,-1.884201,-1.884372,-1.884372,-1.884202,-1.884384,-1.884373,-1.884202,-1.884385,-1.884385,-1.884204,-1.884386,-1.884375,-1.884204,-1.884387,-1.884376,-1.884205,-1.884387,-1.884377,-1.884206,-1.884378,-1.884207,-1.884389,-1.884389,-1.884379,-1.884208,-1.88438,-1.88438,-1.884391,-1.884209,-1.884391,-1.884391,-1.884392,-1.884383,-1.884394,-1.884384,-1.884213,-1.884395,-1.884213,-1.884396,-1.884215,-1.884397,-1.884397,-1.884397,-1.884388,-1.884388,-1.884216,-1.884398,-1.884388,-1.884217,-1.884399,-1.884389,-1.884217,-1.88439,-1.884218,-1.884399,-1.884399,-1.8844,-1.88439,-1.8844,-1.884391,-1.884219,-1.884401,-1.884391,-1.884219,-1.884401,-1.884401,-1.88422,-1.884402,-1.884393,-1.88422,-1.884402,-1.884393,-1.884221,-1.884393,-1.884393,-1.884221,-1.884221,-1.884403,-1.884393,-1.884221,-1.884221,-1.884222,-1.884404,-1.884395,-1.884223,-1.884404,-1.884395,-1.884395,-1.884223,-1.884404,-1.884395,-1.884395,-1.884223,-1.884405,-1.884396,-1.884396,-1.884223,-1.884405,-1.884396,-1.884223,-1.884405,-1.884405,-1.884396,-1.884224,-1.884405,-1.884405,-1.884396,-1.884224,-1.884405,-1.884405,-1.884397,-1.884224,-1.884406,-1.884406,-1.884397,-1.884406,-1.884406,-1.884397,-1.884225,-1.884406,-1.884406,-1.884397,-1.884225,-1.884406,-1.884406,-1.884397,-1.884225,-1.884406,-1.884397,-1.884397,-1.884225,-1.884407,-1.884398,-1.884225,-1.850445,-1.914254,-1.906237,-1.906237,-1.904874,-1.90466,-1.904509,-1.904509,-1.904779,-1.904846,-1.904733,-1.904733,-1.904999,-1.905054,-1.904929,-1.905181,-1.905181,-1.905224,-1.905087,-1.905327,-1.905359,-1.905442,-1.905465,-1.905532,-1.905532,-1.905548,-1.905385,-1.905601,-1.905611,-1.905443,-1.905659,-1.905487,-1.905696,-1.905696,-1.905725,-1.905546,-1.905748,-1.905564,-1.905765,-1.90576,-1.905579,-1.905777,-1.905772,-1.905589,-1.905597,-1.905786,-1.905602,-1.905602,-1.905791,-1.905606,-1.905794,-1.905805,-1.905611,-1.905797,-1.905798,-1.905612,-1.905808,-1.905799,-1.905808,-1.905613
I10_phasor_ma,13,False,A,_ce4d9ad0-927b-5126-b1e2-b0e9090aae41,,76.904427,76.903358,76.903358,76.902763,76.904427,76.903358,76.902763,76.903358,76.902763,76.902763,76.903358,76.903358,76.902763,76.903358,76.902763,76.904427,76.903358,76.902763,76.902763,49.642509,49.662815,49.67033,49.671803,49.677628,49.678566,49.683105,49.689594,49.692513,49.694187,49.696323,49.696392,49.697796,49.697132,49.698132,49.698132,49.69735,49.698196,49.698441,49.697594,49.698376,49.697655,49.698593,49.698593,49.697704,49.698429,49.697693,49.698582,49.698414,49.697674,49.698563,49.697651,49.698536,49.698364,49.698509,49.697594,49.698483,49.698303,49.697563,49.697563,49.698452,49.697533,49.698418,49.698418,49.698242,49.697502,49.698391,49.698212,49.698212,49.698357,49.698181,49.69833,49.69833,49.698151,49.697411,49.698299,49.69812,49.69738,49.69738,49.698093,49.697353,49.698242,49.698063,49.697323,49.698215,49.698036,49.697296,49.698189,49.698009,49.698166,49.697983,49.697247,49.697247,49.698139,49.69796,49.698116,49.698116,49.697197,49.697914,49.697174,49.697174,49.697151,49.698029,49.69709,49.69799,49.697811,49.697071,49.697792,49.697037,49.697758,49.697021,49.697002,49.697002,49.697891,49.697891,49.697708,49.696972,49.697876,49.697693,49.696957,49.697861,49.697681,49.697849,49.697666,49.69693,49.69693,49.696915,49.697823,49.696903,49.697811,49.697628,49.696892,49.6978,49.697617,49.69688,49.696869,49.697594,49.696857,49.697765,49.697586,49.696846,49.697758,49.697575,49.697746,49.697746,49.697563,49.697563,49.696827,49.697739,49.697556,49.697556,49.697536,49.696793,49.697704,49.697521,49.696781,49.697697,49.697697,49.697514,49.696777,49.697689,49.697689,49.697506,49.696766,49.697681,49.697681,49.697498,49.696762,49.697674,49.697491,49.696751,49.696751,49.69767,49.697487,49.696747,49.696747,49.697662,49.697479,49.696739,49.696739,49.697655,49.697475,49.696732,49.696732,49.697651,49.696728,49.696728,49.697643,49.697464,49.69672,49.69672,49.697639,49.697456,49.696716,49.696716,49.697636,49.697453,49.696712,49.697632,49.697632,49.697449,49.696705,49.697624,49.697441,86.318916,80.328819,77.575813,77.575813,77.087868,76.996803,76.972153,76.972153,76.960869,76.954918,76.947571,76.947571,76.941582,76.938553,76.933418,76.929283,76.929283,76.927834,76.924049,76.921082,76.920639,76.915512,76.915726,76.911659,76.911659,76.912308,76.910339,76.908951,76.909897,76.908188,76.908173,76.906639,76.906921,76.906921,76.904625,76.904694,76.903885,76.904099,76.903343,76.904861,76.903656,76.902954,76.904503,76.903336,76.903107,76.904053,76.902931,76.902931,76.903915,76.902817,76.903824,76.902115,76.902672,76.903717,76.903694,76.902611,76.902023,76.903679,76.902016,76.902603
V5pmu_ph,8,False,rad,_ebb6bf0b-3921-514a-aeb3-529a2dc7d0a5,,-1.576687,-1.576512,-1.576512,-1.576679,-1.576687,-1.576512,-1.576679,-1.576512,-1.576679,-1.576679,-1.576512,-1.576512,-1.576679,-1.576512,-1.576679,-1.576687,-1.576512,-1.576679,-1.576679,-1.553032,-1.553002,-1.55285,-1.552996,-1.552842,-1.552991,-1.552836,-1.552993,-1.552824,-1.552822,-1.552819,-1.552974,-1.552818,-1.552973,-1.552984,-1.552984,-1.552973,-1.552817,-1.552984,-1.552972,-1.552817,-1.552972,-1.552983,-1.552983,-1.552972,-1.552816,-1.552971,-1.552984,-1.552816,-1.552971,-1.552984,-1.552971,-1.552984,-1.552816,-1.552984,-1.552971,-1.552984,-1.552816,-1.552971,-1.552971,-1.552984,-1.552971,-1.552984,-1.552984,-1.552816,-1.552971,-1.552984,-1.552817,-1.552817,-1.552984,-1.552816,-1.552984,-1.552984,-1.552817,-1.552971,-1.552984,-1.552817,-1.552971,-1.552971,-1.552817,-1.552971,-1.552984,-1.552817,-1.55297,-1.552984,-1.552817,-1.55297,-1.552984,-1.552817,-1.552984,-1.552817,-1.55297,-1.55297,-1.552984,-1.552817,-1.552984,-1.552984,-1.55297,-1.552817,-1.55297,-1.55297,-1.55297,-1.552984,-1.55297,-1.552984,-1.552817,-1.55297,-1.552817,-1.55297,-1.552817,-1.55297,-1.55297,-1.55297,-1.552984,-1.552984,-1.552817,-1.55297,-1.552984,-1.552817,-1.55297,-1.552984,-1.552817,-1.552984,-1.552817,-1.55297,-1.55297,-1.55297,-1.552984,-1.55297,-1.552984,-1.552817,-1.55297,-1.552984,-1.552817,-1.55297,-1.55297,-1.552817,-1.55297,-1.552984,-1.552817,-1.55297,-1.552984,-1.552817,-1.552984,-1.552984,-1.552817,-1.552817,-1.55297,-1.552984,-1.552817,-1.552817,-1.552817,-1.55297,-1.552984,-1.552818,-1.552969,-1.552984,-1.552984,-1.552818,-1.55297,-1.552984,-1.552984,-1.552818,-1.552969,-1.552984,-1.552984,-1.552818,-1.55297,-1.552984,-1.552818,-1.552969,-1.552969,-1.552984,-1.552818,-1.55297,-1.55297,-1.552984,-1.552818,-1.552969,-1.552969,-1.552984,-1.552818,-1.552969,-1.552969,-1.552984,-1.552969,-1.552969,-1.552984,-1.552818,-1.552969,-1.552969,-1.552984,-1.552818,-1.552969,-1.552969,-1.552984,-1.552818,-1.552969,-1.552984,-1.552984,-1.552818,-1.552969,-1.552984,-1.552818,-1.611324,-1.576264,-1.576392,-1.576392,-1.57662,-1.576644,-1.576476,-1.576476,-1.576646,-1.576657,-1.576485,-1.576485,-1.576654,-1.576664,-1.576492,-1.576661,-1.576661,-1.57667,-1.576497,-1.576665,-1.576674,-1.576669,-1.576677,-1.576671,-1.576671,-1.576679,-1.576506,-1.576673,-1.576681,-1.576507,-1.576682,-1.576509,-1.576683,-1.576683,-1.576676,-1.57651,-1.576677,-1.576511,-1.576677,-1.576685,-1.576511,-1.576678,-1.576685,-1.576511,-1.576512,-1.576686,-1.576512,-1.576512,-1.576686,-1.576512,-1.576686,-1.576679,-1.576512,-1.576686,-1.576686,-1.576512,-1.576679,-1.576686,-1.576679,-1.576512
V5pmu_mag,7,False,V,_ebb6bf0b-3921-514a-aeb3-529a2dc7d0a5,,6988.91748,6988.871094,6988.871094,6988.713379,6988.91748,6988.871094,6988.713379,6988.871094,6988.713379,6988.713379,6988.871094,6988.871094,6988.713379,6988.871094,6988.713379,6988.91748,6988.871094,6988.713379,6988.713379,3422.992432,3422.761475,3422.830566,3422.723145,3422.799072,3422.695312,3422.775635,3422.772949,3422.735107,3422.727783,3422.718018,3422.624268,3422.710449,3422.621338,3422.730225,3422.730225,3422.620605,3422.708008,3422.727783,3422.619629,3422.706299,3422.619385,3422.725586,3422.725586,3422.619385,3422.70459,3422.619385,3422.724121,3422.704346,3422.619385,3422.723877,3422.619629,3422.723389,3422.704102,3422.723145,3422.619873,3422.7229,3422.703613,3422.619873,3422.619873,3422.722656,3422.620117,3422.722412,3422.722412,3422.703369,3422.620117,3422.722168,3422.703125,3422.703125,3422.721924,3422.702881,3422.72168,3422.72168,3422.702881,3422.620605,3422.721436,3422.702637,3422.62085,3422.62085,3422.702637,3422.62085,3422.721191,3422.702393,3422.62085,3422.720947,3422.702393,3422.621094,3422.720947,3422.702393,3422.720703,3422.702148,3422.621338,3422.621338,3422.720703,3422.702148,3422.720459,3422.720459,3422.621338,3422.701904,3422.621582,3422.621582,3422.621582,3422.719971,3422.621826,3422.719727,3422.70166,3422.621826,3422.70166,3422.62207,3422.701416,3422.62207,3422.62207,3422.62207,3422.719238,3422.719238,3422.701172,3422.62207,3422.719238,3422.701172,3422.622314,3422.718994,3422.701172,3422.718994,3422.701172,3422.622314,3422.622314,3422.622314,3422.71875,3422.622314,3422.71875,3422.700928,3422.622314,3422.71875,3422.700928,3422.622314,3422.622314,3422.700928,3422.622559,3422.718506,3422.700928,3422.622559,3422.718506,3422.700684,3422.718506,3422.718506,3422.700684,3422.700684,3422.622559,3422.718506,3422.700684,3422.700684,3422.700684,3422.622559,3422.718262,3422.700439,3422.622559,3422.718506,3422.718506,3422.700439,3422.622559,3422.718262,3422.718262,3422.700439,3422.622559,3422.718262,3422.718262,3422.700439,3422.622559,3422.718262,3422.700439,3422.622559,3422.622559,3422.718262,3422.700439,3422.622559,3422.622559,3422.718018,3422.700439,3422.622559,3422.622559,3422.718262,3422.700439,3422.622559,3422.622559,3422.718262,3422.622559,3422.622559,3422.718262,3422.700439,3422.622559,3422.622559,3422.718262,3422.700439,3422.622559,3422.622559,3422.718018,3422.700439,3422.622559,3422.718018,3422.718018,3422.700439,3422.622559,3422.718262,3422.700439,6483.431641,6977.713867,6986.59375,6986.59375,6987.961426,6988.459961,6988.498535,6988.498535,6988.38623,6988.625488,6988.609863,6988.609863,6988.479004,6988.706543,6988.681641,6988.54248,6988.54248,6988.762695,6988.731445,6988.587402,6988.803223,6988.619629,6988.832031,6988.642578,6988.642578,6988.853027,6988.8125,6988.659668,6988.868164,6988.826172,6988.879883,6988.836914,6988.888672,6988.888672,6988.688965,6988.850586,6988.694336,6988.854492,6988.698242,6988.90332,6988.858398,6988.70166,6988.90625,6988.86084,6988.862793,6988.910156,6988.864258,6988.864258,6988.911133,6988.865234,6988.912109,6988.708984,6988.867188,6988.913574,6988.914062,6988.868164,6988.710449,6988.914551,6988.710938,6988.868652
V7pmu_ph,8,False,rad,_f6849451-1b54-5b7c-bc67-4c766345b423,,-1.58444,-1.584265,-1.584265,-1.584433,-1.58444,-1.584265,-1.584433,-1.584265,-1.584433,-1.584433,-1.584265,-1.584265,-1.584433,-1.584265,-1.584433,-1.58444,-1.584265,-1.584433,-1.584433,-1.563712,-1.563641,-1.5635,-1.563628,-1.56349,-1.563617,-1.563481,-1.563625,-1.563467,-1.563464,-1.56346,-1.563589,-1.563457,-1.563588,-1.563604,-1.563604,-1.563587,-1.563455,-1.563603,-1.563587,-1.563454,-1.563587,-1.563603,-1.563603,-1.563587,-1.563453,-1.563587,-1.563603,-1.563453,-1.563587,-1.563603,-1.563587,-1.563603,-1.563452,-1.563604,-1.563588,-1.563604,-1.563452,-1.563588,-1.563588,-1.563604,-1.563588,-1.563604,-1.563604,-1.563452,-1.563588,-1.563604,-1.563452,-1.563452,-1.563604,-1.563452,-1.563604,-1.563604,-1.563451,-1.563588,-1.563604,-1.563451,-1.563588,-1.563588,-1.563451,-1.563588,-1.563605,-1.563451,-1.563588,-1.563605,-1.563451,-1.563588,-1.563605,-1.563451,-1.563605,-1.563451,-1.563589,-1.563589,-1.563605,-1.56345,-1.563605,-1.563605,-1.563589,-1.56345,-1.563589,-1.563589,-1.563589,-1.563606,-1.563589,-1.563606,-1.56345,-1.563589,-1.56345,-1.563589,-1.56345,-1.563589,-1.563589,-1.563589,-1.563606,-1.563606,-1.563449,-1.563589,-1.563606,-1.563449,-1.563589,-1.563606,-1.563449,-1.563606,-1.563449,-1.563589,-1.563589,-1.563589,-1.563606,-1.563589,-1.563606,-1.563449,-1.563589,-1.563606,-1.563449,-1.56359,-1.56359,-1.563449,-1.56359,-1.563607,-1.563449,-1.56359,-1.563607,-1.563449,-1.563607,-1.563607,-1.563449,-1.563449,-1.56359,-1.563607,-1.563449,-1.563449,-1.563449,-1.56359,-1.563607,-1.563449,-1.56359,-1.563607,-1.563607,-1.563449,-1.56359,-1.563607,-1.563607,-1.563449,-1.56359,-1.563607,-1.563607,-1.563449,-1.56359,-1.563607,-1.563449,-1.56359,-1.56359,-1.563607,-1.563449,-1.56359,-1.56359,-1.563607,-1.563449,-1.56359,-1.56359,-1.563607,-1.563449,-1.56359,-1.56359,-1.563607,-1.56359,-1.56359,-1.563607,-1.563449,-1.56359,-1.56359,-1.563607,-1.563449,-1.56359,-1.56359,-1.563607,-1.563448,-1.56359,-1.563607,-1.563607,-1.563449,-1.56359,-1.563607,-1.563449,-1.622427,-1.583793,-1.584098,-1.584098,-1.584355,-1.584382,-1.584214,-1.584214,-1.584387,-1.584399,-1.584228,-1.584228,-1.584399,-1.584409,-1.584237,-1.584408,-1.584408,-1.584417,-1.584244,-1.584414,-1.584423,-1.584419,-1.584427,-1.584422,-1.584422,-1.58443,-1.584256,-1.584425,-1.584433,-1.584258,-1.584434,-1.58426,-1.584436,-1.584436,-1.584429,-1.584262,-1.58443,-1.584263,-1.584431,-1.584438,-1.584263,-1.584431,-1.584439,-1.584264,-1.584264,-1.584439,-1.584264,-1.584264,-1.584439,-1.584264,-1.58444,-1.584432,-1.584265,-1.58444,-1.58444,-1.584265,-1.584432,-1.58444,-1.584433,-1.584265
V7pmu_mag,7,False,V,_f6849451-1b54-5b7c-bc67-4c766345b423,,6864.223145,6864.175781,6864.175781,6864.022949,6864.223145,6864.175781,6864.022949,6864.175781,6864.022949,6864.022949,6864.175781,6864.175293,6864.022949,6864.175781,6864.022949,6864.223145,6864.175781,6864.022949,6864.022949,3342.376221,3342.15332,3342.19873,3342.091553,3342.144775,3342.045898,3342.104492,3342.072266,3342.035156,3342.022705,3342.006592,3341.926025,3341.995117,3341.920654,3342.012451,3342.012451,3341.919189,3341.991455,3342.009521,3341.917236,3341.989746,3341.916748,3342.006836,3342.006836,3341.915771,3341.988281,3341.915771,3342.005371,3341.988281,3341.915771,3342.005127,3341.915771,3342.004883,3341.988037,3342.004639,3341.915771,3342.004395,3341.988281,3341.916016,3341.916016,3342.00415,3341.916016,3342.003906,3342.003906,3341.988281,3341.916016,3342.003906,3341.988281,3341.988281,3342.003662,3341.988281,3342.003662,3342.003662,3341.988525,3341.91626,3342.003418,3341.988525,3341.91626,3341.91626,3341.988525,3341.916504,3342.003174,3341.988525,3341.916504,3342.003174,3341.98877,3341.916748,3342.00293,3341.98877,3342.00293,3341.98877,3341.916748,3341.916748,3342.002686,3341.98877,3342.002686,3342.002686,3341.916748,3341.989014,3341.916992,3341.916992,3341.916992,3342.002441,3341.917236,3342.002197,3341.989258,3341.917236,3341.989258,3341.917236,3341.989502,3341.917236,3341.91748,3341.91748,3342.001953,3342.001953,3341.989502,3341.91748,3342.001709,3341.989502,3341.91748,3342.001709,3341.989502,3342.001709,3341.989746,3341.91748,3341.91748,3341.91748,3342.001709,3341.91748,3342.001465,3341.989746,3341.91748,3342.001465,3341.989746,3341.91748,3341.917725,3341.989746,3341.917725,3342.001465,3341.989746,3341.917725,3342.001465,3341.989746,3342.001465,3342.001465,3341.989746,3341.989746,3341.917725,3342.001465,3341.98999,3341.98999,3341.98999,3341.917725,3342.001221,3341.98999,3341.917725,3342.001221,3342.001221,3341.98999,3341.917725,3342.001221,3342.001221,3341.98999,3341.917725,3342.001221,3342.001221,3341.98999,3341.917725,3342.001221,3341.98999,3341.917725,3341.917725,3342.000977,3341.990234,3341.917725,3341.917725,3342.000977,3341.990234,3341.917725,3341.917725,3342.000977,3341.990234,3341.917725,3341.917725,3342.000977,3341.917725,3341.917725,3342.000977,3341.990234,3341.917725,3341.917725,3342.000977,3341.990234,3341.917725,3341.917725,3342.000977,3341.990234,3341.917725,3342.000977,3342.000977,3341.990234,3341.917725,3342.000977,3341.990234,6337.354004,6849.429199,6861.088867,6861.088867,6862.963867,6863.564453,6863.637695,6863.637695,6863.552734,6863.805176,6863.803223,6863.803223,6863.69043,6863.925293,6863.908691,6863.783691,6863.783691,6864.007812,6863.981934,6863.848633,6864.065918,6863.89502,6864.107422,6863.928223,6863.928223,6864.137207,6864.097656,6863.952148,6864.158691,6864.117188,6864.174805,6864.131836,6864.186523,6864.186523,6863.993164,6864.150879,6864.000488,6864.156738,6864.005859,6864.20752,6864.161133,6864.009766,6864.211426,6864.165039,6864.16748,6864.216309,6864.169434,6864.169434,6864.217773,6864.170898,6864.219238,6864.019531,6864.172852,6864.220703,6864.221191,6864.174316,6864.021484,6864.22168,6864.021973,6864.174805
V9pmu_ph,8,False,rad,_26a560cd-5d87-5dd7-b588-cb2d8efa50ce,,-1.576196,-1.576022,-1.576022,-1.576188,-1.576196,-1.576022,-1.576188,-1.576022,-1.576188,-1.576188,-1.576022,-1.576022,-1.576188,-1.576022,-1.576188,-1.576196,-1.576022,-1.576188,-1.576188,-2.059621,-2.059626,-2.059549,-2.059633,-2.059555,-2.059639,-2.059559,-2.059661,-2.059566,-2.059567,-2.059569,-2.059654,-2.05957,-2.059655,-2.059669,-2.059669,-2.059656,-2.05957,-2.059669,-2.059656,-2.059569,-2.059657,-2.05967,-2.05967,-2.059657,-2.059569,-2.059658,-2.05967,-2.059569,-2.059658,-2.05967,-2.059658,-2.05967,-2.059568,-2.05967,-2.059658,-2.05967,-2.059568,-2.059659,-2.059659,-2.05967,-2.059659,-2.059671,-2.059671,-2.059568,-2.059659,-2.059671,-2.059568,-2.059568,-2.059671,-2.059567,-2.059671,-2.059671,-2.059567,-2.059659,-2.059671,-2.059567,-2.059659,-2.059659,-2.059567,-2.059659,-2.059671,-2.059567,-2.05966,-2.059671,-2.059567,-2.05966,-2.059671,-2.059566,-2.059671,-2.059566,-2.05966,-2.05966,-2.059671,-2.059566,-2.059671,-2.059671,-2.05966,-2.059566,-2.059661,-2.059661,-2.059661,-2.059672,-2.059661,-2.059672,-2.059565,-2.059661,-2.059565,-2.059662,-2.059565,-2.059662,-2.059662,-2.059662,-2.059672,-2.059672,-2.059564,-2.059662,-2.059672,-2.059564,-2.059662,-2.059672,-2.059564,-2.059672,-2.059563,-2.059663,-2.059663,-2.059663,-2.059672,-2.059663,-2.059672,-2.059563,-2.059663,-2.059673,-2.059563,-2.059663,-2.059663,-2.059562,-2.059664,-2.059673,-2.059562,-2.059664,-2.059673,-2.059562,-2.059673,-2.059673,-2.059562,-2.059562,-2.059664,-2.059673,-2.059562,-2.059562,-2.059561,-2.059664,-2.059673,-2.059561,-2.059664,-2.059673,-2.059673,-2.059561,-2.059665,-2.059673,-2.059673,-2.059561,-2.059665,-2.059673,-2.059673,-2.059561,-2.059665,-2.059673,-2.059561,-2.059665,-2.059665,-2.059673,-2.05956,-2.059665,-2.059665,-2.059673,-2.05956,-2.059665,-2.059665,-2.059673,-2.05956,-2.059665,-2.059665,-2.059673,-2.059665,-2.059665,-2.059674,-2.05956,-2.059666,-2.059666,-2.059674,-2.05956,-2.059666,-2.059666,-2.059674,-2.059559,-2.059666,-2.059674,-2.059674,-2.059559,-2.059666,-2.059674,-2.059559,-1.642932,-1.576314,-1.577145,-1.577145,-1.575947,-1.576177,-1.576007,-1.576007,-1.576171,-1.576181,-1.576008,-1.576008,-1.576176,-1.576185,-1.576012,-1.576179,-1.576179,-1.576187,-1.576014,-1.576181,-1.57619,-1.576183,-1.576191,-1.576184,-1.576184,-1.576192,-1.576018,-1.576185,-1.576193,-1.576019,-1.576194,-1.57602,-1.576194,-1.576194,-1.576187,-1.57602,-1.576187,-1.576021,-1.576187,-1.576195,-1.576021,-1.576187,-1.576195,-1.576021,-1.576021,-1.576195,-1.576021,-1.576021,-1.576195,-1.576021,-1.576195,-1.576188,-1.576021,-1.576195,-1.576195,-1.576021,-1.576188,-1.576196,-1.576188,-1.576021
V9pmu_mag,7,False,V,_26a560cd-5d87-5dd7-b588-cb2d8efa50ce,,7106.752441,7106.705566,7106.705566,7106.544922,7106.752441,7106.705566,7106.544922,7106.705566,7106.544922,7106.544922,7106.705566,7106.705566,7106.544922,7106.705566,7106.544922,7106.752441,7106.705566,7106.544922,7106.544922,555.685791,555.675598,555.679871,555.675232,555.679565,555.674988,555.679321,555.68396,555.678894,555.678833,555.678711,555.674194,555.67865,555.674194,555.683533,555.683533,555.674194,555.678589,555.683533,555.674194,555.678528,555.674194,555.683533,555.683533,555.674194,555.678528,555.674194,555.683472,555.678467,555.674194,555.683472,555.674194,555.683472,555.678467,555.683472,555.674194,555.683472,555.678467,555.674194,555.674194,555.683472,555.674194,555.683472,555.683472,555.678467,555.674194,555.683472,555.678467,555.678467,555.683472,555.678406,555.683472,555.683472,555.678406,555.674194,555.683472,555.678406,555.674194,555.674194,555.678406,555.674194,555.683472,555.678406,555.674194,555.683472,555.678406,555.674255,555.683472,555.678406,555.683472,555.678406,555.674255,555.674255,555.683472,555.678345,555.683472,555.683472,555.674255,555.678345,555.674255,555.674255,555.674255,555.683472,555.674255,555.683472,555.678345,555.674255,555.678284,555.674255,555.678284,555.674255,555.674255,555.674255,555.683472,555.683472,555.678284,555.674255,555.683472,555.678284,555.674255,555.683472,555.678284,555.683472,555.678284,555.674255,555.674255,555.674316,555.683472,555.674316,555.683472,555.678223,555.674316,555.683472,555.678223,555.674316,555.674316,555.678223,555.674316,555.683472,555.678223,555.674316,555.683472,555.678223,555.683472,555.683472,555.678223,555.678223,555.674316,555.683472,555.678223,555.678223,555.678162,555.674316,555.683472,555.678162,555.674316,555.683472,555.683472,555.678162,555.674377,555.683472,555.683472,555.678162,555.674377,555.683472,555.683472,555.678162,555.674377,555.683472,555.678162,555.674377,555.674377,555.683472,555.678162,555.674377,555.674377,555.683472,555.678101,555.674377,555.674377,555.683472,555.678162,555.674377,555.674377,555.683472,555.674377,555.674377,555.683472,555.678101,555.674377,555.674377,555.683472,555.678101,555.674377,555.674377,555.683472,555.678101,555.674377,555.683472,555.683472,555.678101,555.674377,555.683472,555.678101,6267.091797,7101.075684,7105.42627,7105.42627,7106.103027,7106.525391,7106.519531,7106.519531,7106.381348,7106.606445,7106.574219,7106.574219,7106.426758,7106.645996,7106.609375,7106.458008,7106.458008,7106.673828,7106.633789,7106.47998,7106.693359,7106.495605,7106.70752,7106.507324,7106.507324,7106.717773,7106.673828,7106.516113,7106.725586,7106.681152,7106.731445,7106.686035,7106.73584,7106.73584,7106.530762,7106.692871,7106.533203,7106.695312,7106.535156,7106.743164,7106.697266,7106.537109,7106.745117,7106.698242,7106.699219,7106.74707,7106.700195,7106.700195,7106.747559,7106.701172,7106.748047,7106.541016,7106.702148,7106.749023,7106.749023,7106.702637,7106.541992,7106.749512,7106.541992,7106.702637
V10pmu_ph,8,False,rad,_ce4d9ad0-927b-5126-b1e2-b0e9090aae41,,-1.584064,-1.583889,-1.583889,-1.584056,-1.584064,-1.583889,-1.584056,-1.583889,-1.584056,-1.584056,-1.583889,-1.583889,-1.584056,-1.583889,-1.584056,-1.584064,-1.583889,-1.584056,-1.584056,-1.563205,-1.563152,-1.563032,-1.563146,-1.563015,-1.563141,-1.563003,-1.563122,-1.56298,-1.562976,-1.56297,-1.56312,-1.562966,-1.563119,-1.563103,-1.563103,-1.563118,-1.562965,-1.563102,-1.563118,-1.562964,-1.563118,-1.563102,-1.563102,-1.563117,-1.562963,-1.563117,-1.563103,-1.562963,-1.563117,-1.563103,-1.563117,-1.563103,-1.562963,-1.563103,-1.563117,-1.563103,-1.562963,-1.563117,-1.563117,-1.563103,-1.563117,-1.563103,-1.563103,-1.562963,-1.563117,-1.563103,-1.562963,-1.562963,-1.563103,-1.562963,-1.563104,-1.563104,-1.562963,-1.563117,-1.563104,-1.562963,-1.563117,-1.563117,-1.562963,-1.563116,-1.563104,-1.562963,-1.563116,-1.563104,-1.562963,-1.563116,-1.563104,-1.562963,-1.563104,-1.562963,-1.563116,-1.563116,-1.563104,-1.562963,-1.563104,-1.563104,-1.563116,-1.562963,-1.563116,-1.563116,-1.563116,-1.563105,-1.563116,-1.563105,-1.562963,-1.563116,-1.562963,-1.563116,-1.562964,-1.563116,-1.563116,-1.563116,-1.563105,-1.563105,-1.562964,-1.563116,-1.563105,-1.562964,-1.563116,-1.563105,-1.562964,-1.563105,-1.562964,-1.563116,-1.563116,-1.563116,-1.563105,-1.563116,-1.563105,-1.562964,-1.563116,-1.563105,-1.562964,-1.563116,-1.563116,-1.562964,-1.563116,-1.563105,-1.562964,-1.563116,-1.563105,-1.562964,-1.563105,-1.563105,-1.562964,-1.562964,-1.563116,-1.563105,-1.562964,-1.562964,-1.562964,-1.563116,-1.563106,-1.562964,-1.563116,-1.563106,-1.563106,-1.562964,-1.563116,-1.563106,-1.563106,-1.562964,-1.563116,-1.563106,-1.563106,-1.562964,-1.563116,-1.563106,-1.562964,-1.563116,-1.563116,-1.563106,-1.562964,-1.563116,-1.563116,-1.563106,-1.562964,-1.563116,-1.563116,-1.563106,-1.562964,-1.563116,-1.563116,-1.563106,-1.563116,-1.563116,-1.563106,-1.562964,-1.563116,-1.563116,-1.563106,-1.562964,-1.563116,-1.563116,-1.563106,-1.562964,-1.563116,-1.563106,-1.563106,-1.562964,-1.563116,-1.563106,-1.562964,-1.622272,-1.583397,-1.583716,-1.583716,-1.583975,-1.584003,-1.583836,-1.583836,-1.584009,-1.584021,-1.58385,-1.58385,-1.584021,-1.584032,-1.58386,-1.58403,-1.58403,-1.58404,-1.583867,-1.584037,-1.584046,-1.584042,-1.58405,-1.584045,-1.584045,-1.584054,-1.58388,-1.584048,-1.584056,-1.583882,-1.584058,-1.583884,-1.584059,-1.584059,-1.584053,-1.583886,-1.584054,-1.583886,-1.584054,-1.584062,-1.583887,-1.584055,-1.584062,-1.583887,-1.583888,-1.584063,-1.583888,-1.583888,-1.584063,-1.583888,-1.584063,-1.584056,-1.583888,-1.584063,-1.584063,-1.583889,-1.584056,-1.584064,-1.584056,-1.583889
V10pmu_mag,7,False,V,_ce4d9ad0-927b-5126-b1e2-b0e9090aae41,,6851.767578,6851.720215,6851.720215,6851.567871,6851.767578,6851.720215,6851.567871,6851.720215,6851.567871,6851.567871,6851.720215,6851.720215,6851.567871,6851.720215,6851.567871,6851.767578,6851.720215,6851.567871,6851.567871,3334.407227,3334.127441,3334.174316,3334.064941,3334.121338,3334.018555,3334.081787,3334.054443,3334.013428,3334.000977,3333.985107,3333.895996,3333.973145,3333.890381,3333.987549,3333.987549,3333.888672,3333.969727,3333.984375,3333.886475,3333.967529,3333.885986,3333.981934,3333.981934,3333.88501,3333.96582,3333.88501,3333.981201,3333.96582,3333.884766,3333.980957,3333.884766,3333.980713,3333.965332,3333.980713,3333.884766,3333.980713,3333.965332,3333.884766,3333.884766,3333.980713,3333.88501,3333.980469,3333.980469,3333.965332,3333.88501,3333.980469,3333.965332,3333.965332,3333.980469,3333.965332,3333.980469,3333.980469,3333.965332,3333.88501,3333.980469,3333.965332,3333.885254,3333.885254,3333.965088,3333.885254,3333.980469,3333.965332,3333.885254,3333.980469,3333.965332,3333.885498,3333.980469,3333.965332,3333.980469,3333.965332,3333.885498,3333.885498,3333.980469,3333.965332,3333.980469,3333.980469,3333.885498,3333.965332,3333.885498,3333.885498,3333.885742,3333.980469,3333.885742,3333.980469,3333.965332,3333.885742,3333.965332,3333.885986,3333.965332,3333.885986,3333.885986,3333.885986,3333.980469,3333.980469,3333.965332,3333.885986,3333.980469,3333.965332,3333.885986,3333.980469,3333.965332,3333.980469,3333.965332,3333.885986,3333.885986,3333.885986,3333.980713,3333.885986,3333.980713,3333.965332,3333.885986,3333.980713,3333.965332,3333.88623,3333.885986,3333.965332,3333.88623,3333.980469,3333.965332,3333.88623,3333.980713,3333.965332,3333.980469,3333.980469,3333.965332,3333.965332,3333.88623,3333.980713,3333.965332,3333.965332,3333.965332,3333.88623,3333.980713,3333.965332,3333.88623,3333.980713,3333.980713,3333.965332,3333.88623,3333.980713,3333.980713,3333.965332,3333.88623,3333.980713,3333.980713,3333.965332,3333.88623,3333.980713,3333.965332,3333.88623,3333.88623,3333.980713,3333.965332,3333.88623,3333.88623,3333.980713,3333.965332,3333.88623,3333.88623,3333.980713,3333.965576,3333.88623,3333.88623,3333.980713,3333.88623,3333.88623,3333.980713,3333.965576,3333.88623,3333.88623,3333.980713,3333.965332,3333.88623,3333.88623,3333.980713,3333.965332,3333.88623,3333.980713,3333.980713,3333.965576,3333.88623,3333.980713,3333.965332,6322.999512,6836.363281,6848.507812,6848.507812,6850.469238,6851.085938,6851.164551,6851.164551,6851.081543,6851.335938,6851.335449,6851.335449,6851.224121,6851.459961,6851.444336,6851.320312,6851.320312,6851.54541,6851.520508,6851.387695,6851.60498,6851.435547,6851.647949,6851.469727,6851.469727,6851.679199,6851.639648,6851.495117,6851.70166,6851.660156,6851.718262,6851.675293,6851.730469,6851.730469,6851.537109,6851.694824,6851.544434,6851.701172,6851.550293,6851.751465,6851.705566,6851.554688,6851.755859,6851.709473,6851.711914,6851.760742,6851.714355,6851.714355,6851.762695,6851.71582,6851.763672,6851.564941,6851.717773,6851.765625,6851.766113,6851.71875,6851.566406,6851.766602,6851.566895,6851.719727
V2pmu_ph,8,False,rad,_38c82309-1d7f-5e7c-b41e-09c7d6d37071,,-1.571247,-1.571073,-1.571073,-1.571239,-1.571247,-1.571073,-1.571239,-1.571073,-1.571239,-1.571239,-1.571073,-1.571073,-1.571239,-1.571073,-1.571239,-1.571247,-1.571073,-1.571239,-1.571239,-1.566366,-1.566357,-1.566193,-1.566357,-1.566192,-1.566357,-1.566192,-1.566365,-1.566192,-1.566192,-1.566192,-1.566357,-1.566192,-1.566357,-1.566365,-1.566365,-1.566357,-1.566192,-1.566365,-1.566357,-1.566192,-1.566357,-1.566365,-1.566365,-1.566357,-1.566192,-1.566357,-1.566365,-1.566192,-1.566357,-1.566365,-1.566357,-1.566365,-1.566191,-1.566365,-1.566357,-1.566365,-1.566191,-1.566357,-1.566357,-1.566365,-1.566357,-1.566365,-1.566365,-1.566191,-1.566357,-1.566365,-1.566192,-1.566192,-1.566365,-1.566191,-1.566365,-1.566365,-1.566191,-1.566357,-1.566365,-1.566192,-1.566357,-1.566357,-1.566191,-1.566357,-1.566365,-1.566191,-1.566357,-1.566365,-1.566191,-1.566357,-1.566365,-1.566191,-1.566365,-1.566191,-1.566357,-1.566357,-1.566365,-1.566191,-1.566365,-1.566365,-1.566357,-1.566191,-1.566357,-1.566357,-1.566357,-1.566365,-1.566357,-1.566365,-1.566191,-1.566357,-1.566191,-1.566357,-1.566191,-1.566357,-1.566357,-1.566357,-1.566365,-1.566365,-1.566191,-1.566357,-1.566365,-1.566191,-1.566357,-1.566365,-1.566191,-1.566365,-1.566191,-1.566357,-1.566357,-1.566357,-1.566365,-1.566357,-1.566365,-1.566191,-1.566357,-1.566365,-1.566191,-1.566357,-1.566357,-1.566191,-1.566357,-1.566365,-1.566191,-1.566357,-1.566365,-1.566191,-1.566365,-1.566365,-1.566191,-1.566191,-1.566357,-1.566365,-1.566191,-1.566191,-1.566191,-1.566357,-1.566365,-1.566191,-1.566357,-1.566365,-1.566365,-1.566191,-1.566357,-1.566365,-1.566365,-1.566191,-1.566357,-1.566365,-1.566365,-1.566191,-1.566357,-1.566365,-1.566191,-1.566357,-1.566357,-1.566365,-1.566191,-1.566357,-1.566357,-1.566365,-1.566191,-1.566357,-1.566357,-1.566365,-1.566191,-1.566357,-1.566357,-1.566365,-1.566357,-1.566357,-1.566365,-1.566191,-1.566357,-1.566357,-1.566365,-1.566191,-1.566357,-1.566357,-1.566365,-1.566191,-1.566357,-1.566365,-1.566365,-1.566191,-1.566357,-1.566365,-1.566191,-1.573768,-1.571165,-1.571075,-1.571075,-1.571243,-1.571243,-1.571071,-1.571071,-1.571236,-1.571244,-1.571071,-1.571071,-1.571237,-1.571245,-1.571072,-1.571237,-1.571237,-1.571245,-1.571072,-1.571238,-1.571246,-1.571238,-1.571246,-1.571238,-1.571238,-1.571246,-1.571073,-1.571238,-1.571247,-1.571073,-1.571247,-1.571073,-1.571247,-1.571247,-1.571239,-1.571073,-1.571239,-1.571073,-1.571239,-1.571247,-1.571073,-1.571239,-1.571247,-1.571073,-1.571073,-1.571247,-1.571073,-1.571073,-1.571247,-1.571073,-1.571247,-1.571239,-1.571073,-1.571247,-1.571247,-1.571073,-1.571239,-1.571247,-1.571239,-1.571073
V2pmu_mag,7,False,V,_38c82309-1d7f-5e7c-b41e-09c7d6d37071,,7271.138672,7271.092285,7271.092285,7270.92627,7271.138672,7271.092285,7270.92627,7271.092285,7270.92627,7270.92627,7271.092285,7271.092285,7270.92627,7271.092285,7270.92627,7271.138672,7271.092285,7270.92627,7270.92627,6669.489746,6669.287598,6669.44043,6669.285645,6669.438965,6669.28418,6669.437988,6669.478516,6669.435547,6669.435547,6669.435059,6669.280762,6669.43457,6669.280762,6669.476074,6669.476074,6669.280273,6669.43457,6669.476562,6669.280273,6669.434082,6669.280273,6669.476074,6669.476074,6669.280273,6669.434082,6669.280273,6669.476074,6669.434082,6669.280273,6669.476074,6669.280273,6669.476074,6669.434082,6669.476074,6669.280273,6669.476074,6669.434082,6669.280273,6669.280273,6669.476074,6669.280273,6669.476074,6669.476074,6669.434082,6669.280273,6669.476074,6669.434082,6669.434082,6669.476074,6669.434082,6669.475586,6669.475586,6669.434082,6669.280273,6669.475586,6669.434082,6669.280273,6669.280273,6669.434082,6669.280273,6669.476074,6669.434082,6669.280273,6669.475586,6669.434082,6669.280273,6669.475586,6669.434082,6669.475586,6669.434082,6669.280273,6669.280273,6669.475586,6669.434082,6669.475586,6669.475586,6669.280273,6669.434082,6669.280273,6669.280273,6669.280273,6669.475586,6669.280273,6669.475586,6669.434082,6669.280273,6669.434082,6669.280273,6669.434082,6669.280273,6669.280273,6669.280273,6669.475586,6669.475586,6669.434082,6669.280273,6669.475586,6669.434082,6669.280273,6669.475586,6669.434082,6669.475586,6669.434082,6669.280273,6669.280273,6669.280273,6669.475586,6669.280273,6669.475586,6669.434082,6669.280273,6669.475586,6669.433594,6669.280273,6669.280273,6669.434082,6669.279785,6669.475586,6669.434082,6669.280273,6669.475586,6669.434082,6669.475586,6669.475586,6669.434082,6669.434082,6669.279785,6669.475586,6669.434082,6669.434082,6669.434082,6669.280273,6669.475586,6669.434082,6669.280273,6669.475586,6669.475586,6669.434082,6669.280273,6669.475586,6669.475586,6669.434082,6669.280273,6669.475586,6669.475586,6669.434082,6669.279785,6669.475586,6669.434082,6669.279785,6669.279785,6669.475586,6669.434082,6669.280273,6669.280273,6669.475586,6669.434082,6669.279785,6669.279785,6669.475586,6669.433594,6669.280273,6669.280273,6669.475586,6669.280273,6669.280273,6669.475586,6669.434082,6669.280273,6669.280273,6669.475098,6669.434082,6669.280273,6669.280273,6669.475586,6669.434082,6669.280273,6669.475586,6669.475586,6669.434082,6669.280273,6669.475586,6669.433594,7185.205566,7270.024414,7270.878418,7270.878418,7270.859863,7271.098633,7271.060059,7271.060059,7270.897949,7271.113281,7271.069336,7271.069336,7270.905273,7271.120117,7271.075195,7270.911133,7270.911133,7271.125,7271.07959,7270.914551,7271.128418,7270.91748,7271.130859,7270.919434,7270.919434,7271.132812,7271.086426,7270.921387,7271.133789,7271.087891,7271.134766,7271.088867,7271.135742,7271.135742,7270.923828,7271.089844,7270.924316,7271.090332,7270.924805,7271.137207,7271.090332,7270.924805,7271.137207,7271.09082,7271.09082,7271.137695,7271.091309,7271.091309,7271.137695,7271.091309,7271.137695,7270.925781,7271.091309,7271.138184,7271.138184,7271.091797,7270.925781,7271.138184,7270.925781,7271.091797
V3pmu_ph,8,False,rad,_8cfa0329-80eb-5ce6-abcb-2de22c2d216c,,-1.574373,-1.574199,-1.574199,-1.574365,-1.574373,-1.574199,-1.574365,-1.574199,-1.574365,-1.574365,-1.574199,-1.574199,-1.574365,-1.574199,-1.574365,-1.574373,-1.574199,-1.574365,-1.574365,-1.549709,-1.54973,-1.549558,-1.549728,-1.549555,-1.549727,-1.549553,-1.549701,-1.549549,-1.549548,-1.549547,-1.549721,-1.549546,-1.54972,-1.5497,-1.5497,-1.54972,-1.549546,-1.549701,-1.54972,-1.549546,-1.549719,-1.549701,-1.549701,-1.549719,-1.549545,-1.549719,-1.549702,-1.549545,-1.549719,-1.549702,-1.549719,-1.549702,-1.549545,-1.549702,-1.549718,-1.549703,-1.549544,-1.549718,-1.549718,-1.549703,-1.549718,-1.549703,-1.549703,-1.549544,-1.549718,-1.549703,-1.549544,-1.549544,-1.549703,-1.549544,-1.549703,-1.549703,-1.549544,-1.549718,-1.549703,-1.549544,-1.549718,-1.549718,-1.549544,-1.549718,-1.549704,-1.549544,-1.549718,-1.549704,-1.549544,-1.549718,-1.549704,-1.549544,-1.549704,-1.549544,-1.549718,-1.549718,-1.549704,-1.549544,-1.549704,-1.549704,-1.549717,-1.549543,-1.549717,-1.549717,-1.549717,-1.549705,-1.549717,-1.549705,-1.549543,-1.549717,-1.549543,-1.549717,-1.549543,-1.549717,-1.549717,-1.549717,-1.549705,-1.549705,-1.549543,-1.549717,-1.549705,-1.549543,-1.549717,-1.549706,-1.549543,-1.549706,-1.549543,-1.549717,-1.549717,-1.549717,-1.549706,-1.549717,-1.549706,-1.549543,-1.549717,-1.549706,-1.549543,-1.549717,-1.549717,-1.549543,-1.549717,-1.549706,-1.549543,-1.549716,-1.549706,-1.549543,-1.549706,-1.549706,-1.549543,-1.549543,-1.549716,-1.549706,-1.549542,-1.549542,-1.549542,-1.549716,-1.549706,-1.549542,-1.549716,-1.549706,-1.549706,-1.549542,-1.549716,-1.549706,-1.549706,-1.549542,-1.549716,-1.549706,-1.549706,-1.549542,-1.549716,-1.549707,-1.549542,-1.549716,-1.549716,-1.549707,-1.549542,-1.549716,-1.549716,-1.549707,-1.549542,-1.549716,-1.549716,-1.549707,-1.549542,-1.549716,-1.549716,-1.549707,-1.549716,-1.549716,-1.549707,-1.549542,-1.549716,-1.549716,-1.549707,-1.549542,-1.549716,-1.549716,-1.549707,-1.549542,-1.549716,-1.549707,-1.549707,-1.549542,-1.549716,-1.549707,-1.549542,-1.60701,-1.573993,-1.574179,-1.574179,-1.574295,-1.574352,-1.574181,-1.574181,-1.574348,-1.574358,-1.574185,-1.574185,-1.574353,-1.574361,-1.574188,-1.574356,-1.574356,-1.574364,-1.574191,-1.574358,-1.574366,-1.574359,-1.574368,-1.574361,-1.574361,-1.574369,-1.574195,-1.574362,-1.57437,-1.574196,-1.57437,-1.574196,-1.574371,-1.574371,-1.574363,-1.574197,-1.574363,-1.574198,-1.574364,-1.574372,-1.574198,-1.574364,-1.574372,-1.574198,-1.574198,-1.574372,-1.574198,-1.574198,-1.574372,-1.574198,-1.574372,-1.574364,-1.574198,-1.574372,-1.574372,-1.574198,-1.574364,-1.574372,-1.574364,-1.574198
V3pmu_mag,7,False,V,_8cfa0329-80eb-5ce6-abcb-2de22c2d216c,,7125.821289,7125.774902,7125.774902,7125.613281,7125.821289,7125.774902,7125.613281,7125.774902,7125.613281,7125.613281,7125.774902,7125.774902,7125.613281,7125.774902,7125.613281,7125.821289,7125.774902,7125.613281,7125.613281,3512.093506,3511.954346,3512.030273,3511.942871,3512.020996,3511.93457,3512.013916,3512.0271,3512.001953,3511.999756,3511.99707,3511.912354,3511.994873,3511.911377,3512.013672,3512.013672,3511.910889,3511.994141,3512.012939,3511.9104,3511.993652,3511.9104,3512.012207,3512.012207,3511.910156,3511.993164,3511.910156,3512.011719,3511.99292,3511.909912,3512.011475,3511.909912,3512.011475,3511.99292,3512.01123,3511.909912,3512.01123,3511.992676,3511.909912,3511.909912,3512.010986,3511.909912,3512.010986,3512.010986,3511.992676,3511.909668,3512.010986,3511.992676,3511.992676,3512.010986,3511.992676,3512.010742,3512.010742,3511.992676,3511.909668,3512.010742,3511.992676,3511.909668,3511.909668,3511.992432,3511.909668,3512.010498,3511.992432,3511.909668,3512.010498,3511.992432,3511.909668,3512.010498,3511.992432,3512.010498,3511.992432,3511.909668,3511.909668,3512.010254,3511.992432,3512.010254,3512.010254,3511.909424,3511.992432,3511.909424,3511.909424,3511.909424,3512.01001,3511.909424,3512.01001,3511.992188,3511.909424,3511.992188,3511.909424,3511.992188,3511.90918,3511.90918,3511.90918,3512.009766,3512.009766,3511.992188,3511.90918,3512.009766,3511.992188,3511.90918,3512.009766,3511.992188,3512.009766,3511.992188,3511.90918,3511.90918,3511.90918,3512.009766,3511.90918,3512.009521,3511.992188,3511.90918,3512.009521,3511.992188,3511.908936,3511.908936,3511.992188,3511.908936,3512.009521,3511.992188,3511.908936,3512.009521,3511.992188,3512.009521,3512.009521,3511.992188,3511.992188,3511.908936,3512.009521,3511.992188,3511.992188,3511.991943,3511.908936,3512.009521,3511.991943,3511.908936,3512.009277,3512.009277,3511.992188,3511.908691,3512.009521,3512.009521,3511.991943,3511.908691,3512.009277,3512.009277,3511.991943,3511.908691,3512.009277,3511.991943,3511.908691,3511.908691,3512.009277,3511.991943,3511.908691,3511.908691,3512.009277,3511.991943,3511.908691,3511.908691,3512.009277,3511.991943,3511.908691,3511.908691,3512.009277,3511.908691,3511.908691,3512.009277,3511.991943,3511.908691,3511.908691,3512.009277,3511.991943,3511.908691,3511.908691,3512.009277,3511.991943,3511.908691,3512.009277,3512.009277,3511.991943,3511.908691,3512.009277,3511.991943,6631.950684,7119.411133,7124.54248,7124.54248,7125.21875,7125.592285,7125.588379,7125.588379,7125.449219,7125.674805,7125.643066,7125.643066,7125.494629,7125.714355,7125.678223,7125.525879,7125.525879,7125.742188,7125.703125,7125.547852,7125.761719,7125.563965,7125.776367,7125.575684,7125.575684,7125.786621,7125.743164,7125.583984,7125.794434,7125.75,7125.800293,7125.755371,7125.804688,7125.804688,7125.598633,7125.762207,7125.601562,7125.764648,7125.603516,7125.812012,7125.766602,7125.605469,7125.813965,7125.767578,7125.768555,7125.815918,7125.769531,7125.769531,7125.816406,7125.77002,7125.816895,7125.609375,7125.770996,7125.817871,7125.818359,7125.771973,7125.610352,7125.818359,7125.610352,7125.771973
V4pmu_ph,8,False,rad,_e9f0016a-b8b8-5c13-bdac-c25cc7e3ae32,,-1.575513,-1.575339,-1.575339,-1.575505,-1.575513,-1.575339,-1.575505,-1.575339,-1.575505,-1.575505,-1.575339,-1.575339,-1.575505,-1.575339,-1.575505,-1.575513,-1.575339,-1.575505,-1.575505,-1.551374,-1.551341,-1.551195,-1.551338,-1.551189,-1.551335,-1.551185,-1.55135,-1.551177,-1.551175,-1.551173,-1.551325,-1.551171,-1.551325,-1.551344,-1.551344,-1.551324,-1.551171,-1.551344,-1.551324,-1.55117,-1.551324,-1.551344,-1.551344,-1.551324,-1.55117,-1.551324,-1.551344,-1.55117,-1.551324,-1.551345,-1.551324,-1.551345,-1.55117,-1.551345,-1.551324,-1.551345,-1.55117,-1.551324,-1.551324,-1.551345,-1.551324,-1.551345,-1.551345,-1.55117,-1.551324,-1.551345,-1.55117,-1.55117,-1.551345,-1.55117,-1.551345,-1.551345,-1.551169,-1.551324,-1.551345,-1.551169,-1.551324,-1.551324,-1.551169,-1.551324,-1.551345,-1.551169,-1.551324,-1.551345,-1.551169,-1.551324,-1.551345,-1.551169,-1.551345,-1.551169,-1.551324,-1.551324,-1.551345,-1.551169,-1.551345,-1.551345,-1.551324,-1.551169,-1.551324,-1.551324,-1.551324,-1.551345,-1.551324,-1.551345,-1.551169,-1.551324,-1.551169,-1.551324,-1.551169,-1.551324,-1.551324,-1.551324,-1.551345,-1.551345,-1.551169,-1.551324,-1.551345,-1.551169,-1.551324,-1.551345,-1.551169,-1.551345,-1.551169,-1.551324,-1.551324,-1.551324,-1.551345,-1.551324,-1.551345,-1.551169,-1.551324,-1.551345,-1.551169,-1.551324,-1.551324,-1.551169,-1.551324,-1.551345,-1.551169,-1.551324,-1.551345,-1.551169,-1.551345,-1.551345,-1.551169,-1.551169,-1.551324,-1.551345,-1.551169,-1.551169,-1.551169,-1.551324,-1.551345,-1.551169,-1.551324,-1.551345,-1.551345,-1.551169,-1.551324,-1.551345,-1.551345,-1.551169,-1.551324,-1.551345,-1.551345,-1.551169,-1.551324,-1.551345,-1.551169,-1.551324,-1.551324,-1.551345,-1.551169,-1.551324,-1.551324,-1.551345,-1.551169,-1.551324,-1.551324,-1.551345,-1.551169,-1.551324,-1.551324,-1.551345,-1.551323,-1.551323,-1.551345,-1.551169,-1.551324,-1.551324,-1.551345,-1.551169,-1.551324,-1.551324,-1.551345,-1.551169,-1.551324,-1.551345,-1.551345,-1.551169,-1.551324,-1.551345,-1.551169,-1.609126,-1.575131,-1.575237,-1.575237,-1.575471,-1.575481,-1.575311,-1.575311,-1.57548,-1.57549,-1.575318,-1.575318,-1.575487,-1.575496,-1.575324,-1.575491,-1.575491,-1.5755,-1.575328,-1.575495,-1.575504,-1.575498,-1.575506,-1.575499,-1.575499,-1.575508,-1.575334,-1.575501,-1.575509,-1.575335,-1.57551,-1.575336,-1.575511,-1.575511,-1.575503,-1.575337,-1.575504,-1.575338,-1.575504,-1.575512,-1.575338,-1.575504,-1.575512,-1.575338,-1.575338,-1.575513,-1.575338,-1.575338,-1.575513,-1.575339,-1.575513,-1.575505,-1.575339,-1.575513,-1.575513,-1.575339,-1.575505,-1.575513,-1.575505,-1.575339
V4pmu_mag,7,False,V,_e9f0016a-b8b8-5c13-bdac-c25cc7e3ae32,,7052.333496,7052.287109,7052.287109,7052.127441,7052.333496,7052.287109,7052.127441,7052.287109,7052.127441,7052.127441,7052.287109,7052.287109,7052.127441,7052.287109,7052.127441,7052.333496,7052.287109,7052.127441,7052.127441,3464.134521,3463.949951,3464.020264,3463.924316,3463.999512,3463.905518,3463.983887,3463.989014,3463.957031,3463.951904,3463.945312,3463.857422,3463.940186,3463.855225,3463.960938,3463.960938,3463.854492,3463.938477,3463.958984,3463.85376,3463.937256,3463.853516,3463.95752,3463.95752,3463.853271,3463.936035,3463.853027,3463.956787,3463.935791,3463.853271,3463.956543,3463.853271,3463.956299,3463.935303,3463.956055,3463.853271,3463.955811,3463.935059,3463.853271,3463.853271,3463.955811,3463.853271,3463.955566,3463.955566,3463.934814,3463.853271,3463.955566,3463.93457,3463.93457,3463.955322,3463.93457,3463.955322,3463.955322,3463.93457,3463.853271,3463.955078,3463.934326,3463.853271,3463.853271,3463.934326,3463.853271,3463.954834,3463.934082,3463.853271,3463.954834,3463.934082,3463.853271,3463.95459,3463.933838,3463.95459,3463.933838,3463.853516,3463.853516,3463.95459,3463.933594,3463.954346,3463.954346,3463.853516,3463.933594,3463.853516,3463.853516,3463.853516,3463.954102,3463.853516,3463.953857,3463.933105,3463.853516,3463.933105,3463.853516,3463.933105,3463.853516,3463.853516,3463.853516,3463.953613,3463.953613,3463.932861,3463.853516,3463.953613,3463.932861,3463.853516,3463.953369,3463.932617,3463.953369,3463.932617,3463.853516,3463.853516,3463.853516,3463.953369,3463.853516,3463.953369,3463.932617,3463.853516,3463.953125,3463.932373,3463.853516,3463.853516,3463.932373,3463.853516,3463.953125,3463.932373,3463.853271,3463.953125,3463.932373,3463.953125,3463.953125,3463.932373,3463.932373,3463.853271,3463.953125,3463.932373,3463.932373,3463.932129,3463.853271,3463.952881,3463.932129,3463.853271,3463.952881,3463.952881,3463.932129,3463.853271,3463.952881,3463.952881,3463.932129,3463.853271,3463.952881,3463.952881,3463.932129,3463.853271,3463.952881,3463.932129,3463.853271,3463.853271,3463.952881,3463.932129,3463.853271,3463.853271,3463.952881,3463.932129,3463.853271,3463.853271,3463.952881,3463.932129,3463.853271,3463.853271,3463.952881,3463.853271,3463.853271,3463.952881,3463.931885,3463.853271,3463.853271,3463.952881,3463.932129,3463.853271,3463.853271,3463.952637,3463.931885,3463.853271,3463.952637,3463.952637,3463.931885,3463.853271,3463.952881,3463.931885,6553.125977,7043.448242,7050.498535,7050.498535,7051.548828,7051.982422,7052.000977,7052.000977,7051.875977,7052.108887,7052.085449,7052.085449,7051.946289,7052.169922,7052.139648,7051.994629,7051.994629,7052.212891,7052.178223,7052.028809,7052.243652,7052.053223,7052.265625,7052.071289,7052.071289,7052.281738,7052.239746,7052.084473,7052.293945,7052.250488,7052.302734,7052.258789,7052.309082,7052.309082,7052.106934,7052.269531,7052.11084,7052.272949,7052.114258,7052.320801,7052.275391,7052.116699,7052.323242,7052.277344,7052.278809,7052.326172,7052.280273,7052.280273,7052.327148,7052.28125,7052.328125,7052.122559,7052.282715,7052.329102,7052.32959,7052.283203,7052.124023,7052.330078,7052.124023,7052.28418
V6pmu_ph,8,False,rad,_2248cb01-e4ac-573f-a813-5d675310820f,,-1.583684,-1.583509,-1.583509,-1.583677,-1.583684,-1.583509,-1.583677,-1.583509,-1.583677,-1.583677,-1.583509,-1.583509,-1.583677,-1.583509,-1.583677,-1.583684,-1.583509,-1.583677,-1.583677,-1.562663,-1.562611,-1.562475,-1.562602,-1.562462,-1.562595,-1.562452,-1.562588,-1.562434,-1.562431,-1.562426,-1.56257,-1.562423,-1.562569,-1.562569,-1.562569,-1.562568,-1.562422,-1.562569,-1.562568,-1.562421,-1.562567,-1.562569,-1.562569,-1.562567,-1.56242,-1.562567,-1.562569,-1.56242,-1.562567,-1.562569,-1.562567,-1.562569,-1.56242,-1.562569,-1.562567,-1.562569,-1.56242,-1.562567,-1.562567,-1.562569,-1.562567,-1.56257,-1.56257,-1.56242,-1.562567,-1.56257,-1.562419,-1.562419,-1.56257,-1.562419,-1.56257,-1.56257,-1.562419,-1.562567,-1.56257,-1.562419,-1.562567,-1.562567,-1.562419,-1.562567,-1.56257,-1.562419,-1.562567,-1.56257,-1.562419,-1.562567,-1.56257,-1.562419,-1.562571,-1.562419,-1.562567,-1.562567,-1.562571,-1.562419,-1.562571,-1.562571,-1.562567,-1.562419,-1.562567,-1.562567,-1.562567,-1.562571,-1.562567,-1.562571,-1.562419,-1.562567,-1.562419,-1.562567,-1.562419,-1.562567,-1.562567,-1.562567,-1.562572,-1.562572,-1.562419,-1.562567,-1.562572,-1.562419,-1.562567,-1.562572,-1.562419,-1.562572,-1.562419,-1.562567,-1.562567,-1.562567,-1.562572,-1.562567,-1.562572,-1.562418,-1.562567,-1.562572,-1.562418,-1.562567,-1.562567,-1.562418,-1.562567,-1.562572,-1.562418,-1.562567,-1.562572,-1.562418,-1.562572,-1.562572,-1.562418,-1.562418,-1.562567,-1.562572,-1.562418,-1.562418,-1.562418,-1.562567,-1.562572,-1.562418,-1.562567,-1.562572,-1.562572,-1.562418,-1.562567,-1.562572,-1.562572,-1.562418,-1.562567,-1.562572,-1.562572,-1.562418,-1.562568,-1.562572,-1.562418,-1.562568,-1.562568,-1.562572,-1.562418,-1.562567,-1.562567,-1.562572,-1.562418,-1.562568,-1.562568,-1.562572,-1.562418,-1.562568,-1.562568,-1.562572,-1.562568,-1.562568,-1.562572,-1.562418,-1.562568,-1.562568,-1.562572,-1.562418,-1.562568,-1.562568,-1.562572,-1.562418,-1.562567,-1.562572,-1.562572,-1.562418,-1.562568,-1.562572,-1.562418,-1.621487,-1.583043,-1.583345,-1.583345,-1.583599,-1.583626,-1.583458,-1.583458,-1.583631,-1.583643,-1.583472,-1.583472,-1.583643,-1.583654,-1.583481,-1.583652,-1.583652,-1.583661,-1.583488,-1.583658,-1.583667,-1.583663,-1.583671,-1.583666,-1.583666,-1.583674,-1.5835,-1.583669,-1.583677,-1.583502,-1.583678,-1.583504,-1.58368,-1.58368,-1.583673,-1.583506,-1.583674,-1.583507,-1.583675,-1.583682,-1.583507,-1.583675,-1.583683,-1.583508,-1.583508,-1.583683,-1.583508,-1.583508,-1.583683,-1.583508,-1.583683,-1.583676,-1.583509,-1.583684,-1.583684,-1.583509,-1.583676,-1.583684,-1.583676,-1.583509
V6pmu_mag,7,False,V,_2248cb01-e4ac-573f-a813-5d675310820f,,6869.093262,6869.045898,6869.045898,6868.893066,6869.093262,6869.045898,6868.893066,6869.045898,6868.893066,6868.893066,6869.045898,6869.045898,6868.893066,6869.045898,6868.893066,6869.093262,6869.045898,6868.893066,6868.893066,3345.558105,3345.306396,3345.344727,3345.246094,3345.294434,3345.200928,3345.256836,3345.237549,3345.191895,3345.180176,3345.165039,3345.082275,3345.153809,3345.077148,3345.175781,3345.175781,3345.075439,3345.150391,3345.172607,3345.073486,3345.148438,3345.072998,3345.170166,3345.170166,3345.072266,3345.146973,3345.072266,3345.168945,3345.146729,3345.072266,3345.168701,3345.072266,3345.168457,3345.146484,3345.168457,3345.072266,3345.168213,3345.14624,3345.072266,3345.072266,3345.168213,3345.07251,3345.167969,3345.167969,3345.14624,3345.07251,3345.167969,3345.14624,3345.14624,3345.167725,3345.14624,3345.167725,3345.167725,3345.14624,3345.072754,3345.16748,3345.14624,3345.072754,3345.072754,3345.14624,3345.072998,3345.16748,3345.14624,3345.072998,3345.16748,3345.14624,3345.073242,3345.16748,3345.14624,3345.167236,3345.14624,3345.073242,3345.073242,3345.167236,3345.14624,3345.167236,3345.167236,3345.073486,3345.14624,3345.073486,3345.073486,3345.073486,3345.166992,3345.07373,3345.166992,3345.146484,3345.07373,3345.146484,3345.07373,3345.146484,3345.073975,3345.073975,3345.073975,3345.166748,3345.166748,3345.146484,3345.073975,3345.166504,3345.146484,3345.073975,3345.166748,3345.146484,3345.166748,3345.146484,3345.074219,3345.074219,3345.074219,3345.166504,3345.074219,3345.166504,3345.146484,3345.074219,3345.166504,3345.146484,3345.074219,3345.074219,3345.146484,3345.074219,3345.166504,3345.146484,3345.074219,3345.166504,3345.146484,3345.166504,3345.166504,3345.146484,3345.146484,3345.074219,3345.166504,3345.146484,3345.146484,3345.146484,3345.074463,3345.166504,3345.146484,3345.074463,3345.166504,3345.166504,3345.146484,3345.074463,3345.166504,3345.166504,3345.146484,3345.074463,3345.166504,3345.166504,3345.146484,3345.074463,3345.16626,3345.146484,3345.074463,3345.074463,3345.166504,3345.146484,3345.074463,3345.074463,3345.16626,3345.146484,3345.074463,3345.074463,3345.16626,3345.146484,3345.074463,3345.074463,3345.16626,3345.074463,3345.074463,3345.166504,3345.146729,3345.074463,3345.074463,3345.166504,3345.146484,3345.074463,3345.074463,3345.16626,3345.146484,3345.074463,3345.16626,3345.16626,3345.146729,3345.074463,3345.16626,3345.146484,6343.165527,6854.325195,6865.970703,6865.970703,6867.842285,6868.441406,6868.513672,6868.513672,6868.427734,6868.680176,6868.677246,6868.677246,6868.563477,6868.79834,6868.781738,6868.655762,6868.655762,6868.880371,6868.854004,6868.720215,6868.9375,6868.766113,6868.978516,6868.798828,6868.798828,6869.007812,6868.96875,6868.822754,6869.029297,6868.987793,6869.04541,6869.002441,6869.057129,6869.057129,6868.863281,6869.020996,6868.870605,6869.027344,6868.875977,6869.077637,6869.031738,6868.879883,6869.081543,6869.035156,6869.037598,6869.086426,6869.039551,6869.039551,6869.087891,6869.041016,6869.089355,6868.889648,6869.043457,6869.091309,6869.091797,6869.044434,6868.891602,6869.092285,6868.89209,6869.044922
V8pmu_ph,8,False,rad,_7ee8d88c-1a83-5ce2-8056-333aa196ba71,,-1.571435,-1.571261,-1.571261,-1.571427,-1.571435,-1.571261,-1.571427,-1.571261,-1.571427,-1.571427,-1.571261,-1.571261,-1.571427,-1.571261,-1.571427,-1.571435,-1.571261,-1.571427,-1.571427,-1.566568,-1.566558,-1.566393,-1.566558,-1.566393,-1.566558,-1.566393,-1.566567,-1.566392,-1.566392,-1.566392,-1.566558,-1.566392,-1.566558,-1.566566,-1.566566,-1.566558,-1.566392,-1.566566,-1.566558,-1.566392,-1.566558,-1.566566,-1.566566,-1.566558,-1.566392,-1.566558,-1.566566,-1.566392,-1.566558,-1.566566,-1.566558,-1.566566,-1.566392,-1.566566,-1.566558,-1.566566,-1.566392,-1.566558,-1.566558,-1.566566,-1.566558,-1.566566,-1.566566,-1.566392,-1.566558,-1.566566,-1.566392,-1.566392,-1.566566,-1.566392,-1.566566,-1.566566,-1.566392,-1.566558,-1.566566,-1.566392,-1.566558,-1.566558,-1.566392,-1.566558,-1.566566,-1.566392,-1.566558,-1.566566,-1.566392,-1.566558,-1.566566,-1.566392,-1.566566,-1.566392,-1.566558,-1.566558,-1.566566,-1.566392,-1.566566,-1.566566,-1.566558,-1.566392,-1.566558,-1.566558,-1.566558,-1.566566,-1.566558,-1.566566,-1.566392,-1.566558,-1.566392,-1.566558,-1.566392,-1.566558,-1.566558,-1.566558,-1.566566,-1.566566,-1.566392,-1.566558,-1.566566,-1.566392,-1.566558,-1.566566,-1.566392,-1.566566,-1.566392,-1.566558,-1.566558,-1.566558,-1.566566,-1.566558,-1.566566,-1.566392,-1.566558,-1.566566,-1.566392,-1.566558,-1.566558,-1.566392,-1.566558,-1.566566,-1.566392,-1.566558,-1.566566,-1.566392,-1.566566,-1.566566,-1.566392,-1.566392,-1.566558,-1.566566,-1.566392,-1.566392,-1.566392,-1.566558,-1.566566,-1.566392,-1.566558,-1.566566,-1.566566,-1.566392,-1.566558,-1.566566,-1.566566,-1.566392,-1.566558,-1.566566,-1.566566,-1.566392,-1.566558,-1.566566,-1.566392,-1.566558,-1.566558,-1.566566,-1.566392,-1.566558,-1.566558,-1.566566,-1.566392,-1.566558,-1.566558,-1.566566,-1.566392,-1.566558,-1.566558,-1.566566,-1.566558,-1.566558,-1.566566,-1.566392,-1.566558,-1.566558,-1.566566,-1.566392,-1.566558,-1.566558,-1.566566,-1.566392,-1.566558,-1.566566,-1.566566,-1.566392,-1.566558,-1.566566,-1.566392,-1.573887,-1.571425,-1.571244,-1.571244,-1.571419,-1.571431,-1.571258,-1.571258,-1.571424,-1.571432,-1.571259,-1.571259,-1.571425,-1.571433,-1.571259,-1.571425,-1.571425,-1.571433,-1.57126,-1.571426,-1.571434,-1.571426,-1.571434,-1.571426,-1.571426,-1.571434,-1.571261,-1.571426,-1.571434,-1.571261,-1.571434,-1.571261,-1.571435,-1.571435,-1.571427,-1.571261,-1.571427,-1.571261,-1.571427,-1.571435,-1.571261,-1.571427,-1.571435,-1.571261,-1.571261,-1.571435,-1.571261,-1.571261,-1.571435,-1.571261,-1.571435,-1.571427,-1.571261,-1.571435,-1.571435,-1.571261,-1.571427,-1.571435,-1.571427,-1.571261
V8pmu_mag,7,False,V,_7ee8d88c-1a83-5ce2-8056-333aa196ba71,,7266.694824,7266.647949,7266.647949,7266.482422,7266.694824,7266.647949,7266.482422,7266.647949,7266.482422,7266.482422,7266.647949,7266.647949,7266.482422,7266.647949,7266.482422,7266.694824,7266.647949,7266.482422,7266.482422,6665.166016,6664.962402,6665.116211,6664.960449,6665.114746,6664.958984,6665.113281,6665.154785,6665.111328,6665.11084,6665.110352,6664.955566,6665.109863,6664.955078,6665.152344,6665.152344,6664.955078,6665.109863,6665.152344,6664.955078,6665.109863,6664.955078,6665.151855,6665.151855,6664.955078,6665.109375,6664.955078,6665.151855,6665.109375,6664.955078,6665.151855,6664.955078,6665.151855,6665.109375,6665.151367,6664.955078,6665.151855,6665.109375,6664.955078,6664.955078,6665.151367,6664.955078,6665.151367,6665.151367,6665.109375,6664.955078,6665.151855,6665.109375,6665.109375,6665.151367,6665.109375,6665.151367,6665.151367,6665.109375,6664.955078,6665.151367,6665.109375,6664.955078,6664.955078,6665.109375,6664.955078,6665.151367,6665.109375,6664.955078,6665.151367,6665.109375,6664.955078,6665.151367,6665.109375,6665.151367,6665.109375,6664.955078,6664.955078,6665.151367,6665.109375,6665.151367,6665.151367,6664.955078,6665.109375,6664.955078,6664.955078,6664.955078,6665.151367,6664.955078,6665.151367,6665.109375,6664.955078,6665.109375,6664.955078,6665.109375,6664.955078,6664.955078,6664.955078,6665.151367,6665.151367,6665.109375,6664.955078,6665.151367,6665.109375,6664.955078,6665.151367,6665.109375,6665.151367,6665.109375,6664.955078,6664.955078,6664.955078,6665.150879,6664.955078,6665.150879,6665.108887,6664.955078,6665.150879,6665.109375,6664.955078,6664.955078,6665.109375,6664.955078,6665.151367,6665.108887,6664.955078,6665.150879,6665.108887,6665.151367,6665.151367,6665.108887,6665.108887,6664.955078,6665.150879,6665.108887,6665.108887,6665.108887,6664.955078,6665.150879,6665.108887,6664.955078,6665.150879,6665.150879,6665.108887,6664.955078,6665.150879,6665.150879,6665.108887,6664.955078,6665.150879,6665.150879,6665.108887,6664.955078,6665.150879,6665.108887,6664.955078,6664.955078,6665.150879,6665.108887,6664.955078,6664.955078,6665.150879,6665.108887,6664.955078,6664.955078,6665.150879,6665.108887,6664.955078,6664.955078,6665.150879,6664.955078,6664.955078,6665.150879,6665.108887,6664.955078,6664.955078,6665.150879,6665.108887,6664.955078,6664.955078,6665.150879,6665.108887,6664.955078,6665.150879,6665.150879,6665.108887,6664.955078,6665.150879,6665.108887,7180.798828,7265.573242,7266.428223,7266.428223,7266.413574,7266.653809,7266.615234,7266.615234,7266.453125,7266.668945,7266.624512,7266.624512,7266.461426,7266.675781,7266.630859,7266.466797,7266.466797,7266.680176,7266.635254,7266.470703,7266.683594,7266.473145,7266.686523,7266.475586,7266.475586,7266.688477,7266.64209,7266.477051,7266.689453,7266.643555,7266.69043,7266.644531,7266.691406,7266.691406,7266.479492,7266.645508,7266.47998,7266.645996,7266.480469,7266.692871,7266.646484,7266.480957,7266.692871,7266.646484,7266.646973,7266.693359,7266.646973,7266.646973,7266.693359,7266.646973,7266.693848,7266.481445,7266.647461,7266.693848,7266.693848,7266.647461,7266.481445,7266.693848,7266.481445,7266.647461
I12_phasor_an,10,False,rad,_27843fdd-4c6e-5abb-a9d4-24f3d946f1a1,,-1.933735,-1.93355,-1.93355,-1.933745,-1.933735,-1.93355,-1.933745,-1.93355,-1.933745,-1.933745,-1.93355,-1.93355,-1.933745,-1.93355,-1.933745,-1.933735,-1.93355,-1.933745,-1.933745,-2.056481,-2.056477,-2.056283,-2.05647,-2.056277,-2.056465,-2.056273,-2.056444,-2.056266,-2.056264,-2.056263,-2.056452,-2.056261,-2.056451,-2.056437,-2.056437,-2.056451,-2.056261,-2.056437,-2.056451,-2.056261,-2.05645,-2.056437,-2.056437,-2.05645,-2.05626,-2.05645,-2.056436,-2.05626,-2.05645,-2.056436,-2.05645,-2.056436,-2.05626,-2.056436,-2.05645,-2.056436,-2.05626,-2.05645,-2.05645,-2.056436,-2.05645,-2.056436,-2.056436,-2.05626,-2.05645,-2.056436,-2.05626,-2.05626,-2.056436,-2.05626,-2.056436,-2.056436,-2.05626,-2.05645,-2.056436,-2.05626,-2.05645,-2.05645,-2.05626,-2.05645,-2.056436,-2.05626,-2.05645,-2.056436,-2.05626,-2.05645,-2.056436,-2.05626,-2.056436,-2.05626,-2.056449,-2.056449,-2.056436,-2.05626,-2.056436,-2.056436,-2.056449,-2.05626,-2.056449,-2.056449,-2.056449,-2.056436,-2.056449,-2.056436,-2.05626,-2.056449,-2.05626,-2.056449,-2.05626,-2.056449,-2.056449,-2.056449,-2.056436,-2.056436,-2.05626,-2.056449,-2.056436,-2.05626,-2.056449,-2.056436,-2.05626,-2.056435,-2.05626,-2.056449,-2.056449,-2.056449,-2.056435,-2.056449,-2.056436,-2.056259,-2.056449,-2.056435,-2.05626,-2.056449,-2.056449,-2.056259,-2.056449,-2.056435,-2.056259,-2.056449,-2.056435,-2.056259,-2.056435,-2.056435,-2.056259,-2.056259,-2.056449,-2.056435,-2.056259,-2.056259,-2.056259,-2.056449,-2.056435,-2.056259,-2.056449,-2.056435,-2.056435,-2.056259,-2.056449,-2.056435,-2.056435,-2.056259,-2.056449,-2.056435,-2.056435,-2.056259,-2.056449,-2.056435,-2.056259,-2.056449,-2.056449,-2.056435,-2.056259,-2.056449,-2.056449,-2.056435,-2.056259,-2.056449,-2.056449,-2.056435,-2.056259,-2.056449,-2.056449,-2.056435,-2.056449,-2.056449,-2.056435,-2.056259,-2.056449,-2.056449,-2.056435,-2.056259,-2.056449,-2.056449,-2.056435,-2.056259,-2.056449,-2.056435,-2.056435,-2.056259,-2.056449,-2.056435,-2.056259,-2.697802,-1.942791,-1.934402,-1.934402,-1.933154,-1.932961,-1.932796,-1.932796,-1.933042,-1.933084,-1.932949,-1.932949,-1.933191,-1.933223,-1.933078,-1.93331,-1.93331,-1.933334,-1.93318,-1.933405,-1.933421,-1.933479,-1.933489,-1.933536,-1.933536,-1.933542,-1.933372,-1.93358,-1.933583,-1.933409,-1.933614,-1.933438,-1.933638,-1.933638,-1.933661,-1.933477,-1.933677,-1.93349,-1.933689,-1.933682,-1.9335,-1.933698,-1.933691,-1.933508,-1.933514,-1.933702,-1.933519,-1.933519,-1.933707,-1.933523,-1.93371,-1.933722,-1.933528,-1.933714,-1.933716,-1.933532,-1.933727,-1.933717,-1.933728,-1.933534
I12_phasor_ma,9,False,A,_27843fdd-4c6e-5abb-a9d4-24f3d946f1a1,,338.538177,338.533447,338.533447,338.53125,338.538177,338.533447,338.53125,338.533447,338.53125,338.53125,338.533447,338.533447,338.53125,338.533447,338.53125,338.538177,338.533447,338.53125,338.53125,5780.493652,5780.416992,5780.430176,5780.419922,5780.432617,5780.422852,5780.435059,5780.511719,5780.438965,5780.439941,5780.440918,5780.430664,5780.441895,5780.431152,5780.515625,5780.515625,5780.431152,5780.441895,5780.516113,5780.431152,5780.441895,5780.431641,5780.516113,5780.516113,5780.431641,5780.442383,5780.431641,5780.516602,5780.442383,5780.431641,5780.516602,5780.431641,5780.516602,5780.442383,5780.516602,5780.431641,5780.516602,5780.442383,5780.431641,5780.431641,5780.516602,5780.431641,5780.516602,5780.516602,5780.442383,5780.431641,5780.516602,5780.442383,5780.442383,5780.516602,5780.442383,5780.516602,5780.516602,5780.442871,5780.431641,5780.516602,5780.442871,5780.431641,5780.431641,5780.442871,5780.432129,5780.516602,5780.442871,5780.432129,5780.516602,5780.442871,5780.432129,5780.516602,5780.442871,5780.516602,5780.442871,5780.432129,5780.432129,5780.51709,5780.442871,5780.51709,5780.51709,5780.432129,5780.442871,5780.432129,5780.432129,5780.432129,5780.51709,5780.432129,5780.51709,5780.442871,5780.432129,5780.442871,5780.432129,5780.442871,5780.432129,5780.432129,5780.432129,5780.51709,5780.51709,5780.442871,5780.432129,5780.51709,5780.442871,5780.432129,5780.51709,5780.442871,5780.51709,5780.442871,5780.432129,5780.432129,5780.432129,5780.51709,5780.432129,5780.51709,5780.442871,5780.432129,5780.51709,5780.442871,5780.432129,5780.432129,5780.443359,5780.432129,5780.51709,5780.443359,5780.432129,5780.51709,5780.443359,5780.51709,5780.51709,5780.442871,5780.442871,5780.432617,5780.51709,5780.443359,5780.443359,5780.443359,5780.432129,5780.51709,5780.443359,5780.432617,5780.51709,5780.51709,5780.443359,5780.432617,5780.51709,5780.51709,5780.443359,5780.432129,5780.51709,5780.51709,5780.443359,5780.432129,5780.51709,5780.443359,5780.432129,5780.432129,5780.51709,5780.443359,5780.432129,5780.432129,5780.51709,5780.443359,5780.432617,5780.432617,5780.51709,5780.443359,5780.432129,5780.432129,5780.51709,5780.432129,5780.432129,5780.51709,5780.443359,5780.432617,5780.432617,5780.51709,5780.443359,5780.432617,5780.432617,5780.51709,5780.443359,5780.432617,5780.51709,5780.51709,5780.443359,5780.432617,5780.51709,5780.443359,1772.270508,350.542023,340.682037,340.682037,339.058624,338.781036,338.711823,338.711823,338.68335,338.672241,338.652649,338.652649,338.637604,338.63324,338.618652,338.607788,338.607788,338.607025,338.595581,338.587402,338.588989,338.573181,338.576355,338.56311,338.56311,338.567352,338.560211,338.555847,338.560822,338.554352,338.55603,338.550018,338.55249,338.55249,338.543701,338.544373,338.541473,338.542511,338.539795,338.546234,338.541077,338.538483,338.545044,338.539978,338.539124,338.543365,338.538422,338.538422,338.542786,338.537872,338.542297,338.535095,338.537079,338.541595,338.541321,338.53653,338.534241,338.541107,338.534027,338.536133
I39_phasor_an,10,False,rad,_474c5e1e-bf6a-57f6-9587-580cf6b18994,,-1.577307,-1.577132,-1.577132,-1.577299,-1.577307,-1.577132,-1.577299,-1.577132,-1.577299,-1.577299,-1.577132,-1.577132,-1.577299,-1.577132,-1.577299,-1.577307,-1.577132,-1.577299,-1.577299,-2.059645,-2.059678,-2.059492,-2.059686,-2.059499,-2.059691,-2.059503,-2.059684,-2.05951,-2.059512,-2.059514,-2.059705,-2.059515,-2.059706,-2.059691,-2.059691,-2.059706,-2.059515,-2.059692,-2.059707,-2.059516,-2.059707,-2.059692,-2.059692,-2.059707,-2.059516,-2.059707,-2.059692,-2.059516,-2.059707,-2.059692,-2.059707,-2.059692,-2.059516,-2.059693,-2.059707,-2.059693,-2.059516,-2.059707,-2.059707,-2.059693,-2.059707,-2.059693,-2.059693,-2.059516,-2.059707,-2.059693,-2.059516,-2.059516,-2.059693,-2.059516,-2.059693,-2.059693,-2.059516,-2.059708,-2.059693,-2.059516,-2.059708,-2.059708,-2.059516,-2.059707,-2.059693,-2.059516,-2.059708,-2.059693,-2.059516,-2.059708,-2.059693,-2.059516,-2.059693,-2.059516,-2.059708,-2.059708,-2.059693,-2.059516,-2.059693,-2.059693,-2.059708,-2.059516,-2.059708,-2.059708,-2.059708,-2.059693,-2.059708,-2.059693,-2.059517,-2.059708,-2.059517,-2.059708,-2.059517,-2.059708,-2.059708,-2.059708,-2.059693,-2.059693,-2.059517,-2.059708,-2.059693,-2.059517,-2.059708,-2.059693,-2.059517,-2.059693,-2.059517,-2.059708,-2.059708,-2.059708,-2.059693,-2.059708,-2.059693,-2.059517,-2.059708,-2.059693,-2.059517,-2.059708,-2.059708,-2.059517,-2.059708,-2.059693,-2.059517,-2.059708,-2.059693,-2.059517,-2.059693,-2.059693,-2.059517,-2.059517,-2.059708,-2.059693,-2.059517,-2.059517,-2.059517,-2.059708,-2.059693,-2.059517,-2.059708,-2.059693,-2.059693,-2.059517,-2.059708,-2.059693,-2.059693,-2.059517,-2.059708,-2.059693,-2.059693,-2.059517,-2.059708,-2.059693,-2.059517,-2.059708,-2.059708,-2.059693,-2.059517,-2.059708,-2.059708,-2.059693,-2.059517,-2.059708,-2.059708,-2.059693,-2.059517,-2.059708,-2.059708,-2.059693,-2.059708,-2.059708,-2.059693,-2.059517,-2.059708,-2.059708,-2.059693,-2.059517,-2.059708,-2.059708,-2.059693,-2.059517,-2.059708,-2.059693,-2.059693,-2.059517,-2.059708,-2.059693,-2.059517,-2.984251,-1.58839,-1.578925,-1.578925,-1.577553,-1.577352,-1.577145,-1.577145,-1.577306,-1.577312,-1.577138,-1.577138,-1.577304,-1.577312,-1.577137,-1.577303,-1.577303,-1.577311,-1.577136,-1.577303,-1.57731,-1.577302,-1.577309,-1.577301,-1.577301,-1.577309,-1.577134,-1.577301,-1.577308,-1.577134,-1.577308,-1.577134,-1.577308,-1.577308,-1.5773,-1.577133,-1.5773,-1.577133,-1.5773,-1.577307,-1.577133,-1.5773,-1.577307,-1.577133,-1.577133,-1.577307,-1.577133,-1.577133,-1.577307,-1.577133,-1.577307,-1.577299,-1.577133,-1.577307,-1.577307,-1.577133,-1.577299,-1.577307,-1.577299,-1.577133
I39_phasor_ma,9,False,A,_474c5e1e-bf6a-57f6-9587-580cf6b18994,,42.204758,42.204479,42.204479,42.203526,42.204758,42.204479,42.203526,42.204479,42.203526,42.203526,42.204479,42.204479,42.203526,42.204479,42.203526,42.204758,42.204479,42.203526,42.203526,5561.491211,5561.401855,5561.40918,5561.398438,5561.40625,5561.395508,5561.403809,5561.473145,5561.399902,5561.398926,5561.397949,5561.387695,5561.396973,5561.387207,5561.469238,5561.469238,5561.387207,5561.396973,5561.46875,5561.387207,5561.396484,5561.387207,5561.468262,5561.468262,5561.386719,5561.396484,5561.386719,5561.468262,5561.396484,5561.386719,5561.468262,5561.386719,5561.468262,5561.396484,5561.468262,5561.386719,5561.468262,5561.396484,5561.386719,5561.386719,5561.468262,5561.386719,5561.468262,5561.468262,5561.396484,5561.386719,5561.468262,5561.395996,5561.395996,5561.468262,5561.396484,5561.468262,5561.468262,5561.395996,5561.386719,5561.468262,5561.395996,5561.386719,5561.386719,5561.395996,5561.386719,5561.468262,5561.395996,5561.386719,5561.468262,5561.395996,5561.386719,5561.468262,5561.395996,5561.468262,5561.395996,5561.386719,5561.386719,5561.468262,5561.395996,5561.467773,5561.467773,5561.38623,5561.395996,5561.38623,5561.38623,5561.38623,5561.467773,5561.38623,5561.467773,5561.395996,5561.38623,5561.395996,5561.38623,5561.395996,5561.38623,5561.38623,5561.38623,5561.467773,5561.467773,5561.395996,5561.38623,5561.467773,5561.395996,5561.38623,5561.467773,5561.395996,5561.467773,5561.395996,5561.38623,5561.38623,5561.38623,5561.467773,5561.38623,5561.467773,5561.395996,5561.38623,5561.467773,5561.395996,5561.38623,5561.38623,5561.395996,5561.38623,5561.467773,5561.395996,5561.38623,5561.467773,5561.395996,5561.467773,5561.467773,5561.395996,5561.395996,5561.38623,5561.467773,5561.395996,5561.395996,5561.395996,5561.38623,5561.467773,5561.395996,5561.38623,5561.467773,5561.467773,5561.395996,5561.38623,5561.467773,5561.467773,5561.395996,5561.38623,5561.467773,5561.467773,5561.395996,5561.38623,5561.467773,5561.395996,5561.38623,5561.38623,5561.467773,5561.395996,5561.38623,5561.38623,5561.467773,5561.395508,5561.38623,5561.38623,5561.467773,5561.395508,5561.38623,5561.38623,5561.467773,5561.38623,5561.38623,5561.467773,5561.395996,5561.38623,5561.38623,5561.467773,5561.395508,5561.38623,5561.38623,5561.467773,5561.395996,5561.38623,5561.467773,5561.467773,5561.395996,5561.38623,5561.467773,5561.395508,1561.865845,44.321087,42.522793,42.522793,42.250881,42.211124,42.204659,42.204659,42.202831,42.203991,42.203758,42.203758,42.202869,42.204159,42.203934,42.20303,42.20303,42.204304,42.204063,42.203148,42.204414,42.203239,42.204494,42.203308,42.203308,42.204556,42.204292,42.203358,42.204601,42.204334,42.204639,42.204369,42.204666,42.204666,42.203445,42.204411,42.203465,42.204426,42.203476,42.204712,42.204433,42.203487,42.20472,42.204445,42.204449,42.204735,42.204453,42.204453,42.204739,42.20446,42.204742,42.20351,42.204464,42.204746,42.204746,42.204468,42.203514,42.204746,42.203518,42.204468
I56_phasor_an,10,False,rad,_ad9f201a-d517-5acd-8fef-6402b5b9c56b,,-1.918684,-1.918499,-1.918499,-1.918694,-1.918684,-1.918499,-1.918694,-1.918499,-1.918694,-1.918694,-1.918499,-1.918499,-1.918694,-1.918499,-1.918694,-1.918684,-1.918499,-1.918694,-1.918694,-1.899582,-1.89843,-1.897963,-1.897996,-1.897607,-1.897682,-1.897349,-1.897233,-1.896923,-1.896849,-1.896754,-1.896898,-1.896688,-1.896865,-1.896851,-1.896851,-1.896855,-1.896669,-1.896836,-1.896844,-1.89666,-1.896841,-1.896828,-1.896828,-1.896837,-1.896655,-1.896837,-1.896827,-1.896655,-1.896837,-1.896828,-1.896838,-1.896829,-1.896656,-1.896829,-1.896839,-1.89683,-1.896657,-1.89684,-1.89684,-1.896831,-1.896841,-1.896832,-1.896832,-1.896659,-1.896842,-1.896833,-1.896659,-1.896659,-1.896834,-1.89666,-1.896835,-1.896835,-1.896661,-1.896845,-1.896836,-1.896662,-1.896846,-1.896846,-1.896663,-1.896847,-1.896838,-1.896664,-1.896847,-1.896839,-1.896665,-1.896848,-1.89684,-1.896665,-1.896841,-1.896666,-1.89685,-1.89685,-1.896842,-1.896667,-1.896843,-1.896843,-1.896851,-1.896668,-1.896852,-1.896852,-1.896853,-1.896846,-1.896855,-1.896847,-1.896671,-1.896855,-1.896672,-1.896856,-1.896673,-1.896857,-1.896857,-1.896857,-1.896851,-1.896851,-1.896675,-1.896858,-1.896851,-1.896675,-1.896859,-1.896852,-1.896675,-1.896852,-1.896676,-1.89686,-1.89686,-1.89686,-1.896853,-1.89686,-1.896853,-1.896677,-1.896861,-1.896854,-1.896677,-1.896861,-1.896862,-1.896678,-1.896862,-1.896855,-1.896678,-1.896862,-1.896855,-1.896679,-1.896856,-1.896856,-1.896679,-1.896679,-1.896863,-1.896856,-1.896679,-1.896679,-1.89668,-1.896864,-1.896857,-1.89668,-1.896864,-1.896857,-1.896857,-1.896681,-1.896865,-1.896858,-1.896858,-1.896681,-1.896865,-1.896858,-1.896858,-1.896681,-1.896865,-1.896858,-1.896682,-1.896865,-1.896865,-1.896858,-1.896682,-1.896865,-1.896865,-1.896859,-1.896682,-1.896866,-1.896866,-1.896859,-1.896682,-1.896866,-1.896866,-1.896859,-1.896866,-1.896866,-1.896859,-1.896682,-1.896866,-1.896866,-1.896859,-1.896683,-1.896866,-1.896866,-1.89686,-1.896683,-1.896867,-1.89686,-1.89686,-1.896683,-1.896867,-1.89686,-1.896683,-1.861826,-1.927086,-1.919001,-1.919001,-1.917639,-1.917436,-1.917297,-1.917297,-1.917578,-1.917654,-1.91755,-1.91755,-1.917823,-1.917886,-1.917767,-1.918025,-1.918025,-1.918073,-1.917941,-1.918186,-1.918222,-1.918313,-1.918339,-1.918411,-1.918411,-1.918429,-1.918268,-1.918487,-1.918498,-1.918332,-1.918551,-1.91838,-1.918591,-1.918591,-1.918622,-1.918445,-1.918647,-1.918465,-1.918666,-1.918662,-1.918481,-1.91868,-1.918674,-1.918492,-1.918501,-1.918691,-1.918507,-1.918507,-1.918696,-1.918512,-1.918699,-1.918711,-1.918517,-1.918703,-1.918704,-1.918519,-1.918714,-1.918705,-1.918715,-1.918519
I56_phasor_ma,9,False,A,_ad9f201a-d517-5acd-8fef-6402b5b9c56b,,118.344902,118.343254,118.343254,118.342407,118.344902,118.343254,118.342407,118.343254,118.342407,118.342407,118.343254,118.343254,118.342407,118.343254,118.342407,118.344902,118.343254,118.342407,118.342407,76.49437,76.524849,76.53598,76.538307,76.546921,76.548447,76.555145,76.565132,76.569313,76.571846,76.575089,76.575325,76.577347,76.576469,76.57811,76.57811,76.576813,76.57798,76.578606,76.577209,76.578278,76.577309,76.578873,76.578873,76.577415,76.5784,76.577408,76.57888,76.578384,76.577393,76.578857,76.57737,76.578835,76.578331,76.578796,76.577301,76.578766,76.578255,76.577271,76.577271,76.578728,76.577225,76.57869,76.57869,76.578178,76.577187,76.578651,76.57814,76.57814,76.578606,76.578102,76.578568,76.578568,76.578064,76.577072,76.578529,76.578026,76.577034,76.577034,76.577988,76.577003,76.578461,76.57795,76.576965,76.578423,76.577919,76.576935,76.578384,76.577881,76.578354,76.57785,76.576866,76.576866,76.578323,76.57782,76.578293,76.578293,76.576805,76.577759,76.576775,76.576775,76.576744,76.578178,76.576668,76.578125,76.577621,76.576645,76.577599,76.576599,76.577553,76.576576,76.576553,76.576553,76.577995,76.577995,76.577492,76.576515,76.577972,76.577469,76.576492,76.577957,76.577454,76.577934,76.577438,76.576454,76.576454,76.576439,76.577904,76.576424,76.577888,76.577385,76.576408,76.577873,76.57737,76.576393,76.576378,76.577339,76.576363,76.577827,76.577324,76.576347,76.577812,76.577316,76.577805,76.577805,76.577301,76.577301,76.576324,76.577789,76.577286,76.577286,76.577263,76.576271,76.577744,76.577248,76.576263,76.577736,76.577736,76.577232,76.576256,76.577721,76.577721,76.577225,76.576241,76.577713,76.577713,76.577217,76.576233,76.577705,76.577202,76.576225,76.576225,76.577698,76.577194,76.576218,76.576218,76.57769,76.577187,76.57621,76.57621,76.577682,76.577179,76.576202,76.576202,76.577675,76.576187,76.576187,76.577667,76.577164,76.57618,76.57618,76.57766,76.577156,76.576172,76.576172,76.577652,76.577148,76.576164,76.577644,76.577644,76.577141,76.576157,76.577637,76.577133,132.85527,123.57238,119.368851,119.368851,118.626015,118.487381,118.449661,118.449661,118.432327,118.423042,118.411667,118.411667,118.402473,118.397705,118.389771,118.383453,118.383453,118.381142,118.375305,118.370789,118.370041,118.362198,118.362465,118.356262,118.356262,118.357201,118.354179,118.352104,118.353493,118.350861,118.350845,118.348488,118.34893,118.34893,118.345459,118.345505,118.34433,118.344589,118.343498,118.345764,118.343918,118.342888,118.345215,118.343422,118.343056,118.344521,118.342789,118.342789,118.344307,118.342606,118.344154,118.341591,118.342377,118.343987,118.343941,118.342278,118.341431,118.343918,118.341415,118.342255
